Company Name,Industry,Country,Year,Company Size,Funding Status,Total Funding Raised (USD Million),Revenue Trend,Hiring Status,Profit/Loss Indicator,Business Growth Rate (%),Layoff Count,Percentage of Workforce Laid Off,Employee Count after Layoff,Layoff Risk Label
DeltaDynamics P,Consumer Goods,United States,2023,2832,Public/Post-IPO,400.9,Increasing,Active Hiring,Profit,7.25,497,17.55,2335,Low
HorizonFoods X,Healthcare,China,2023,1626,Bootstrapped,0.0,Increasing,Selective Hiring,Loss,-3.24,167,10.29,1459,Low
IroncladHoldings X,Media & Entertainment,Germany,2024,4637,Public/Post-IPO,3665.2,Decreasing,Selective Hiring,Loss,-14.0,1087,23.44,3550,Medium
CascadeRobotics N,Media & Entertainment,Netherlands,2023,979,Bootstrapped,0.0,Increasing,Active Hiring,Loss,-18.16,55,5.62,924,Medium
SolaceTechnologies,Media & Entertainment,Sweden,2023,1097,Funded,45.8,Decreasing,Selective Hiring,Loss,10.34,460,41.9,637,Medium
IroncladHealth,Crypto/Web3,United Kingdom,2026,7621,Bootstrapped,0.0,Increasing,Hiring Freeze,Profit,-8.28,793,10.41,6828,Low
CrescentHealth Z,Aerospace,United Kingdom,2026,2202,Public/Post-IPO,1886.0,Increasing,Selective Hiring,Loss,36.34,558,25.32,1644,Medium
FusionDynamics X,Hardware,United Kingdom,2026,6566,Bootstrapped,0.0,Increasing,Selective Hiring,Profit,28.39,215,3.27,6351,Low
EmberSoftware T,Hardware,Israel,2023,8226,Bootstrapped,0.0,Stable,Active Hiring,Profit,24.99,708,8.61,7518,Low
NovaSystems E,Automotive,Poland,2023,2637,Public/Post-IPO,70.6,Decreasing,Active Hiring,Loss,-5.25,1206,45.74,1431,High
DriftHoldings Z,Automotive,United Kingdom,2023,7701,Funded,8.2,Decreasing,Hiring Freeze,Loss,-16.92,3508,45.55,4193,Medium
HarborHoldings S,Real Estate,Brazil,2023,9018,Funded,6.1,Decreasing,Hiring Freeze,Loss,3.71,6252,69.33,2766,High
CascadeHoldings L,Media & Entertainment,Poland,2026,5450,Funded,7.4,Stable,Hiring Freeze,Loss,16.68,2080,38.17,3370,Medium
TerraMotors,Manufacturing,United States,2022,4437,Bootstrapped,0.0,Stable,Selective Hiring,Loss,-27.01,1250,28.18,3187,Medium
OrbitWorks,Biotech,France,2022,8913,Bootstrapped,0.0,Stable,Selective Hiring,Loss,-10.66,1854,20.8,7059,High
DriftGroup B,Healthcare,United States,2024,8929,Funded,41.4,Decreasing,Selective Hiring,Loss,5.1,1945,21.78,6984,Medium
SolaceLogistics,Automotive,Netherlands,2025,2429,Funded,68.0,Increasing,Active Hiring,Profit,31.58,150,6.17,2279,Low
VertexHealth,Energy,India,2024,1114,Public/Post-IPO,6.5,Increasing,Selective Hiring,Profit,17.64,109,9.79,1005,Low
DeltaMedia Q,Biotech,United States,2026,1556,Bootstrapped,0.0,Decreasing,Hiring Freeze,Loss,16.27,629,40.45,927,High
LumenLabs,Energy,United States,2023,3499,Bootstrapped,0.0,Stable,Active Hiring,Loss,-32.93,2098,59.95,1401,Medium
RidgeHoldings,Manufacturing,United States,2023,3988,Public/Post-IPO,2613.6,Decreasing,Active Hiring,Loss,-3.52,1217,30.51,2771,Medium
MeridianLogistics,Retail,United States,2024,8694,Bootstrapped,0.0,Increasing,Hiring Freeze,Loss,-3.16,3501,40.27,5193,High
WaveAero,Logistics,United States,2022,1128,Bootstrapped,0.0,Increasing,Hiring Freeze,Loss,24.44,69,6.08,1059,Low
CircuitEnergy Y,Telecommunications,Australia,2024,5736,Funded,13.1,Decreasing,Hiring Freeze,Profit,27.11,255,4.45,5481,Low
TerraHoldings N,Consumer Goods,United States,2023,8086,Bootstrapped,0.0,Decreasing,Selective Hiring,Loss,4.04,395,4.88,7691,High
IroncladNetworks S,Finance,India,2025,5106,Funded,10.5,Decreasing,Hiring Freeze,Profit,20.0,1364,26.71,3742,Medium
TerraLogistics,Real Estate,Netherlands,2022,5460,Funded,20.2,Increasing,Active Hiring,Profit,34.12,471,8.63,4989,Low
NovaWorks,Technology,United States,2022,1704,Public/Post-IPO,1242.7,Stable,Selective Hiring,Profit,32.67,318,18.67,1386,Low
PioneerCapital,Automotive,United Kingdom,2025,9787,Bootstrapped,0.0,Increasing,Active Hiring,Profit,-6.43,362,3.7,9425,Low
QuantumTechnologies G,Finance,United States,2024,565,Bootstrapped,0.0,Increasing,Selective Hiring,Profit,-5.29,58,10.24,507,Low
GraniteBio,Crypto/Web3,United States,2025,395,Public/Post-IPO,21.5,Decreasing,Active Hiring,Profit,-18.69,71,18.06,324,Medium
JasperCapital Z,Energy,Australia,2026,1643,Public/Post-IPO,491.6,Decreasing,Active Hiring,Loss,1.45,175,10.66,1468,Medium
CobaltFoods H,Finance,United Kingdom,2023,2198,Public/Post-IPO,469.4,Increasing,Hiring Freeze,Profit,-15.97,802,36.48,1396,High
PioneerBio W,Retail,United States,2025,4253,Bootstrapped,0.0,Increasing,Hiring Freeze,Loss,7.97,234,5.51,4019,Low
DeltaTechnologies R,Telecommunications,United Kingdom,2023,5829,Bootstrapped,0.0,Increasing,Hiring Freeze,Profit,-7.66,698,11.98,5131,Low
DriftAero G,Education,United States,2026,5492,Bootstrapped,0.0,Increasing,Hiring Freeze,Profit,5.41,1185,21.58,4307,Low
PioneerVentures T,Retail,Germany,2025,9944,Funded,217.7,Increasing,Active Hiring,Profit,11.75,381,3.83,9563,Low
TundraEnergy R,Crypto/Web3,United Kingdom,2022,7708,Bootstrapped,0.0,Decreasing,Active Hiring,Loss,-24.9,4214,54.67,3494,High
QuantumDigital,Energy,Poland,2023,4045,Bootstrapped,0.0,Increasing,Active Hiring,Profit,16.44,629,15.54,3416,Low
JasperMedia U,Aerospace,Japan,2025,8226,Public/Post-IPO,188.8,Increasing,Hiring Freeze,Profit,6.21,658,8.0,7568,Low
MeridianDynamics A,Manufacturing,United States,2022,3775,Bootstrapped,0.0,Decreasing,Selective Hiring,Profit,-23.18,1173,31.07,2602,High
NimbusHoldings M,Healthcare,Germany,2024,3518,Funded,33.4,Decreasing,Active Hiring,Loss,10.64,355,10.08,3163,Low
CatalystBio,Technology,India,2023,1827,Funded,61.5,Increasing,Active Hiring,Profit,26.82,245,13.43,1582,Low
CascadeDynamics O,Aerospace,India,2024,645,Bootstrapped,0.0,Increasing,Selective Hiring,Profit,33.1,96,14.87,549,Low
BrightLogistics,Education,United States,2023,1697,Funded,156.9,Stable,Active Hiring,Profit,16.23,168,9.91,1529,Low
EmberRetail,Consumer Goods,India,2022,7642,Bootstrapped,0.0,Decreasing,Hiring Freeze,Loss,-17.54,828,10.83,6814,High
ClarityMotors,Energy,Sweden,2023,2941,Bootstrapped,0.0,Decreasing,Selective Hiring,Profit,-7.33,1515,51.5,1426,High
BrightGroup,Hospitality,France,2022,9657,Funded,29.1,Decreasing,Selective Hiring,Profit,-12.87,1355,14.03,8302,Low
ForgeLogistics G,Healthcare,United States,2025,3577,Public/Post-IPO,368.1,Increasing,Active Hiring,Profit,11.35,218,6.1,3359,Low
OrbitSoftware W,Crypto/Web3,Germany,2023,5469,Public/Post-IPO,149.6,Decreasing,Selective Hiring,Loss,15.69,1284,23.47,4185,High
VantageSystems A,Retail,United Kingdom,2025,4861,Funded,3.6,Increasing,Selective Hiring,Profit,40.8,240,4.94,4621,Low
HorizonVentures O,Aerospace,Canada,2024,2351,Public/Post-IPO,385.2,Increasing,Hiring Freeze,Loss,17.34,556,23.63,1795,Low
OrbitDigital W,Aerospace,India,2024,5013,Public/Post-IPO,257.0,Increasing,Selective Hiring,Profit,28.2,311,6.21,4702,Low
BrightDynamics X,Real Estate,United States,2024,9958,Funded,9.7,Increasing,Hiring Freeze,Profit,15.73,1277,12.82,8681,High
TundraLogistics L,Biotech,Canada,2023,331,Bootstrapped,0.0,Stable,Selective Hiring,Loss,-10.49,183,55.37,148,High
CobaltSystems M,Consumer Goods,Israel,2022,4546,Funded,6.7,Decreasing,Active Hiring,Loss,37.62,3571,78.56,975,High
DriftAnalytics,Healthcare,Germany,2023,8591,Funded,29.2,Increasing,Selective Hiring,Profit,-4.17,183,2.13,8408,Low
FusionHoldings,Crypto/Web3,Israel,2022,6641,Funded,5.4,Stable,Active Hiring,Loss,17.75,3348,50.41,3293,Medium
HarborMotors,Logistics,Netherlands,2023,5928,Funded,19.3,Stable,Active Hiring,Loss,-17.23,2942,49.63,2986,High
EmberVentures H,Real Estate,United States,2025,8623,Public/Post-IPO,7.6,Stable,Hiring Freeze,Profit,-24.05,5351,62.05,3272,High
ZenithBio D,Logistics,United States,2023,6631,Funded,44.0,Increasing,Hiring Freeze,Profit,32.89,1910,28.8,4721,Low
LumenTechnologies I,Consumer Goods,India,2022,812,Public/Post-IPO,105.3,Increasing,Selective Hiring,Loss,7.37,262,32.32,550,Medium
PioneerSoftware T,Manufacturing,Germany,2026,6209,Public/Post-IPO,11.5,Stable,Hiring Freeze,Loss,0.5,2885,46.46,3324,High
WaveAero N,Aerospace,United States,2023,2838,Bootstrapped,0.0,Stable,Hiring Freeze,Profit,19.41,1044,36.77,1794,Low
CatalystVentures P,Healthcare,United Kingdom,2024,8703,Funded,21.2,Increasing,Selective Hiring,Loss,-3.1,488,5.61,8215,Low
PioneerLabs,Real Estate,Canada,2023,9404,Bootstrapped,0.0,Increasing,Active Hiring,Profit,0.22,2747,29.21,6657,Low
ClarityEnergy,Healthcare,United States,2022,4952,Funded,0.0,Stable,Hiring Freeze,Profit,8.13,1223,24.69,3729,Low
VantageDigital V,Energy,Germany,2024,9880,Bootstrapped,0.0,Increasing,Selective Hiring,Loss,10.93,270,2.73,9610,Low
DriftBio X,Technology,United States,2026,9297,Bootstrapped,0.0,Decreasing,Hiring Freeze,Profit,-4.71,803,8.64,8494,High
KeystoneRobotics S,Education,United States,2025,2905,Funded,99.2,Increasing,Active Hiring,Profit,-25.99,385,13.24,2520,Low
EmberSolutions,Hospitality,Germany,2026,3803,Funded,63.1,Decreasing,Active Hiring,Loss,4.25,553,14.54,3250,Low
CascadeLogistics Y,Retail,United States,2023,7280,Bootstrapped,0.0,Increasing,Hiring Freeze,Profit,6.13,309,4.25,6971,Low
SummitRetail Q,Retail,United States,2026,9872,Bootstrapped,0.0,Stable,Active Hiring,Loss,-35.3,8500,86.1,1372,High
BeaconEnergy S,Real Estate,Germany,2023,4587,Funded,42.9,Increasing,Hiring Freeze,Loss,-1.78,969,21.13,3618,Medium
AnchorHealth P,Hardware,India,2022,5189,Public/Post-IPO,129.8,Stable,Hiring Freeze,Profit,15.99,361,6.95,4828,Medium
DriftAnalytics,Automotive,Sweden,2023,216,Funded,73.4,Increasing,Selective Hiring,Loss,7.53,54,24.86,162,Low
SolaceTechnologies W,Telecommunications,Singapore,2022,2182,Bootstrapped,0.0,Increasing,Selective Hiring,Profit,15.64,496,22.72,1686,Medium
BeaconAero V,Technology,United States,2024,8819,Funded,94.5,Stable,Hiring Freeze,Profit,30.01,4225,47.91,4594,Medium
KeystoneMedia M,Logistics,Canada,2025,5717,Public/Post-IPO,8.1,Stable,Hiring Freeze,Loss,2.06,834,14.58,4883,Low
EmberEnergy N,Retail,United States,2023,4479,Bootstrapped,0.0,Decreasing,Active Hiring,Loss,19.47,1232,27.5,3247,High
StellarGroup T,Biotech,France,2022,2185,Bootstrapped,0.0,Increasing,Hiring Freeze,Profit,-3.04,442,20.25,1743,Medium
TerraBio K,Biotech,Germany,2023,1953,Bootstrapped,0.0,Decreasing,Hiring Freeze,Loss,14.26,756,38.73,1197,High
HarborSoftware T,Manufacturing,United States,2024,105,Bootstrapped,0.0,Decreasing,Selective Hiring,Profit,0.96,35,33.38,70,Medium
NovaMedia,Healthcare,Israel,2022,3358,Bootstrapped,0.0,Increasing,Selective Hiring,Profit,0.79,263,7.82,3095,Low
HarborRetail N,Hospitality,United States,2022,7747,Public/Post-IPO,387.2,Increasing,Selective Hiring,Profit,6.39,1030,13.29,6717,Low
MeridianBio O,Consumer Goods,United Kingdom,2022,2049,Bootstrapped,0.0,Decreasing,Active Hiring,Loss,-18.27,285,13.92,1764,Low
WaveHealth Y,Biotech,France,2025,1055,Funded,14.7,Increasing,Selective Hiring,Loss,10.22,157,14.88,898,Low
CrescentSoftware D,Education,Israel,2026,397,Public/Post-IPO,54.1,Stable,Hiring Freeze,Profit,-17.89,108,27.24,289,Low
RidgeEnergy,Hardware,United States,2023,3268,Public/Post-IPO,1050.2,Stable,Hiring Freeze,Loss,31.36,1468,44.93,1800,High
JasperMedia B,Retail,China,2023,1091,Funded,55.0,Increasing,Active Hiring,Profit,13.01,75,6.89,1016,Low
OrbitDigital J,Education,Brazil,2026,3136,Public/Post-IPO,238.4,Decreasing,Selective Hiring,Loss,-30.78,1195,38.09,1941,High
CrescentSoftware,Manufacturing,United States,2023,9811,Bootstrapped,0.0,Stable,Hiring Freeze,Loss,-5.73,6304,64.25,3507,High
DriftCapital B,Automotive,Australia,2025,7344,Public/Post-IPO,340.3,Decreasing,Selective Hiring,Loss,-37.66,6184,84.21,1160,High
NimbusIndustries,Education,Canada,2024,3338,Bootstrapped,0.0,Decreasing,Hiring Freeze,Profit,-32.75,1357,40.66,1981,Low
DriftFoods,Retail,United States,2026,5352,Funded,12.1,Decreasing,Hiring Freeze,Loss,-10.69,1649,30.81,3703,High
DriftBio X,Finance,Canada,2022,3406,Bootstrapped,0.0,Increasing,Active Hiring,Profit,5.69,333,9.78,3073,Low
KeystoneHoldings,Education,Germany,2022,2868,Funded,51.3,Increasing,Active Hiring,Profit,26.29,92,3.22,2776,Low
GraniteMotors,Education,Brazil,2024,4743,Bootstrapped,0.0,Stable,Active Hiring,Profit,36.84,190,4.01,4553,Low
DeltaHealth K,Biotech,United Kingdom,2024,1394,Public/Post-IPO,520.0,Stable,Active Hiring,Profit,1.89,292,20.94,1102,Low
GlacierSoftware Q,Healthcare,United States,2026,5979,Funded,23.2,Stable,Hiring Freeze,Profit,-23.44,538,8.99,5441,High
CircuitAnalytics O,Telecommunications,Canada,2023,4188,Funded,3.5,Increasing,Selective Hiring,Loss,18.88,605,14.44,3583,Low
KeystoneSoftware H,Crypto/Web3,Israel,2022,6885,Public/Post-IPO,59.0,Increasing,Selective Hiring,Loss,23.38,2549,37.02,4336,Low
EchoTechnologies L,Hardware,Netherlands,2025,3432,Bootstrapped,0.0,Decreasing,Active Hiring,Loss,3.64,473,13.77,2959,Low
CircuitLabs N,Logistics,United Kingdom,2026,843,Bootstrapped,0.0,Increasing,Hiring Freeze,Profit,12.91,49,5.82,794,Low
IroncladTechnologies M,Hardware,India,2022,1953,Bootstrapped,0.0,Stable,Hiring Freeze,Loss,0.07,202,10.36,1751,Medium
CascadeRetail J,Hospitality,India,2023,7862,Funded,8.4,Stable,Active Hiring,Profit,-26.93,741,9.42,7121,Low
SolaceMotors G,Real Estate,Poland,2023,1287,Public/Post-IPO,163.1,Increasing,Selective Hiring,Profit,-0.17,235,18.28,1052,Medium
BeaconGroup H,Healthcare,Canada,2026,6383,Public/Post-IPO,22.0,Decreasing,Selective Hiring,Loss,-19.9,2601,40.75,3782,Medium
FusionDigital,Education,India,2023,6165,Public/Post-IPO,259.8,Increasing,Selective Hiring,Loss,33.23,288,4.67,5877,Low
EchoTechnologies S,Manufacturing,United Kingdom,2024,6979,Funded,12.9,Decreasing,Active Hiring,Profit,-11.8,1472,21.09,5507,Low
HarborRetail G,Aerospace,United States,2023,7729,Public/Post-IPO,3818.7,Decreasing,Active Hiring,Profit,-27.0,1769,22.89,5960,Medium
ApexBio,Telecommunications,Netherlands,2023,6246,Public/Post-IPO,35.6,Increasing,Selective Hiring,Profit,-8.0,1256,20.11,4990,Low
NimbusIndustries,Retail,Israel,2023,1916,Funded,19.2,Stable,Hiring Freeze,Profit,18.97,1184,61.78,732,Medium
VantageAnalytics N,Energy,Israel,2023,4362,Funded,87.7,Increasing,Active Hiring,Profit,-7.5,1000,22.92,3362,Low
ClarityFoods Z,Telecommunications,France,2022,5945,Funded,14.8,Increasing,Active Hiring,Profit,2.26,1548,26.04,4397,Low
LumenAnalytics L,Logistics,United States,2025,8040,Funded,14.9,Increasing,Hiring Freeze,Profit,27.16,978,12.16,7062,Low
HorizonIndustries,Hospitality,Brazil,2024,9944,Public/Post-IPO,16.7,Decreasing,Selective Hiring,Loss,5.84,3767,37.88,6177,Medium
MeridianMedia H,Education,United Kingdom,2022,2253,Bootstrapped,0.0,Decreasing,Active Hiring,Profit,23.49,153,6.81,2100,Low
HarborIndustries F,Telecommunications,China,2022,7111,Public/Post-IPO,225.8,Decreasing,Selective Hiring,Loss,-26.87,3382,47.56,3729,High
SummitSolutions Q,Education,China,2026,2630,Bootstrapped,0.0,Stable,Selective Hiring,Profit,29.78,467,17.77,2163,Low
JasperBio X,Automotive,Brazil,2023,1711,Public/Post-IPO,284.3,Decreasing,Hiring Freeze,Profit,-7.19,1175,68.7,536,Medium
RidgeNetworks,Education,India,2022,8482,Public/Post-IPO,389.6,Stable,Hiring Freeze,Profit,-6.07,3366,39.68,5116,Medium
CascadeLogistics J,Energy,Israel,2024,1166,Bootstrapped,0.0,Increasing,Active Hiring,Profit,3.44,224,19.22,942,Low
CrescentMedia M,Hospitality,Australia,2023,6050,Bootstrapped,0.0,Increasing,Hiring Freeze,Profit,1.25,499,8.25,5551,High
CircuitRobotics D,Logistics,Sweden,2023,8262,Public/Post-IPO,800.5,Increasing,Active Hiring,Profit,15.81,758,9.18,7504,Low
EchoSystems,Aerospace,India,2022,3893,Bootstrapped,0.0,Increasing,Hiring Freeze,Loss,30.5,1280,32.88,2613,High
JasperMedia,Automotive,United Kingdom,2022,9690,Public/Post-IPO,132.4,Stable,Hiring Freeze,Profit,10.22,4320,44.58,5370,High
GlacierDynamics,Finance,Germany,2026,1695,Bootstrapped,0.0,Increasing,Hiring Freeze,Profit,30.99,360,21.23,1335,Medium
GraniteVentures Y,Consumer Goods,Canada,2023,8087,Funded,26.3,Increasing,Hiring Freeze,Loss,28.38,1310,16.2,6777,Low
CrescentWorks,Biotech,United States,2022,3304,Public/Post-IPO,116.4,Increasing,Hiring Freeze,Profit,-3.29,147,4.46,3157,Low
BrightAnalytics Z,Automotive,Australia,2023,6140,Public/Post-IPO,266.4,Increasing,Selective Hiring,Profit,17.43,160,2.61,5980,Low
AnchorGroup E,Energy,India,2022,7366,Public/Post-IPO,123.1,Increasing,Hiring Freeze,Profit,40.9,3141,42.64,4225,Low
ForgeAero K,Manufacturing,United States,2024,8444,Bootstrapped,0.0,Decreasing,Active Hiring,Profit,0.47,3757,44.49,4687,Low
GlacierSoftware Q,Aerospace,United States,2022,5479,Funded,75.0,Increasing,Selective Hiring,Loss,22.57,598,10.91,4881,Medium
FusionVentures,Biotech,Poland,2025,663,Public/Post-IPO,60.2,Stable,Selective Hiring,Loss,-4.76,161,24.3,502,Low
CascadeGroup K,Technology,France,2023,4518,Funded,34.8,Stable,Hiring Freeze,Loss,-32.95,1788,39.58,2730,High
SolaceNetworks,Automotive,United States,2022,9649,Public/Post-IPO,8.3,Stable,Hiring Freeze,Profit,23.52,3585,37.15,6064,Medium
CrescentAero,Hardware,China,2023,3483,Bootstrapped,0.0,Increasing,Selective Hiring,Loss,2.85,675,19.38,2808,Medium
LumenRobotics O,Consumer Goods,China,2023,9725,Bootstrapped,0.0,Decreasing,Hiring Freeze,Loss,0.02,1978,20.34,7747,High
NimbusGroup Y,Finance,Canada,2022,4273,Public/Post-IPO,0.0,Increasing,Hiring Freeze,Profit,10.18,585,13.69,3688,Medium
CatalystIndustries Y,Real Estate,France,2026,3575,Bootstrapped,0.0,Increasing,Hiring Freeze,Profit,14.99,1737,48.59,1838,Medium
WaveGroup O,Manufacturing,United Kingdom,2026,8421,Public/Post-IPO,83.1,Increasing,Active Hiring,Loss,34.23,947,11.24,7474,Low
BeaconGroup,Technology,United States,2022,8174,Public/Post-IPO,39.8,Decreasing,Hiring Freeze,Loss,-7.96,839,10.26,7335,High
QuantumAero T,Manufacturing,United States,2022,607,Funded,9.0,Decreasing,Active Hiring,Profit,-24.35,283,46.67,324,Medium
ZenithBio W,Hospitality,United States,2023,6222,Public/Post-IPO,90.3,Increasing,Active Hiring,Profit,36.06,712,11.45,5510,Low
WaveLogistics,Aerospace,United States,2023,4747,Bootstrapped,0.0,Increasing,Hiring Freeze,Loss,29.88,1323,27.88,3424,High
LumenAnalytics P,Finance,France,2024,3296,Funded,19.9,Decreasing,Hiring Freeze,Profit,-7.87,1561,47.35,1735,Medium
KeystoneTechnologies S,Retail,Japan,2025,2104,Funded,49.5,Decreasing,Selective Hiring,Loss,20.2,397,18.88,1707,Medium
TundraEnergy G,Crypto/Web3,China,2023,4238,Public/Post-IPO,92.6,Stable,Hiring Freeze,Profit,-6.91,439,10.37,3799,Medium
ForgeBio,Hospitality,Germany,2023,6055,Funded,57.2,Stable,Active Hiring,Loss,11.74,3624,59.85,2431,High
ZenithRetail T,Consumer Goods,India,2022,7691,Funded,10.0,Increasing,Hiring Freeze,Profit,22.64,3201,41.62,4490,Low
ForgeVentures B,Education,France,2023,5220,Funded,20.5,Decreasing,Hiring Freeze,Loss,-17.43,792,15.17,4428,High
JasperFoods S,Retail,United Kingdom,2023,8767,Public/Post-IPO,88.5,Decreasing,Hiring Freeze,Loss,-40.94,2663,30.37,6104,High
GlacierAero,Biotech,United States,2023,9715,Public/Post-IPO,140.2,Decreasing,Active Hiring,Loss,-7.26,5059,52.07,4656,High
ClarityEnergy Q,Consumer Goods,United States,2024,5741,Bootstrapped,0.0,Decreasing,Active Hiring,Loss,-16.4,5454,95.0,287,High
BeaconWorks,Telecommunications,United States,2023,1113,Funded,18.4,Decreasing,Hiring Freeze,Profit,-13.84,382,34.35,731,High
CircuitIndustries Y,Logistics,Australia,2024,2131,Bootstrapped,0.0,Decreasing,Selective Hiring,Profit,-7.2,268,12.58,1863,Low
WaveRetail,Healthcare,Germany,2024,8260,Bootstrapped,0.0,Increasing,Hiring Freeze,Profit,17.66,782,9.47,7478,Low
VertexHoldings Q,Technology,United Kingdom,2024,1660,Public/Post-IPO,194.2,Decreasing,Hiring Freeze,Profit,50.6,331,19.93,1329,Low
KeystoneIndustries,Healthcare,United Kingdom,2022,6092,Bootstrapped,0.0,Stable,Active Hiring,Loss,-4.15,718,11.78,5374,Low
DeltaLabs V,Crypto/Web3,United States,2026,585,Bootstrapped,0.0,Decreasing,Hiring Freeze,Loss,-22.57,176,30.05,409,Medium
HarborSystems M,Retail,United States,2025,7897,Public/Post-IPO,589.6,Increasing,Selective Hiring,Profit,-11.92,353,4.47,7544,Low
CatalystDigital S,Healthcare,Netherlands,2024,5330,Funded,11.7,Increasing,Selective Hiring,Profit,31.04,406,7.62,4924,Medium
TundraEnergy G,Aerospace,Germany,2025,2701,Public/Post-IPO,938.4,Stable,Hiring Freeze,Profit,6.3,1738,64.36,963,Medium
JasperCapital U,Telecommunications,United States,2024,5590,Funded,30.7,Stable,Hiring Freeze,Profit,-2.05,482,8.63,5108,Low
ApexLogistics J,Hardware,China,2023,9289,Bootstrapped,0.0,Decreasing,Selective Hiring,Profit,3.22,5141,55.35,4148,Medium
IroncladDynamics E,Telecommunications,India,2023,4118,Public/Post-IPO,167.8,Increasing,Hiring Freeze,Profit,37.22,689,16.74,3429,Medium
EchoAnalytics M,Technology,India,2024,232,Funded,19.0,Increasing,Hiring Freeze,Profit,24.4,53,22.91,179,Low
EchoMotors Y,Finance,China,2024,3020,Funded,7.7,Increasing,Active Hiring,Profit,3.66,211,6.98,2809,Low
DriftTechnologies,Healthcare,United States,2025,4035,Bootstrapped,0.0,Increasing,Active Hiring,Profit,-3.53,38,0.95,3997,Low
VertexIndustries Y,Automotive,Brazil,2022,3223,Funded,13.4,Stable,Active Hiring,Profit,1.61,393,12.19,2830,Medium
OrbitDynamics,Finance,United States,2023,3601,Bootstrapped,0.0,Increasing,Active Hiring,Profit,36.02,623,17.3,2978,Low
CatalystSystems Y,Telecommunications,Brazil,2024,5253,Funded,17.2,Increasing,Hiring Freeze,Profit,-10.58,684,13.02,4569,Medium
ForgeHoldings,Biotech,United States,2024,3324,Public/Post-IPO,84.6,Decreasing,Active Hiring,Loss,23.32,659,19.84,2665,Low
ZenithTechnologies,Biotech,United States,2026,252,Bootstrapped,0.0,Stable,Hiring Freeze,Profit,-16.08,36,14.39,216,Medium
AnchorSolutions M,Logistics,United States,2026,9735,Bootstrapped,0.0,Increasing,Hiring Freeze,Profit,28.58,4501,46.24,5234,Low
SummitRobotics Q,Consumer Goods,India,2024,8049,Funded,37.6,Increasing,Active Hiring,Profit,29.43,864,10.73,7185,Low
MeridianIndustries I,Biotech,Canada,2026,8966,Public/Post-IPO,117.6,Decreasing,Hiring Freeze,Loss,1.07,6031,67.26,2935,High
GlacierVentures P,Aerospace,Netherlands,2023,4631,Funded,159.3,Decreasing,Selective Hiring,Profit,-49.62,3348,72.29,1283,Medium
NimbusMedia E,Energy,United States,2023,3124,Funded,19.9,Increasing,Hiring Freeze,Loss,10.5,273,8.74,2851,Medium
KeystoneVentures O,Finance,Germany,2025,8816,Public/Post-IPO,79.9,Increasing,Active Hiring,Loss,30.17,1374,15.58,7442,Low
ZenithVentures V,Crypto/Web3,United States,2022,8070,Bootstrapped,0.0,Increasing,Active Hiring,Profit,32.75,1000,12.39,7070,Low
ClarityDigital P,Real Estate,United States,2024,4532,Public/Post-IPO,51.1,Increasing,Active Hiring,Loss,23.95,907,20.01,3625,Medium
DeltaTechnologies,Finance,Japan,2023,3167,Bootstrapped,0.0,Increasing,Selective Hiring,Profit,20.17,840,26.51,2327,Low
EchoDigital N,Retail,Canada,2023,6887,Bootstrapped,0.0,Decreasing,Hiring Freeze,Loss,-6.86,1569,22.78,5318,High
IroncladBio L,Crypto/Web3,United States,2022,1657,Funded,11.1,Increasing,Selective Hiring,Loss,-14.01,824,49.71,833,Medium
TundraEnergy R,Manufacturing,United States,2024,7195,Public/Post-IPO,29.1,Decreasing,Hiring Freeze,Loss,-7.25,5803,80.66,1392,Medium
BeaconDigital I,Hardware,Sweden,2025,7162,Public/Post-IPO,18.9,Increasing,Selective Hiring,Loss,-19.28,3283,45.84,3879,High
AnchorNetworks D,Media & Entertainment,Australia,2024,8663,Bootstrapped,0.0,Stable,Active Hiring,Profit,30.6,1649,19.03,7014,Low
CobaltMotors M,Media & Entertainment,United States,2024,4692,Bootstrapped,0.0,Increasing,Hiring Freeze,Loss,21.4,338,7.2,4354,Low
ApexIndustries,Telecommunications,India,2026,770,Bootstrapped,0.0,Increasing,Hiring Freeze,Loss,80.0,238,30.88,532,Medium
HarborHoldings S,Healthcare,United Kingdom,2025,4777,Public/Post-IPO,125.1,Decreasing,Active Hiring,Loss,15.88,458,9.58,4319,Low
TerraSoftware N,Crypto/Web3,Singapore,2026,6510,Bootstrapped,0.0,Stable,Selective Hiring,Profit,-5.49,2133,32.76,4377,Low
TundraSystems C,Consumer Goods,United States,2023,7516,Funded,68.5,Increasing,Selective Hiring,Profit,-3.23,1012,13.47,6504,Low
VantageIndustries Y,Retail,United States,2026,674,Public/Post-IPO,67.0,Stable,Selective Hiring,Profit,0.23,110,16.33,564,Low
ForgeSystems B,Finance,United States,2023,1114,Public/Post-IPO,156.6,Increasing,Selective Hiring,Profit,5.13,167,14.98,947,Low
GlacierLogistics C,Hardware,Israel,2024,8149,Public/Post-IPO,158.3,Decreasing,Active Hiring,Profit,7.05,1164,14.29,6985,Low
SolaceTechnologies F,Manufacturing,India,2023,9548,Funded,4.3,Decreasing,Selective Hiring,Profit,-2.27,2114,22.14,7434,Medium
SolaceMotors,Manufacturing,Netherlands,2024,9054,Funded,1.3,Increasing,Active Hiring,Profit,10.18,197,2.18,8857,Low
TundraBio F,Real Estate,United States,2023,3419,Bootstrapped,0.0,Stable,Selective Hiring,Profit,0.89,1586,46.38,1833,Medium
VantageLabs Y,Telecommunications,Brazil,2022,4653,Funded,149.5,Increasing,Selective Hiring,Profit,23.98,1304,28.03,3349,Low
DriftSystems P,Crypto/Web3,Israel,2022,5593,Funded,6.4,Increasing,Hiring Freeze,Profit,6.81,699,12.49,4894,Low
CobaltVentures V,Real Estate,India,2024,8393,Public/Post-IPO,120.1,Increasing,Active Hiring,Profit,36.77,1433,17.07,6960,Low
ZenithSoftware,Logistics,United States,2025,8561,Public/Post-IPO,321.4,Decreasing,Active Hiring,Loss,-40.47,4550,53.15,4011,High
RidgeSystems O,Real Estate,United States,2023,2433,Bootstrapped,0.0,Decreasing,Active Hiring,Loss,-17.66,1074,44.15,1359,High
ClarityCapital T,Education,United States,2022,5679,Funded,84.7,Increasing,Hiring Freeze,Profit,6.18,845,14.88,4834,Low
FusionDigital P,Biotech,Singapore,2022,2782,Public/Post-IPO,33.1,Increasing,Hiring Freeze,Profit,40.74,277,9.96,2505,Low
ForgeWorks S,Telecommunications,Japan,2025,2299,Bootstrapped,0.0,Stable,Selective Hiring,Loss,30.95,729,31.69,1570,Low
WaveNetworks G,Manufacturing,Brazil,2025,9162,Public/Post-IPO,182.7,Decreasing,Hiring Freeze,Profit,-34.16,3136,34.23,6026,High
TerraHealth C,Retail,Singapore,2025,3369,Public/Post-IPO,564.6,Increasing,Active Hiring,Loss,7.5,930,27.6,2439,High
HarborAnalytics F,Logistics,Australia,2024,8571,Public/Post-IPO,94.9,Stable,Active Hiring,Profit,20.56,1195,13.94,7376,Low
AnchorSoftware F,Automotive,Australia,2022,9402,Bootstrapped,0.0,Increasing,Hiring Freeze,Profit,28.77,3809,40.51,5593,Low
ForgeAero R,Aerospace,Australia,2022,768,Public/Post-IPO,155.6,Increasing,Active Hiring,Profit,7.61,85,11.04,683,Low
SolaceBio Y,Healthcare,Japan,2022,1358,Public/Post-IPO,66.2,Stable,Hiring Freeze,Profit,29.18,339,24.98,1019,Medium
StellarHoldings M,Manufacturing,Germany,2026,7889,Funded,79.1,Increasing,Hiring Freeze,Profit,-6.39,2807,35.58,5082,Medium
TerraSystems,Aerospace,India,2024,7056,Bootstrapped,0.0,Increasing,Hiring Freeze,Loss,-21.09,2802,39.71,4254,Medium
ApexNetworks W,Biotech,Australia,2022,5659,Public/Post-IPO,1040.9,Stable,Hiring Freeze,Loss,19.23,1289,22.77,4370,Low
DeltaTechnologies S,Automotive,Australia,2024,1397,Public/Post-IPO,504.1,Stable,Hiring Freeze,Profit,34.75,334,23.93,1063,Low
DeltaDigital,Telecommunications,Canada,2025,8265,Public/Post-IPO,1156.9,Increasing,Active Hiring,Loss,26.45,622,7.53,7643,Low
ClarityAnalytics V,Logistics,United Kingdom,2023,913,Bootstrapped,0.0,Stable,Active Hiring,Profit,-16.6,120,13.19,793,Low
TundraHoldings L,Healthcare,Australia,2023,4501,Public/Post-IPO,105.1,Increasing,Hiring Freeze,Profit,50.75,338,7.5,4163,Low
StellarLogistics N,Energy,France,2024,8670,Funded,20.8,Decreasing,Hiring Freeze,Loss,-6.38,1903,21.95,6767,High
VertexEnergy,Aerospace,United States,2023,5853,Public/Post-IPO,37.7,Stable,Hiring Freeze,Loss,10.56,1850,31.61,4003,High
CrescentHealth I,Logistics,United States,2023,5445,Funded,72.7,Decreasing,Active Hiring,Loss,-10.72,1324,24.31,4121,High
CascadeBio X,Hardware,United States,2022,5591,Bootstrapped,0.0,Increasing,Active Hiring,Loss,28.4,1488,26.61,4103,Low
BrightHealth M,Finance,United Kingdom,2024,3828,Funded,44.9,Stable,Hiring Freeze,Loss,-21.06,720,18.82,3108,High
KeystoneSoftware T,Telecommunications,United States,2023,1660,Public/Post-IPO,369.2,Stable,Selective Hiring,Profit,12.31,693,41.73,967,Low
TerraLabs M,Education,United States,2026,5022,Bootstrapped,0.0,Stable,Hiring Freeze,Loss,-30.57,4476,89.12,546,High
ForgeCapital,Crypto/Web3,France,2024,7862,Bootstrapped,0.0,Decreasing,Selective Hiring,Loss,6.59,6226,79.19,1636,Medium
VantageLogistics R,Manufacturing,United Kingdom,2023,9638,Public/Post-IPO,461.0,Decreasing,Hiring Freeze,Loss,-13.31,5721,59.36,3917,High
BeaconHoldings V,Education,China,2024,8664,Bootstrapped,0.0,Stable,Active Hiring,Profit,10.67,1288,14.87,7376,Low
PioneerGroup,Manufacturing,China,2022,7389,Funded,35.0,Stable,Active Hiring,Profit,3.63,1006,13.61,6383,Low
SolaceBio Y,Crypto/Web3,Sweden,2023,9576,Public/Post-IPO,71.3,Increasing,Active Hiring,Profit,34.92,1524,15.91,8052,Low
QuantumRobotics E,Media & Entertainment,Singapore,2022,1998,Bootstrapped,0.0,Stable,Hiring Freeze,Loss,24.05,1191,59.59,807,High
JasperMedia U,Finance,France,2025,4955,Public/Post-IPO,453.0,Decreasing,Hiring Freeze,Profit,-4.6,210,4.24,4745,Low
ClarityFoods Z,Manufacturing,United Kingdom,2023,7532,Public/Post-IPO,115.2,Stable,Hiring Freeze,Profit,49.56,2183,28.98,5349,Medium
EchoGroup X,Aerospace,France,2023,8191,Funded,123.0,Decreasing,Hiring Freeze,Loss,-8.97,2842,34.7,5349,High
DriftBio J,Energy,United States,2023,1572,Bootstrapped,0.0,Increasing,Active Hiring,Profit,9.79,392,24.95,1180,Low
CrescentLogistics,Automotive,United States,2023,2850,Funded,7.5,Increasing,Selective Hiring,Profit,31.58,28,0.99,2822,Low
CircuitSolutions B,Logistics,Germany,2024,8625,Funded,73.0,Decreasing,Hiring Freeze,Loss,-11.42,4414,51.18,4211,High
HarborRobotics E,Media & Entertainment,Israel,2024,5685,Bootstrapped,0.0,Decreasing,Selective Hiring,Loss,-6.06,1208,21.25,4477,Medium
TundraHealth I,Automotive,India,2022,4175,Funded,31.8,Increasing,Active Hiring,Profit,-3.62,765,18.32,3410,Low
ClarityIndustries,Energy,United States,2023,1323,Public/Post-IPO,375.1,Increasing,Active Hiring,Profit,41.17,255,19.31,1068,Low
StellarSoftware P,Technology,United States,2024,346,Bootstrapped,0.0,Decreasing,Active Hiring,Profit,11.03,18,5.2,328,Low
DeltaHealth B,Media & Entertainment,United States,2024,3131,Bootstrapped,0.0,Stable,Selective Hiring,Loss,18.86,369,11.78,2762,Low
KeystoneSystems,Automotive,United States,2025,849,Bootstrapped,0.0,Increasing,Active Hiring,Profit,1.24,184,21.73,665,Low
JasperWorks O,Automotive,Australia,2022,4470,Public/Post-IPO,158.8,Decreasing,Hiring Freeze,Loss,-11.25,2677,59.88,1793,High
EchoCapital Z,Consumer Goods,Canada,2025,9204,Funded,95.3,Stable,Selective Hiring,Profit,1.8,795,8.64,8409,Low
HarborHealth R,Logistics,India,2023,1837,Bootstrapped,0.0,Stable,Active Hiring,Profit,-3.66,236,12.86,1601,Low
OrbitCapital Z,Hospitality,Sweden,2023,1887,Public/Post-IPO,234.1,Increasing,Selective Hiring,Profit,33.23,342,18.1,1545,Low
ClarityDynamics A,Crypto/Web3,United Kingdom,2026,1694,Public/Post-IPO,210.2,Stable,Hiring Freeze,Loss,-33.38,440,26.0,1254,High
NimbusNetworks Z,Real Estate,United Kingdom,2023,8937,Bootstrapped,0.0,Increasing,Selective Hiring,Loss,15.64,4015,44.93,4922,Medium
CascadeRobotics N,Energy,United Kingdom,2024,8131,Funded,6.1,Increasing,Selective Hiring,Profit,9.71,1033,12.71,7098,Low
GlacierDynamics T,Education,Israel,2024,1949,Public/Post-IPO,141.6,Increasing,Active Hiring,Profit,-9.61,549,28.16,1400,Low
LumenSystems,Healthcare,Canada,2026,6840,Bootstrapped,0.0,Increasing,Hiring Freeze,Profit,38.84,5045,73.76,1795,Medium
ApexHoldings P,Consumer Goods,Singapore,2024,2227,Funded,36.3,Increasing,Hiring Freeze,Loss,19.09,814,36.56,1413,Medium
ForgeMotors,Retail,Australia,2022,9791,Funded,22.1,Decreasing,Hiring Freeze,Profit,28.81,2506,25.59,7285,High
IroncladFoods S,Retail,India,2024,2809,Bootstrapped,0.0,Stable,Hiring Freeze,Profit,-7.74,1124,40.0,1685,Medium
RidgeFoods P,Automotive,Sweden,2023,4597,Public/Post-IPO,82.9,Increasing,Selective Hiring,Profit,35.41,461,10.03,4136,Medium
NovaMotors D,Consumer Goods,China,2023,7681,Funded,77.8,Stable,Hiring Freeze,Loss,6.42,1100,14.32,6581,Low
FusionLogistics V,Crypto/Web3,Singapore,2025,8652,Bootstrapped,0.0,Increasing,Hiring Freeze,Loss,4.93,686,7.93,7966,Medium
DriftLogistics F,Hospitality,India,2024,1963,Bootstrapped,0.0,Stable,Hiring Freeze,Profit,-8.55,394,20.05,1569,Medium
HarborMotors,Manufacturing,United States,2023,2349,Public/Post-IPO,141.8,Stable,Selective Hiring,Loss,12.23,599,25.49,1750,Medium
CatalystDigital S,Automotive,Brazil,2025,6361,Funded,0.0,Increasing,Hiring Freeze,Profit,20.55,895,14.07,5466,Low
OrbitHoldings,Energy,Singapore,2024,4037,Public/Post-IPO,74.8,Stable,Active Hiring,Loss,31.05,876,21.71,3161,High
CatalystDigital T,Technology,United States,2022,1758,Public/Post-IPO,556.8,Stable,Hiring Freeze,Loss,13.36,391,22.23,1367,High
SolaceIndustries,Real Estate,Australia,2023,2797,Funded,41.1,Decreasing,Active Hiring,Loss,-16.42,1076,38.48,1721,Medium
CatalystIndustries U,Biotech,United Kingdom,2022,8103,Public/Post-IPO,37.4,Increasing,Active Hiring,Profit,18.06,2173,26.82,5930,Low
NimbusVentures X,Hardware,France,2022,6757,Bootstrapped,0.0,Decreasing,Selective Hiring,Loss,9.68,1526,22.59,5231,High
ZenithFoods Z,Biotech,China,2024,8580,Bootstrapped,0.0,Decreasing,Active Hiring,Profit,-12.35,1616,18.83,6964,Low
DriftBio G,Education,United States,2023,1891,Public/Post-IPO,102.4,Stable,Selective Hiring,Profit,-6.21,677,35.79,1214,Medium
QuantumFoods,Aerospace,United States,2024,4812,Public/Post-IPO,77.8,Stable,Selective Hiring,Profit,0.91,616,12.8,4196,Low
VantageSoftware B,Hardware,India,2022,1998,Funded,92.0,Increasing,Hiring Freeze,Profit,26.32,363,18.18,1635,Medium
ApexIndustries R,Finance,Japan,2025,6296,Bootstrapped,0.0,Increasing,Active Hiring,Profit,16.09,1563,24.82,4733,Low
EchoHoldings R,Real Estate,United States,2026,9380,Funded,48.3,Increasing,Active Hiring,Loss,15.94,2373,25.3,7007,Medium
TerraBio M,Real Estate,United States,2024,3449,Funded,17.7,Decreasing,Selective Hiring,Loss,8.41,1565,45.37,1884,High
PioneerLabs G,Technology,India,2023,7216,Public/Post-IPO,2020.9,Stable,Hiring Freeze,Profit,-9.53,2534,35.12,4682,Medium
SolaceHoldings U,Hardware,United Kingdom,2026,7817,Bootstrapped,0.0,Decreasing,Active Hiring,Loss,-19.96,2976,38.07,4841,High
HarborHealth M,Finance,India,2024,9759,Bootstrapped,0.0,Increasing,Active Hiring,Profit,53.88,2121,21.73,7638,Low
RidgeIndustries S,Energy,United Kingdom,2024,6569,Public/Post-IPO,99.3,Increasing,Selective Hiring,Profit,23.9,770,11.72,5799,Low
ApexRobotics,Healthcare,China,2022,1101,Funded,5.3,Increasing,Active Hiring,Profit,33.98,156,14.21,945,Low
NimbusRetail E,Biotech,India,2022,2754,Funded,8.4,Increasing,Selective Hiring,Profit,-0.62,181,6.58,2573,Low
DeltaBio,Hardware,Australia,2022,6467,Public/Post-IPO,115.8,Increasing,Selective Hiring,Profit,17.66,795,12.3,5672,Low
DeltaTechnologies S,Education,United States,2024,937,Bootstrapped,0.0,Increasing,Hiring Freeze,Profit,37.4,39,4.12,898,Low
HarborSolutions,Healthcare,United States,2024,2846,Public/Post-IPO,142.9,Stable,Active Hiring,Profit,-6.35,35,1.22,2811,Low
PioneerHoldings J,Telecommunications,United States,2023,2511,Public/Post-IPO,17.2,Increasing,Hiring Freeze,Profit,-1.59,187,7.43,2324,High
ForgeAero K,Automotive,China,2022,6304,Bootstrapped,0.0,Increasing,Hiring Freeze,Profit,14.6,715,11.34,5589,Low
EchoSystems Y,Energy,India,2023,7085,Public/Post-IPO,67.5,Increasing,Active Hiring,Loss,20.11,1844,26.03,5241,High
AnchorSoftware M,Automotive,United Kingdom,2025,7262,Funded,4.7,Stable,Selective Hiring,Profit,6.01,2588,35.64,4674,High
AnchorEnergy Z,Media & Entertainment,United Kingdom,2023,1473,Funded,59.1,Increasing,Hiring Freeze,Loss,22.09,805,54.68,668,High
QuantumSolutions X,Energy,United States,2024,604,Bootstrapped,0.0,Increasing,Active Hiring,Profit,16.48,85,14.06,519,Low
KeystoneAero J,Energy,Germany,2023,3793,Public/Post-IPO,830.8,Increasing,Hiring Freeze,Loss,21.36,1024,26.99,2769,Medium
NimbusGroup,Manufacturing,Singapore,2022,7199,Funded,13.5,Increasing,Selective Hiring,Profit,22.58,2197,30.52,5002,Low
QuantumTechnologies M,Telecommunications,India,2024,1358,Public/Post-IPO,182.2,Increasing,Selective Hiring,Loss,32.84,321,23.67,1037,Low
DriftDigital M,Automotive,France,2023,2969,Funded,0.0,Stable,Hiring Freeze,Loss,-15.67,2333,78.58,636,Medium
GraniteAnalytics,Consumer Goods,Poland,2023,4456,Bootstrapped,0.0,Increasing,Selective Hiring,Profit,38.38,417,9.35,4039,Low
PioneerHoldings J,Media & Entertainment,France,2023,6633,Public/Post-IPO,1831.4,Increasing,Selective Hiring,Loss,18.96,1847,27.84,4786,Medium
JasperMotors J,Real Estate,United Kingdom,2026,2351,Bootstrapped,0.0,Increasing,Hiring Freeze,Loss,11.94,103,4.36,2248,High
CobaltAnalytics D,Education,Canada,2026,5830,Public/Post-IPO,403.0,Stable,Active Hiring,Profit,15.68,949,16.27,4881,Low
JasperMedia B,Retail,Australia,2022,6431,Funded,68.0,Decreasing,Active Hiring,Profit,-10.87,2162,33.62,4269,Medium
DriftAero G,Hardware,United States,2025,445,Public/Post-IPO,2066.4,Increasing,Active Hiring,Loss,12.63,42,9.44,403,Low
IroncladLabs,Technology,United States,2022,2268,Bootstrapped,0.0,Stable,Hiring Freeze,Profit,2.84,809,35.65,1459,Low
StellarSolutions,Automotive,United States,2026,1379,Public/Post-IPO,233.4,Stable,Hiring Freeze,Profit,21.06,122,8.88,1257,Low
QuantumVentures G,Healthcare,United States,2024,9512,Bootstrapped,0.0,Decreasing,Active Hiring,Profit,-18.37,3486,36.65,6026,High
HorizonFoods U,Media & Entertainment,United States,2022,2583,Funded,15.9,Increasing,Selective Hiring,Loss,14.05,63,2.43,2520,Low
SolaceFoods J,Energy,Israel,2023,3585,Bootstrapped,0.0,Increasing,Selective Hiring,Loss,9.51,784,21.87,2801,Low
JasperBio J,Hardware,India,2024,9550,Bootstrapped,0.0,Increasing,Active Hiring,Profit,5.5,834,8.73,8716,Low
CascadeMotors R,Crypto/Web3,United Kingdom,2024,1964,Funded,35.1,Stable,Hiring Freeze,Loss,-3.97,1055,53.71,909,High
QuantumFoods Q,Automotive,United States,2022,5895,Public/Post-IPO,0.0,Stable,Selective Hiring,Loss,-14.72,1534,26.03,4361,Medium
EchoWorks,Manufacturing,Australia,2023,5511,Funded,48.0,Stable,Active Hiring,Loss,-6.29,2334,42.35,3177,Medium
JasperAero,Automotive,China,2025,6184,Bootstrapped,0.0,Decreasing,Active Hiring,Loss,-28.48,453,7.33,5731,High
KeystoneMedia T,Automotive,Sweden,2024,3662,Bootstrapped,0.0,Decreasing,Hiring Freeze,Loss,0.7,510,13.94,3152,High
VantageVentures,Manufacturing,India,2022,4005,Public/Post-IPO,153.2,Increasing,Active Hiring,Profit,0.25,280,7.0,3725,Low
OrbitMedia G,Healthcare,France,2024,4893,Bootstrapped,0.0,Increasing,Selective Hiring,Profit,42.42,240,4.9,4653,Low
CobaltNetworks,Healthcare,Poland,2023,8024,Bootstrapped,0.0,Decreasing,Selective Hiring,Profit,35.93,1542,19.22,6482,Low
MeridianMedia,Aerospace,India,2024,469,Public/Post-IPO,66.3,Increasing,Hiring Freeze,Profit,-0.08,113,24.17,356,Low
QuantumTechnologies,Finance,Germany,2023,5437,Funded,72.3,Increasing,Selective Hiring,Profit,16.72,1873,34.44,3564,Medium
ZenithSoftware,Healthcare,France,2025,9882,Bootstrapped,0.0,Decreasing,Selective Hiring,Loss,-15.9,3669,37.13,6213,High
CrescentMedia F,Hospitality,Brazil,2024,2177,Bootstrapped,0.0,Decreasing,Active Hiring,Loss,-8.89,743,34.12,1434,Low
MeridianMotors R,Hospitality,United States,2024,6423,Bootstrapped,0.0,Decreasing,Hiring Freeze,Loss,2.99,5467,85.12,956,High
BeaconGroup H,Hardware,United Kingdom,2025,9376,Public/Post-IPO,22.7,Decreasing,Active Hiring,Profit,-34.54,3358,35.81,6018,Low
TerraBio S,Finance,United States,2025,447,Funded,19.9,Decreasing,Active Hiring,Loss,7.08,207,46.3,240,High
SolaceCapital P,Education,France,2023,4419,Public/Post-IPO,1216.2,Increasing,Hiring Freeze,Profit,10.78,719,16.26,3700,Low
AnchorRobotics E,Hospitality,Canada,2024,4731,Public/Post-IPO,54.1,Decreasing,Active Hiring,Loss,5.54,237,5.01,4494,Low
FusionGroup K,Technology,United States,2022,3066,Public/Post-IPO,194.1,Decreasing,Selective Hiring,Loss,12.86,173,5.65,2893,Medium
LumenRetail N,Media & Entertainment,United States,2023,4791,Public/Post-IPO,156.8,Stable,Hiring Freeze,Loss,-8.98,2011,41.97,2780,High
FusionLabs A,Telecommunications,India,2023,1747,Bootstrapped,0.0,Decreasing,Active Hiring,Profit,-1.48,383,21.95,1364,Low
GraniteMedia K,Manufacturing,Japan,2022,2403,Public/Post-IPO,16.5,Increasing,Selective Hiring,Loss,-15.99,439,18.28,1964,Low
OrbitDigital Z,Hospitality,China,2023,3711,Funded,13.3,Stable,Hiring Freeze,Loss,15.11,1588,42.79,2123,High
QuantumSolutions S,Automotive,Canada,2022,769,Bootstrapped,0.0,Increasing,Active Hiring,Loss,19.59,215,28.01,554,Low
OrbitMotors V,Finance,Brazil,2022,5946,Public/Post-IPO,31.7,Increasing,Hiring Freeze,Loss,9.06,2672,44.93,3274,Medium
HarborRobotics L,Hospitality,Australia,2025,9598,Public/Post-IPO,340.8,Decreasing,Active Hiring,Loss,-55.99,7448,77.6,2150,High
CircuitHealth V,Manufacturing,Poland,2022,1527,Public/Post-IPO,5.3,Stable,Selective Hiring,Profit,5.64,138,9.07,1389,Low
NimbusIndustries Q,Automotive,United Kingdom,2022,8593,Public/Post-IPO,32.0,Decreasing,Active Hiring,Loss,-17.51,4955,57.66,3638,Medium
RidgeVentures,Hardware,India,2024,9478,Bootstrapped,0.0,Stable,Active Hiring,Loss,17.25,818,8.63,8660,Low
CascadeCapital,Hardware,United States,2022,950,Funded,7.3,Decreasing,Active Hiring,Loss,-0.01,206,21.67,744,Medium
KeystoneFoods V,Real Estate,Canada,2022,7375,Public/Post-IPO,133.7,Decreasing,Hiring Freeze,Loss,3.75,4837,65.58,2538,High
CatalystCapital C,Healthcare,United States,2022,721,Funded,12.7,Increasing,Selective Hiring,Profit,14.12,105,14.58,616,Low
CobaltLogistics,Hospitality,Brazil,2023,7258,Public/Post-IPO,39.9,Stable,Active Hiring,Profit,-3.54,1035,14.26,6223,Low
CatalystGroup N,Hospitality,United States,2024,7341,Bootstrapped,0.0,Increasing,Hiring Freeze,Loss,-4.79,6847,93.27,494,High
TerraNetworks Z,Consumer Goods,Canada,2022,7504,Public/Post-IPO,8.1,Increasing,Hiring Freeze,Loss,55.35,994,13.25,6510,Low
StellarMotors N,Telecommunications,Singapore,2026,6347,Public/Post-IPO,170.5,Stable,Selective Hiring,Loss,-5.53,1447,22.8,4900,High
EchoCapital I,Finance,United States,2025,335,Public/Post-IPO,879.6,Increasing,Active Hiring,Profit,20.03,55,16.3,280,Low
OrbitDigital A,Telecommunications,France,2023,5006,Public/Post-IPO,149.7,Decreasing,Active Hiring,Loss,-19.84,2657,53.08,2349,High
VantageSoftware,Energy,India,2023,7341,Bootstrapped,0.0,Increasing,Active Hiring,Profit,18.6,1024,13.95,6317,Low
CrescentVentures,Aerospace,Sweden,2025,675,Public/Post-IPO,128.1,Increasing,Hiring Freeze,Profit,26.54,101,14.97,574,Low
CascadeSystems X,Hardware,India,2023,2622,Bootstrapped,0.0,Stable,Hiring Freeze,Loss,1.11,356,13.57,2266,Medium
ApexWorks V,Biotech,Israel,2024,2806,Funded,18.7,Stable,Hiring Freeze,Profit,-21.42,175,6.24,2631,Low
FusionSystems O,Logistics,Netherlands,2024,2000,Funded,50.0,Stable,Active Hiring,Profit,9.23,433,21.65,1567,Low
ApexFoods M,Finance,France,2022,3926,Funded,252.6,Decreasing,Active Hiring,Profit,-1.39,2290,58.33,1636,Low
EmberCapital,Technology,Israel,2023,8337,Public/Post-IPO,147.2,Increasing,Hiring Freeze,Loss,2.34,800,9.59,7537,High
CascadeMotors R,Retail,Canada,2023,2075,Public/Post-IPO,104.8,Increasing,Selective Hiring,Profit,25.86,169,8.14,1906,Low
CrescentMotors C,Hardware,Canada,2024,5882,Public/Post-IPO,1136.3,Decreasing,Active Hiring,Loss,-3.68,4447,75.61,1435,Medium
OrbitAero,Energy,Sweden,2026,6035,Public/Post-IPO,40.8,Increasing,Active Hiring,Profit,17.16,276,4.57,5759,Low
JasperEnergy,Finance,United States,2022,600,Bootstrapped,0.0,Increasing,Selective Hiring,Profit,28.39,18,3.07,582,Low
LumenEnergy,Energy,United States,2022,3283,Bootstrapped,0.0,Stable,Active Hiring,Loss,-13.97,521,15.88,2762,Low
RidgeHoldings D,Media & Entertainment,Germany,2024,3734,Funded,5.0,Stable,Selective Hiring,Profit,-29.49,873,23.38,2861,Low
ForgeCapital S,Real Estate,United States,2026,1347,Bootstrapped,0.0,Decreasing,Selective Hiring,Loss,-12.59,407,30.21,940,High
FusionRobotics Q,Energy,Japan,2023,5374,Public/Post-IPO,148.6,Increasing,Active Hiring,Profit,6.24,105,1.96,5269,Low
LumenTechnologies I,Finance,Australia,2024,872,Bootstrapped,0.0,Decreasing,Selective Hiring,Loss,-1.75,88,10.05,784,Medium
ClarityAnalytics V,Retail,India,2023,6518,Bootstrapped,0.0,Decreasing,Hiring Freeze,Loss,14.23,3419,52.46,3099,High
SolaceBio R,Automotive,Netherlands,2023,2245,Funded,12.7,Decreasing,Hiring Freeze,Loss,-41.73,207,9.23,2038,High
HarborVentures H,Real Estate,Germany,2024,9803,Funded,83.6,Stable,Active Hiring,Profit,-0.97,837,8.54,8966,Low
WaveSoftware U,Education,United States,2022,4315,Bootstrapped,0.0,Increasing,Selective Hiring,Profit,23.65,1533,35.53,2782,Low
FusionHoldings,Automotive,Singapore,2026,6795,Funded,17.5,Decreasing,Hiring Freeze,Profit,27.66,6146,90.45,649,High
FusionSystems I,Retail,United States,2023,1243,Bootstrapped,0.0,Increasing,Selective Hiring,Profit,11.84,95,7.66,1148,Low
AnchorCapital,Telecommunications,United States,2024,1336,Public/Post-IPO,24.6,Increasing,Selective Hiring,Loss,45.97,123,9.23,1213,Medium
ZenithAero O,Retail,United Kingdom,2023,3676,Public/Post-IPO,285.9,Increasing,Active Hiring,Profit,7.86,441,12.01,3235,Low
CobaltAero,Energy,Germany,2024,4355,Public/Post-IPO,131.7,Stable,Active Hiring,Profit,22.54,557,12.78,3798,Low
ApexMotors,Technology,United States,2022,5618,Public/Post-IPO,516.9,Stable,Active Hiring,Loss,10.95,2487,44.27,3131,High
GlacierMedia Y,Real Estate,United States,2025,4400,Bootstrapped,0.0,Stable,Active Hiring,Loss,10.53,1129,25.65,3271,Low
KeystoneDigital I,Automotive,United States,2024,5331,Bootstrapped,0.0,Increasing,Selective Hiring,Loss,-6.81,1478,27.72,3853,Medium
GlacierRetail Y,Energy,Germany,2023,3881,Public/Post-IPO,35.8,Increasing,Active Hiring,Profit,26.49,379,9.77,3502,Low
FusionSoftware H,Real Estate,United States,2022,7495,Funded,19.4,Increasing,Active Hiring,Loss,9.52,1335,17.81,6160,Low
ZenithWorks M,Logistics,Poland,2024,3953,Funded,136.5,Increasing,Active Hiring,Profit,18.55,756,19.13,3197,Low
JasperWorks G,Retail,France,2022,6956,Funded,15.3,Decreasing,Hiring Freeze,Loss,-27.61,1726,24.82,5230,High
LumenLogistics Z,Finance,United States,2022,1310,Funded,44.5,Increasing,Hiring Freeze,Loss,35.67,272,20.78,1038,Low
DeltaSystems I,Manufacturing,United States,2023,902,Public/Post-IPO,832.5,Increasing,Hiring Freeze,Loss,22.03,64,7.13,838,High
IroncladSoftware S,Hardware,Sweden,2022,5740,Public/Post-IPO,0.0,Increasing,Hiring Freeze,Loss,58.89,474,8.26,5266,Low
NimbusMedia,Retail,United States,2025,6628,Public/Post-IPO,93.7,Increasing,Selective Hiring,Profit,19.31,342,5.16,6286,Low
AnchorEnergy J,Hardware,Sweden,2023,7330,Public/Post-IPO,145.8,Decreasing,Hiring Freeze,Loss,-12.02,6122,83.52,1208,High
FusionDynamics R,Finance,China,2022,6159,Funded,6.5,Stable,Active Hiring,Profit,-1.8,1122,18.21,5037,Low
VertexVentures J,Retail,Israel,2025,788,Bootstrapped,0.0,Decreasing,Selective Hiring,Loss,-20.61,390,49.48,398,High
EmberHoldings U,Finance,United Kingdom,2023,6752,Public/Post-IPO,1431.8,Stable,Selective Hiring,Profit,-2.19,1556,23.04,5196,Low
TundraSolutions B,Energy,United States,2023,2749,Bootstrapped,0.0,Increasing,Active Hiring,Loss,22.18,432,15.71,2317,Low
QuantumWorks H,Technology,Singapore,2025,3040,Funded,12.2,Increasing,Hiring Freeze,Profit,38.98,609,20.02,2431,Medium
HarborAero Z,Logistics,Japan,2025,4432,Funded,4.8,Decreasing,Selective Hiring,Profit,-14.41,280,6.31,4152,Low
CobaltIndustries Y,Energy,Japan,2026,3219,Public/Post-IPO,38.8,Stable,Selective Hiring,Profit,21.57,115,3.57,3104,Low
JasperSystems,Aerospace,Netherlands,2023,5985,Funded,58.4,Stable,Hiring Freeze,Profit,53.8,532,8.89,5453,Low
ZenithSystems S,Telecommunications,India,2026,6469,Bootstrapped,0.0,Increasing,Hiring Freeze,Profit,44.14,549,8.48,5920,Low
ZenithSolutions,Finance,India,2022,6605,Bootstrapped,0.0,Decreasing,Selective Hiring,Loss,-7.22,1224,18.53,5381,Medium
AnchorHealth H,Energy,Canada,2025,2638,Public/Post-IPO,138.5,Stable,Hiring Freeze,Profit,8.5,2023,76.7,615,Medium
TerraIndustries F,Technology,United States,2023,188,Bootstrapped,0.0,Increasing,Active Hiring,Loss,10.58,16,8.77,172,Medium
VantageDynamics D,Biotech,India,2026,1117,Public/Post-IPO,22.4,Increasing,Active Hiring,Loss,27.42,35,3.12,1082,Low
CatalystIndustries,Crypto/Web3,United States,2025,3151,Public/Post-IPO,21.9,Stable,Active Hiring,Profit,-10.92,599,19.02,2552,Low
HorizonVentures F,Consumer Goods,Germany,2025,5820,Public/Post-IPO,431.1,Increasing,Hiring Freeze,Profit,9.77,659,11.32,5161,Low
DeltaTechnologies,Technology,France,2026,4134,Bootstrapped,0.0,Increasing,Hiring Freeze,Profit,18.8,350,8.46,3784,Low
NimbusDigital C,Aerospace,United States,2022,2647,Funded,9.9,Increasing,Active Hiring,Profit,12.24,252,9.53,2395,Low
KeystoneMedia T,Automotive,Singapore,2023,8949,Funded,15.5,Stable,Hiring Freeze,Profit,4.28,1418,15.84,7531,Medium
GraniteAero,Energy,Australia,2023,9359,Public/Post-IPO,64.9,Stable,Selective Hiring,Loss,-24.68,3177,33.95,6182,Medium
AnchorNetworks D,Hospitality,India,2023,6390,Public/Post-IPO,1197.8,Increasing,Hiring Freeze,Profit,20.42,1605,25.11,4785,High
OrbitFoods,Biotech,United States,2022,5468,Public/Post-IPO,844.6,Decreasing,Hiring Freeze,Profit,-15.8,1233,22.55,4235,High
MeridianAnalytics R,Technology,India,2024,706,Funded,22.3,Stable,Selective Hiring,Profit,10.93,122,17.33,584,Medium
GraniteLabs K,Crypto/Web3,United States,2024,6103,Bootstrapped,0.0,Decreasing,Hiring Freeze,Loss,-3.36,1405,23.02,4698,High
MeridianHealth Q,Logistics,Brazil,2022,206,Funded,36.1,Stable,Selective Hiring,Loss,26.05,93,44.97,113,High
NimbusRetail D,Healthcare,United States,2022,8685,Bootstrapped,0.0,Increasing,Selective Hiring,Profit,-12.61,586,6.75,8099,Low
NimbusDynamics D,Real Estate,Japan,2022,2456,Public/Post-IPO,46.9,Increasing,Selective Hiring,Loss,24.22,1006,40.97,1450,High
TerraMedia K,Energy,United States,2022,637,Public/Post-IPO,18.4,Stable,Hiring Freeze,Loss,-8.85,181,28.44,456,Medium
FusionDynamics X,Technology,United States,2023,1794,Bootstrapped,0.0,Stable,Selective Hiring,Loss,-1.08,102,5.66,1692,High
HorizonDynamics Z,Consumer Goods,United States,2022,9033,Bootstrapped,0.0,Stable,Active Hiring,Profit,1.59,889,9.84,8144,Low
BrightLabs E,Biotech,United Kingdom,2023,4685,Funded,16.5,Increasing,Hiring Freeze,Profit,36.59,202,4.31,4483,Low
RidgeTechnologies Z,Energy,Germany,2025,1155,Bootstrapped,0.0,Stable,Active Hiring,Profit,-26.34,712,61.66,443,Medium
VertexSoftware L,Hospitality,United States,2022,491,Funded,63.1,Increasing,Hiring Freeze,Profit,-16.07,188,38.22,303,High
LumenHealth V,Automotive,United States,2024,2759,Funded,55.1,Stable,Hiring Freeze,Loss,-6.44,951,34.47,1808,High
CascadeSoftware G,Real Estate,United States,2025,3964,Funded,70.4,Increasing,Active Hiring,Profit,15.59,634,15.99,3330,Low
DriftBio C,Logistics,United States,2023,2864,Funded,20.5,Stable,Hiring Freeze,Loss,7.08,845,29.51,2019,High
HorizonHealth M,Technology,India,2026,6142,Public/Post-IPO,1099.5,Increasing,Hiring Freeze,Profit,-6.43,660,10.74,5482,Medium
NovaDigital D,Real Estate,United States,2024,6420,Bootstrapped,0.0,Increasing,Active Hiring,Profit,12.22,1396,21.74,5024,Low
VertexSolutions X,Real Estate,France,2022,1642,Bootstrapped,0.0,Increasing,Active Hiring,Profit,10.22,81,4.95,1561,Low
KeystoneMotors,Logistics,China,2023,1464,Public/Post-IPO,99.2,Decreasing,Hiring Freeze,Loss,-22.01,944,64.5,520,High
QuantumAero X,Hospitality,Germany,2026,5467,Public/Post-IPO,35.8,Decreasing,Selective Hiring,Profit,-14.56,1588,29.04,3879,Medium
EchoEnergy A,Telecommunications,Singapore,2023,2411,Public/Post-IPO,142.7,Decreasing,Hiring Freeze,Loss,-8.31,1035,42.92,1376,High
QuantumMotors,Crypto/Web3,United States,2023,2984,Public/Post-IPO,1900.5,Increasing,Hiring Freeze,Profit,25.94,544,18.24,2440,Low
NovaRetail C,Telecommunications,Sweden,2023,5006,Bootstrapped,0.0,Increasing,Active Hiring,Profit,6.26,147,2.93,4859,Low
ApexBio Q,Retail,United Kingdom,2023,6835,Public/Post-IPO,436.9,Increasing,Selective Hiring,Profit,22.89,1588,23.24,5247,Low
ForgeMotors,Telecommunications,Singapore,2024,6208,Funded,43.0,Decreasing,Selective Hiring,Profit,-9.06,913,14.71,5295,Medium
BrightIndustries N,Automotive,Japan,2023,6369,Funded,29.3,Decreasing,Hiring Freeze,Profit,21.47,1355,21.28,5014,Low
DriftAero R,Energy,China,2022,8022,Bootstrapped,0.0,Increasing,Hiring Freeze,Loss,10.47,2596,32.36,5426,Medium
IroncladCapital H,Hospitality,United States,2022,2957,Bootstrapped,0.0,Stable,Hiring Freeze,Loss,-20.41,1122,37.96,1835,High
KeystoneHealth F,Telecommunications,United States,2022,8046,Bootstrapped,0.0,Increasing,Hiring Freeze,Loss,2.8,1017,12.64,7029,Low
HarborHoldings S,Finance,United States,2026,9407,Funded,150.2,Increasing,Hiring Freeze,Loss,35.98,3558,37.82,5849,Medium
CatalystBio P,Telecommunications,United Kingdom,2022,1917,Bootstrapped,0.0,Increasing,Active Hiring,Loss,26.61,224,11.7,1693,Low
ForgeNetworks C,Finance,United States,2022,7086,Public/Post-IPO,131.8,Decreasing,Active Hiring,Profit,-22.48,2363,33.35,4723,High
CatalystSystems,Retail,United States,2024,9959,Bootstrapped,0.0,Stable,Hiring Freeze,Profit,16.88,8983,90.2,976,High
VertexCapital,Real Estate,Poland,2025,5724,Funded,3.4,Decreasing,Selective Hiring,Loss,-7.2,1240,21.67,4484,Low
IroncladNetworks G,Crypto/Web3,Poland,2022,6989,Bootstrapped,0.0,Stable,Hiring Freeze,Loss,42.89,862,12.34,6127,High
RidgeDigital S,Crypto/Web3,Australia,2022,6376,Public/Post-IPO,57.5,Stable,Hiring Freeze,Profit,26.71,179,2.8,6197,Medium
SolaceCapital,Retail,France,2022,8991,Bootstrapped,0.0,Stable,Hiring Freeze,Loss,7.87,2572,28.61,6419,High
CobaltMotors L,Technology,United States,2024,7786,Funded,43.4,Stable,Active Hiring,Loss,-5.71,2109,27.09,5677,Low
CrescentDynamics G,Telecommunications,United States,2026,516,Funded,23.0,Increasing,Selective Hiring,Profit,15.58,38,7.27,478,Low
WaveAero N,Real Estate,United Kingdom,2024,6395,Funded,5.9,Increasing,Hiring Freeze,Profit,-3.09,481,7.52,5914,Low
GraniteRetail,Manufacturing,United Kingdom,2024,3045,Public/Post-IPO,12.2,Stable,Selective Hiring,Profit,-36.03,487,15.99,2558,Low
GraniteAnalytics E,Technology,United Kingdom,2024,2139,Funded,38.9,Decreasing,Hiring Freeze,Loss,-36.04,498,23.29,1641,High
BrightLabs H,Manufacturing,United States,2022,8440,Bootstrapped,0.0,Increasing,Selective Hiring,Profit,7.52,1280,15.16,7160,Low
DeltaNetworks U,Logistics,China,2026,1204,Bootstrapped,0.0,Decreasing,Active Hiring,Loss,-17.18,360,29.9,844,High
KeystoneDigital,Automotive,India,2024,7066,Bootstrapped,0.0,Stable,Selective Hiring,Loss,18.4,3112,44.04,3954,Medium
AnchorSolutions A,Hospitality,Germany,2025,6432,Funded,4.7,Decreasing,Active Hiring,Profit,-10.4,262,4.08,6170,Medium
MeridianRetail C,Crypto/Web3,United States,2024,2299,Funded,0.0,Decreasing,Selective Hiring,Loss,-35.4,1412,61.4,887,High
LumenSolutions N,Aerospace,Canada,2024,8704,Funded,111.4,Increasing,Hiring Freeze,Profit,-13.57,6445,74.05,2259,High
NimbusFoods F,Aerospace,United States,2023,3069,Bootstrapped,0.0,Stable,Active Hiring,Loss,11.84,96,3.13,2973,Low
DeltaEnergy W,Logistics,United States,2023,4432,Public/Post-IPO,146.4,Increasing,Active Hiring,Profit,21.78,542,12.24,3890,Low
OrbitHealth C,Real Estate,India,2026,1672,Bootstrapped,0.0,Decreasing,Hiring Freeze,Loss,7.92,1102,65.89,570,High
LumenAero A,Real Estate,United States,2023,764,Bootstrapped,0.0,Increasing,Hiring Freeze,Profit,51.2,255,33.41,509,Low
EchoSoftware V,Healthcare,Germany,2022,5431,Funded,21.0,Increasing,Hiring Freeze,Loss,12.19,1742,32.08,3689,Low
MeridianHealth S,Hardware,India,2026,6387,Funded,0.0,Decreasing,Selective Hiring,Loss,-26.71,5708,89.37,679,High
AnchorGroup Y,Education,India,2026,3173,Funded,36.9,Stable,Hiring Freeze,Loss,39.17,1654,52.14,1519,High
WaveLabs F,Healthcare,United States,2023,1168,Bootstrapped,0.0,Decreasing,Active Hiring,Profit,7.18,526,45.0,642,Low
BrightRetail S,Logistics,United States,2022,9782,Public/Post-IPO,87.4,Decreasing,Active Hiring,Loss,0.39,3775,38.59,6007,Low
TerraMotors,Healthcare,United States,2022,3192,Bootstrapped,0.0,Decreasing,Active Hiring,Profit,-41.9,1044,32.7,2148,Low
KeystoneSystems G,Education,Israel,2026,9575,Bootstrapped,0.0,Increasing,Active Hiring,Loss,8.27,1101,11.5,8474,Low
ClarityFoods,Hardware,United States,2025,9661,Funded,25.6,Stable,Selective Hiring,Profit,13.9,1458,15.09,8203,Low
PioneerRetail P,Real Estate,United States,2022,8079,Public/Post-IPO,300.0,Stable,Hiring Freeze,Loss,10.47,4514,55.87,3565,High
DriftSoftware Y,Biotech,Japan,2023,1254,Bootstrapped,0.0,Decreasing,Active Hiring,Loss,-16.67,698,55.65,556,High
NovaRetail,Technology,United Kingdom,2022,3172,Funded,5.6,Decreasing,Hiring Freeze,Loss,-3.18,1269,40.02,1903,High
BrightHoldings,Real Estate,Australia,2023,2315,Funded,12.1,Increasing,Active Hiring,Profit,17.52,266,11.5,2049,Medium
ClaritySystems O,Aerospace,United Kingdom,2024,7095,Bootstrapped,0.0,Decreasing,Active Hiring,Loss,-28.52,1324,18.66,5771,Medium
NovaMotors W,Logistics,Singapore,2026,9506,Funded,14.4,Increasing,Active Hiring,Profit,9.55,2061,21.68,7445,Low
GraniteRobotics L,Crypto/Web3,United States,2026,8973,Funded,0.0,Stable,Hiring Freeze,Loss,41.5,2012,22.42,6961,High
QuantumAero F,Aerospace,United Kingdom,2023,9852,Funded,27.8,Increasing,Hiring Freeze,Profit,11.27,1464,14.86,8388,Low
FusionIndustries,Crypto/Web3,France,2022,7411,Bootstrapped,0.0,Stable,Active Hiring,Loss,32.43,411,5.55,7000,Low
IroncladSystems H,Media & Entertainment,France,2023,4667,Bootstrapped,0.0,Increasing,Hiring Freeze,Profit,50.9,77,1.65,4590,Low
PioneerDynamics,Consumer Goods,Australia,2025,7091,Funded,2.8,Increasing,Hiring Freeze,Loss,14.99,1089,15.36,6002,Low
HorizonSolutions H,Logistics,United Kingdom,2026,4472,Bootstrapped,0.0,Stable,Selective Hiring,Profit,51.29,513,11.47,3959,Low
KeystoneFoods V,Energy,Australia,2024,4110,Public/Post-IPO,496.0,Decreasing,Hiring Freeze,Profit,22.12,1526,37.12,2584,Medium
HorizonFoods U,Hospitality,Sweden,2022,6878,Public/Post-IPO,107.1,Increasing,Hiring Freeze,Loss,-10.38,1182,17.19,5696,Medium
SolaceHoldings Q,Education,China,2022,8935,Funded,14.4,Stable,Hiring Freeze,Loss,-18.81,4206,47.07,4729,High
StellarDynamics O,Energy,United States,2022,5774,Public/Post-IPO,896.1,Increasing,Active Hiring,Loss,5.64,1670,28.92,4104,Low
BeaconFoods C,Hardware,United States,2025,1972,Funded,145.6,Increasing,Active Hiring,Profit,27.84,332,16.83,1640,Low
ForgeSoftware S,Education,United States,2023,3488,Funded,54.7,Increasing,Active Hiring,Profit,17.92,301,8.64,3187,Low
DeltaTechnologies,Manufacturing,United States,2022,4336,Public/Post-IPO,143.4,Increasing,Active Hiring,Profit,21.11,203,4.68,4133,Low
EchoVentures F,Crypto/Web3,United States,2025,9478,Public/Post-IPO,46.6,Increasing,Selective Hiring,Loss,-4.78,427,4.51,9051,Low
ZenithSystems B,Hospitality,Japan,2026,2565,Funded,22.9,Decreasing,Active Hiring,Loss,6.26,1443,56.24,1122,High
HarborBio N,Education,Japan,2024,2084,Bootstrapped,0.0,Decreasing,Active Hiring,Loss,9.66,183,8.78,1901,High
IroncladDynamics Y,Media & Entertainment,Australia,2023,612,Public/Post-IPO,82.6,Decreasing,Selective Hiring,Loss,-14.41,251,40.95,361,High
EchoCapital Z,Technology,Singapore,2025,4489,Funded,35.2,Increasing,Active Hiring,Loss,28.76,852,18.97,3637,Medium
DeltaEnergy O,Real Estate,United States,2023,4648,Bootstrapped,0.0,Decreasing,Hiring Freeze,Loss,-24.53,2313,49.76,2335,High
SummitSystems P,Hardware,Brazil,2022,3103,Bootstrapped,0.0,Increasing,Hiring Freeze,Profit,14.84,144,4.65,2959,Low
RidgeRetail G,Energy,Germany,2024,3086,Bootstrapped,0.0,Stable,Hiring Freeze,Loss,-4.55,1615,52.32,1471,High
VantageVentures G,Real Estate,India,2025,937,Funded,30.0,Stable,Active Hiring,Profit,30.27,261,27.87,676,Low
CircuitFoods O,Media & Entertainment,United Kingdom,2023,3173,Public/Post-IPO,271.4,Stable,Hiring Freeze,Profit,22.91,589,18.55,2584,Low
TundraVentures W,Biotech,United States,2022,7676,Bootstrapped,0.0,Decreasing,Hiring Freeze,Loss,34.44,2855,37.2,4821,High
DeltaMedia,Energy,Singapore,2024,9764,Bootstrapped,0.0,Stable,Active Hiring,Profit,3.29,2040,20.89,7724,Low
ZenithSystems P,Logistics,United Kingdom,2022,6121,Bootstrapped,0.0,Decreasing,Hiring Freeze,Profit,1.6,902,14.74,5219,Low
AnchorSystems,Technology,Japan,2023,9450,Funded,4.0,Increasing,Hiring Freeze,Profit,18.26,3467,36.69,5983,Medium
NimbusNetworks Y,Hardware,Australia,2023,6570,Funded,49.7,Increasing,Hiring Freeze,Loss,21.28,4047,61.6,2523,Medium
PioneerCapital B,Finance,United States,2024,6371,Funded,24.8,Stable,Selective Hiring,Profit,-9.11,595,9.34,5776,Medium
FusionIndustries Z,Crypto/Web3,India,2025,454,Public/Post-IPO,1113.0,Decreasing,Hiring Freeze,Profit,-12.05,76,16.68,378,Medium
TundraFoods H,Aerospace,United States,2026,9880,Funded,10.5,Stable,Selective Hiring,Profit,41.26,3087,31.24,6793,Low
ZenithAero Q,Energy,Canada,2022,9751,Funded,36.5,Stable,Active Hiring,Loss,-9.49,1590,16.31,8161,Low
HorizonRobotics,Logistics,Australia,2022,7044,Bootstrapped,0.0,Increasing,Active Hiring,Loss,14.55,2726,38.7,4318,Medium
PioneerSystems,Healthcare,United States,2026,9049,Public/Post-IPO,33.0,Decreasing,Selective Hiring,Profit,21.52,6056,66.92,2993,Medium
SummitRobotics Q,Technology,India,2024,6768,Public/Post-IPO,199.4,Stable,Selective Hiring,Loss,35.14,2270,33.54,4498,Medium
KeystoneHealth I,Crypto/Web3,United States,2026,3751,Funded,6.3,Decreasing,Active Hiring,Profit,4.61,377,10.05,3374,High
AnchorEnergy S,Manufacturing,China,2022,6975,Public/Post-IPO,609.6,Increasing,Active Hiring,Loss,21.11,508,7.28,6467,Low
SolaceWorks R,Consumer Goods,United States,2023,3386,Bootstrapped,0.0,Stable,Hiring Freeze,Loss,27.2,876,25.86,2510,Low
OrbitAero H,Real Estate,United States,2022,3951,Public/Post-IPO,0.0,Stable,Hiring Freeze,Loss,26.92,1561,39.5,2390,High
ZenithIndustries D,Manufacturing,Australia,2024,1381,Funded,40.8,Increasing,Hiring Freeze,Profit,25.22,503,36.41,878,Low
CobaltHoldings R,Healthcare,United Kingdom,2023,3354,Funded,9.2,Increasing,Selective Hiring,Profit,26.78,288,8.59,3066,Low
SummitNetworks N,Hospitality,Singapore,2022,834,Bootstrapped,0.0,Stable,Hiring Freeze,Profit,29.35,142,17.04,692,Low
DeltaSystems U,Energy,United States,2023,4440,Bootstrapped,0.0,Increasing,Hiring Freeze,Profit,16.27,348,7.83,4092,Low
ZenithGroup S,Media & Entertainment,India,2024,7838,Funded,38.1,Increasing,Active Hiring,Profit,21.92,349,4.45,7489,Low
PioneerWorks,Aerospace,China,2023,1076,Funded,2.3,Decreasing,Active Hiring,Loss,15.55,269,25.03,807,High
AnchorSoftware,Aerospace,Poland,2025,5850,Public/Post-IPO,46.9,Decreasing,Active Hiring,Profit,24.01,2561,43.77,3289,Low
DeltaSystems I,Healthcare,United States,2023,5988,Public/Post-IPO,78.5,Stable,Active Hiring,Loss,19.27,637,10.63,5351,Low
VantageEnergy W,Automotive,United Kingdom,2022,3622,Funded,17.8,Stable,Hiring Freeze,Profit,-18.01,617,17.03,3005,Low
VantageTechnologies,Logistics,United States,2025,1663,Funded,76.0,Decreasing,Hiring Freeze,Loss,-5.33,1312,78.87,351,High
StellarVentures,Consumer Goods,United States,2023,3064,Public/Post-IPO,99.9,Decreasing,Selective Hiring,Loss,-14.99,283,9.23,2781,High
ClaritySolutions U,Consumer Goods,Canada,2022,1218,Bootstrapped,0.0,Increasing,Hiring Freeze,Loss,21.17,742,60.92,476,High
QuantumSolutions,Technology,United States,2025,9489,Bootstrapped,0.0,Stable,Active Hiring,Loss,-3.45,1811,19.08,7678,Low
EmberMedia A,Hardware,United States,2026,2499,Funded,15.3,Stable,Selective Hiring,Profit,-7.2,370,14.8,2129,Low
WaveHoldings W,Telecommunications,United States,2023,9707,Public/Post-IPO,492.4,Decreasing,Selective Hiring,Loss,-2.45,3021,31.12,6686,High
EchoRobotics D,Automotive,China,2023,5746,Bootstrapped,0.0,Increasing,Active Hiring,Profit,1.84,243,4.23,5503,Low
OrbitSoftware W,Telecommunications,Sweden,2022,7449,Public/Post-IPO,1611.9,Increasing,Active Hiring,Profit,35.28,177,2.37,7272,Low
AnchorWorks U,Finance,Singapore,2022,5503,Public/Post-IPO,6.3,Increasing,Active Hiring,Profit,16.72,569,10.34,4934,Low
VantageTechnologies,Retail,United States,2026,6415,Public/Post-IPO,1190.4,Stable,Selective Hiring,Loss,8.96,1588,24.76,4827,Medium
DriftLabs,Consumer Goods,France,2025,4795,Funded,12.8,Decreasing,Active Hiring,Profit,-1.51,294,6.13,4501,Low
WaveHoldings O,Hospitality,Sweden,2023,4393,Funded,78.9,Stable,Active Hiring,Loss,14.25,1201,27.34,3192,Low
HarborRobotics L,Education,United Kingdom,2025,5791,Bootstrapped,0.0,Decreasing,Hiring Freeze,Loss,2.79,4043,69.81,1748,High
FusionMedia B,Hospitality,Israel,2022,8927,Funded,16.7,Stable,Selective Hiring,Profit,-3.7,145,1.62,8782,Low
SummitWorks L,Healthcare,United States,2026,4370,Bootstrapped,0.0,Increasing,Active Hiring,Profit,-5.52,479,10.97,3891,Low
NimbusDigital S,Technology,Japan,2022,7129,Public/Post-IPO,218.2,Stable,Selective Hiring,Loss,17.83,4063,56.99,3066,High
CobaltNetworks F,Telecommunications,United States,2022,6985,Bootstrapped,0.0,Decreasing,Selective Hiring,Loss,0.93,1929,27.61,5056,High
CatalystRetail C,Real Estate,United States,2022,6259,Funded,46.0,Increasing,Selective Hiring,Loss,-8.79,1683,26.89,4576,Medium
HorizonMedia E,Technology,Israel,2025,440,Bootstrapped,0.0,Stable,Hiring Freeze,Profit,47.22,178,40.47,262,Low
RidgeSolutions,Telecommunications,United States,2024,2312,Public/Post-IPO,63.5,Decreasing,Selective Hiring,Profit,-12.71,593,25.65,1719,Low
CircuitBio N,Media & Entertainment,United States,2023,3364,Public/Post-IPO,72.0,Increasing,Active Hiring,Profit,19.32,1048,31.15,2316,Low
CascadeDigital U,Hospitality,Brazil,2026,7897,Public/Post-IPO,73.6,Decreasing,Selective Hiring,Loss,-26.08,366,4.64,7531,High
EchoIndustries V,Consumer Goods,Brazil,2026,9585,Funded,106.6,Increasing,Active Hiring,Profit,-0.98,1474,15.38,8111,Low
OrbitRobotics J,Hospitality,United States,2024,6419,Funded,22.6,Decreasing,Hiring Freeze,Loss,-21.83,280,4.36,6139,High
EchoWorks C,Media & Entertainment,Brazil,2025,8673,Funded,2.6,Increasing,Active Hiring,Profit,6.85,487,5.61,8186,Low
JasperSolutions J,Manufacturing,Australia,2023,7544,Public/Post-IPO,138.1,Increasing,Active Hiring,Profit,19.41,1124,14.9,6420,Low
TerraIndustries V,Technology,Germany,2022,2918,Bootstrapped,0.0,Stable,Hiring Freeze,Loss,-2.97,428,14.67,2490,High
GlacierAero,Healthcare,Netherlands,2022,7885,Public/Post-IPO,110.9,Stable,Hiring Freeze,Loss,23.14,557,7.06,7328,Low
DriftIndustries B,Automotive,India,2025,9541,Public/Post-IPO,9.4,Decreasing,Hiring Freeze,Profit,-11.67,5868,61.5,3673,High
HorizonFoods O,Aerospace,United States,2022,5449,Public/Post-IPO,200.7,Stable,Hiring Freeze,Profit,0.21,1313,24.09,4136,Low
TundraAero,Consumer Goods,Netherlands,2022,2680,Funded,51.7,Increasing,Hiring Freeze,Profit,0.43,176,6.56,2504,Low
EchoLabs,Telecommunications,United States,2024,3944,Bootstrapped,0.0,Decreasing,Hiring Freeze,Loss,17.9,2758,69.94,1186,High
TundraSoftware Y,Telecommunications,Israel,2025,1264,Bootstrapped,0.0,Increasing,Selective Hiring,Profit,-16.01,321,25.41,943,Low
JasperRobotics P,Real Estate,United Kingdom,2026,9521,Bootstrapped,0.0,Increasing,Active Hiring,Profit,13.9,1554,16.32,7967,Low
MeridianSoftware T,Aerospace,Sweden,2025,5400,Public/Post-IPO,104.9,Increasing,Active Hiring,Profit,6.72,315,5.84,5085,Low
KeystoneSolutions C,Technology,Brazil,2023,8816,Bootstrapped,0.0,Increasing,Selective Hiring,Loss,19.94,1606,18.22,7210,High
CobaltHealth Q,Finance,United States,2024,2680,Public/Post-IPO,211.4,Stable,Active Hiring,Loss,40.45,512,19.12,2168,Low
HarborRobotics H,Technology,Australia,2024,390,Public/Post-IPO,28.5,Decreasing,Active Hiring,Loss,5.21,125,32.12,265,High
BrightGroup,Hospitality,United States,2022,5242,Funded,7.8,Decreasing,Selective Hiring,Loss,19.45,3461,66.02,1781,High
GlacierFoods D,Finance,United States,2022,4871,Funded,14.5,Decreasing,Active Hiring,Loss,6.52,1423,29.21,3448,Medium
ForgeNetworks X,Education,Germany,2024,7215,Public/Post-IPO,483.9,Decreasing,Selective Hiring,Loss,6.34,2598,36.01,4617,Medium
FusionSoftware U,Crypto/Web3,United Kingdom,2022,3946,Funded,35.1,Stable,Active Hiring,Profit,11.99,1362,34.52,2584,Low
FusionLabs Z,Energy,Singapore,2022,2316,Public/Post-IPO,11.1,Decreasing,Hiring Freeze,Loss,-7.2,2043,88.22,273,High
BeaconSystems N,Aerospace,Netherlands,2024,7918,Bootstrapped,0.0,Decreasing,Selective Hiring,Profit,17.44,1236,15.61,6682,Low
CrescentWorks,Technology,United States,2022,5403,Public/Post-IPO,138.4,Increasing,Selective Hiring,Profit,-17.21,560,10.37,4843,Low
DeltaLogistics O,Energy,Canada,2025,1421,Public/Post-IPO,190.2,Decreasing,Hiring Freeze,Loss,-10.31,322,22.63,1099,High
WaveMotors M,Education,United States,2023,8231,Funded,10.3,Increasing,Hiring Freeze,Profit,17.12,1061,12.89,7170,Low
CatalystCapital C,Telecommunications,United States,2026,9610,Bootstrapped,0.0,Increasing,Active Hiring,Profit,25.06,890,9.26,8720,Low
KeystoneDynamics Y,Consumer Goods,United States,2025,6694,Bootstrapped,0.0,Increasing,Hiring Freeze,Profit,-6.93,791,11.82,5903,Low
BeaconRetail D,Hospitality,India,2024,5612,Public/Post-IPO,54.9,Decreasing,Active Hiring,Profit,-48.53,2570,45.8,3042,High
BeaconVentures,Consumer Goods,United States,2025,1595,Public/Post-IPO,31.3,Decreasing,Hiring Freeze,Loss,-30.62,472,29.59,1123,High
SolaceHealth J,Hardware,United States,2022,3826,Bootstrapped,0.0,Stable,Active Hiring,Profit,-6.78,544,14.23,3282,Low
NovaWorks V,Telecommunications,India,2023,1968,Bootstrapped,0.0,Stable,Hiring Freeze,Profit,-7.93,246,12.5,1722,Low
MeridianMedia Z,Crypto/Web3,United States,2022,3708,Funded,43.9,Increasing,Hiring Freeze,Profit,12.24,683,18.43,3025,Low
CobaltSystems C,Healthcare,United States,2022,9700,Funded,229.4,Decreasing,Selective Hiring,Profit,-1.44,2101,21.66,7599,Low
GraniteBio G,Consumer Goods,United States,2022,6791,Bootstrapped,0.0,Increasing,Hiring Freeze,Loss,20.65,1381,20.33,5410,Low
VertexNetworks L,Hospitality,Netherlands,2023,4397,Bootstrapped,0.0,Increasing,Active Hiring,Profit,6.63,657,14.94,3740,Low
HorizonVentures S,Hospitality,Singapore,2022,7896,Funded,11.0,Decreasing,Hiring Freeze,Loss,-30.74,2153,27.27,5743,High
RidgeSoftware,Consumer Goods,Canada,2024,634,Bootstrapped,0.0,Increasing,Hiring Freeze,Profit,20.26,26,4.13,608,Low
CatalystHealth,Energy,United States,2025,1507,Funded,4.7,Stable,Hiring Freeze,Profit,4.1,745,49.42,762,Low
EchoDigital N,Hardware,India,2024,7268,Public/Post-IPO,58.5,Decreasing,Active Hiring,Profit,11.17,2496,34.34,4772,Medium
StellarEnergy O,Automotive,China,2023,8541,Public/Post-IPO,684.3,Decreasing,Hiring Freeze,Profit,0.87,1961,22.96,6580,Low
PioneerSolutions,Aerospace,United States,2022,6610,Bootstrapped,0.0,Increasing,Selective Hiring,Profit,16.79,1388,21.0,5222,Low
NovaHealth,Aerospace,United States,2022,4587,Bootstrapped,0.0,Decreasing,Active Hiring,Loss,-33.13,2126,46.35,2461,High
IroncladEnergy V,Aerospace,India,2022,9370,Public/Post-IPO,11.9,Decreasing,Selective Hiring,Loss,-12.49,1200,12.81,8170,High
DeltaLogistics W,Education,France,2022,7161,Public/Post-IPO,230.8,Increasing,Active Hiring,Loss,13.43,1565,21.86,5596,Medium
CircuitLabs,Manufacturing,United States,2025,1119,Funded,6.1,Increasing,Hiring Freeze,Profit,-8.66,253,22.57,866,Low
HorizonAnalytics,Media & Entertainment,India,2024,6146,Bootstrapped,0.0,Stable,Hiring Freeze,Profit,-5.1,1951,31.74,4195,High
BeaconHoldings M,Crypto/Web3,United States,2022,7090,Bootstrapped,0.0,Stable,Active Hiring,Loss,-14.82,1456,20.54,5634,Low
LumenDynamics,Consumer Goods,India,2024,5228,Bootstrapped,0.0,Increasing,Hiring Freeze,Profit,9.1,95,1.82,5133,Low
VantageHoldings E,Hardware,India,2024,2039,Bootstrapped,0.0,Increasing,Hiring Freeze,Loss,29.89,252,12.38,1787,High
RidgeDynamics,Media & Entertainment,Japan,2023,424,Funded,29.0,Increasing,Selective Hiring,Profit,41.13,77,18.12,347,Low
LumenBio,Energy,United Kingdom,2026,3969,Bootstrapped,0.0,Increasing,Selective Hiring,Loss,17.67,351,8.85,3618,Low
LumenRobotics,Biotech,United States,2022,195,Funded,133.5,Increasing,Hiring Freeze,Loss,7.86,90,46.09,105,Medium
JasperLogistics,Automotive,United States,2022,1440,Funded,5.8,Decreasing,Selective Hiring,Loss,-9.47,197,13.65,1243,High
GraniteMedia,Media & Entertainment,United States,2025,7930,Funded,1.2,Increasing,Hiring Freeze,Profit,1.41,1949,24.58,5981,Low
MeridianWorks R,Consumer Goods,United Kingdom,2023,6108,Public/Post-IPO,9.6,Stable,Selective Hiring,Loss,24.47,1682,27.53,4426,Medium
NimbusAero L,Media & Entertainment,United States,2025,8547,Public/Post-IPO,162.5,Decreasing,Selective Hiring,Profit,-21.68,1700,19.89,6847,Medium
GraniteHoldings,Automotive,Netherlands,2022,6002,Funded,80.0,Decreasing,Active Hiring,Loss,2.31,1265,21.07,4737,High
FusionRobotics C,Crypto/Web3,Singapore,2026,6291,Public/Post-IPO,379.4,Increasing,Active Hiring,Profit,5.91,470,7.47,5821,Low
GraniteNetworks,Logistics,Germany,2023,8072,Bootstrapped,0.0,Decreasing,Selective Hiring,Profit,10.6,2068,25.62,6004,Low
FusionMotors,Consumer Goods,India,2022,9300,Funded,24.3,Decreasing,Hiring Freeze,Loss,-4.12,7594,81.66,1706,High
FusionLabs A,Telecommunications,Canada,2026,6919,Public/Post-IPO,12.6,Increasing,Hiring Freeze,Profit,-4.03,1558,22.52,5361,Medium
GlacierNetworks,Hospitality,Israel,2024,4461,Bootstrapped,0.0,Increasing,Active Hiring,Profit,1.65,692,15.51,3769,Low
ForgeTechnologies O,Education,China,2024,4381,Public/Post-IPO,3163.3,Increasing,Selective Hiring,Profit,6.83,682,15.56,3699,Low
VantageDynamics,Crypto/Web3,United States,2026,877,Bootstrapped,0.0,Increasing,Hiring Freeze,Loss,2.83,193,22.03,684,Medium
HorizonSystems F,Healthcare,United States,2023,4934,Bootstrapped,0.0,Increasing,Selective Hiring,Profit,-17.6,1033,20.94,3901,Medium
TerraMedia X,Technology,United Kingdom,2024,5218,Public/Post-IPO,229.2,Stable,Selective Hiring,Loss,3.73,653,12.52,4565,Medium
EchoBio U,Finance,Canada,2025,7292,Funded,41.2,Stable,Selective Hiring,Loss,27.04,769,10.55,6523,Low
IroncladSystems H,Crypto/Web3,Netherlands,2023,2959,Funded,13.9,Stable,Selective Hiring,Loss,52.28,1464,49.46,1495,Medium
SolaceSoftware J,Media & Entertainment,United States,2022,2722,Funded,53.1,Decreasing,Active Hiring,Loss,36.79,473,17.38,2249,Low
CrescentAero T,Media & Entertainment,India,2025,113,Bootstrapped,0.0,Increasing,Hiring Freeze,Loss,19.96,32,28.46,81,High
JasperBio J,Biotech,France,2022,3053,Bootstrapped,0.0,Decreasing,Hiring Freeze,Loss,-6.57,2126,69.65,927,High
VantageHoldings,Energy,United Kingdom,2023,9215,Bootstrapped,0.0,Decreasing,Hiring Freeze,Loss,-15.61,990,10.74,8225,High
CrescentIndustries R,Finance,Brazil,2023,9360,Bootstrapped,0.0,Increasing,Active Hiring,Profit,27.74,658,7.03,8702,Low
BeaconRetail T,Manufacturing,France,2022,2184,Public/Post-IPO,188.9,Stable,Selective Hiring,Loss,37.37,209,9.55,1975,Low
CatalystAero X,Automotive,China,2025,9657,Funded,42.5,Decreasing,Hiring Freeze,Loss,-12.95,906,9.38,8751,Medium
PioneerNetworks O,Biotech,India,2023,6418,Funded,35.6,Stable,Hiring Freeze,Loss,14.3,198,3.08,6220,High
CascadeMotors G,Telecommunications,India,2026,6777,Public/Post-IPO,32.9,Decreasing,Active Hiring,Loss,10.1,959,14.15,5818,Low
StellarMotors,Telecommunications,Germany,2023,2906,Public/Post-IPO,65.5,Decreasing,Active Hiring,Loss,13.76,564,19.41,2342,Low
AnchorSoftware J,Education,United States,2024,4877,Bootstrapped,0.0,Increasing,Active Hiring,Profit,7.62,997,20.44,3880,Low
EchoNetworks,Healthcare,United Kingdom,2023,6865,Public/Post-IPO,22.9,Decreasing,Hiring Freeze,Loss,24.74,1155,16.83,5710,High
StellarBio,Telecommunications,Germany,2024,6325,Public/Post-IPO,197.6,Decreasing,Active Hiring,Profit,-3.77,2157,34.11,4168,Medium
DriftBio J,Crypto/Web3,France,2024,8871,Bootstrapped,0.0,Stable,Selective Hiring,Profit,-13.48,1691,19.06,7180,Low
DriftGroup C,Biotech,China,2025,5548,Public/Post-IPO,189.0,Decreasing,Hiring Freeze,Loss,8.7,1727,31.12,3821,High
AnchorWorks,Crypto/Web3,Australia,2024,3522,Funded,44.1,Decreasing,Hiring Freeze,Loss,-46.48,1387,39.39,2135,High
TundraEnergy F,Manufacturing,United Kingdom,2022,7902,Public/Post-IPO,5654.0,Increasing,Selective Hiring,Loss,41.08,2428,30.73,5474,Low
EchoVentures D,Automotive,United States,2024,9153,Funded,85.3,Decreasing,Selective Hiring,Profit,-5.5,914,9.99,8239,High
StellarRobotics H,Biotech,United States,2023,4902,Funded,0.0,Increasing,Active Hiring,Profit,7.85,649,13.24,4253,Low
ApexEnergy D,Manufacturing,United States,2025,2482,Bootstrapped,0.0,Decreasing,Hiring Freeze,Profit,19.76,1216,49.01,1266,High
MeridianAnalytics U,Manufacturing,Israel,2025,8799,Funded,8.4,Stable,Active Hiring,Profit,2.69,1243,14.13,7556,Low
BrightMedia,Crypto/Web3,United States,2023,7813,Bootstrapped,0.0,Decreasing,Active Hiring,Loss,-0.14,984,12.6,6829,Low
ClarityLogistics N,Finance,United States,2023,6578,Bootstrapped,0.0,Decreasing,Hiring Freeze,Profit,-23.99,2625,39.9,3953,High
TundraEnergy F,Hardware,France,2025,3500,Bootstrapped,0.0,Stable,Hiring Freeze,Loss,31.64,153,4.38,3347,High
OrbitAero G,Healthcare,India,2024,6852,Bootstrapped,0.0,Increasing,Active Hiring,Profit,4.34,184,2.69,6668,Low
CatalystLogistics,Real Estate,United States,2022,6817,Funded,0.0,Increasing,Selective Hiring,Profit,6.11,331,4.86,6486,Low
KeystoneMedia B,Real Estate,Germany,2024,7352,Bootstrapped,0.0,Decreasing,Active Hiring,Loss,5.86,4624,62.89,2728,High
HarborFoods D,Aerospace,Japan,2026,2560,Funded,18.8,Stable,Hiring Freeze,Profit,-9.51,1750,68.35,810,High
DriftNetworks,Real Estate,United Kingdom,2024,5382,Bootstrapped,0.0,Increasing,Selective Hiring,Loss,22.64,267,4.97,5115,Medium
BrightSoftware,Hospitality,Netherlands,2024,8253,Bootstrapped,0.0,Increasing,Selective Hiring,Profit,64.09,2942,35.65,5311,Low
SummitTechnologies Z,Biotech,United States,2025,3115,Bootstrapped,0.0,Increasing,Active Hiring,Profit,2.59,89,2.87,3026,Low
CrescentAero,Technology,Poland,2023,7297,Bootstrapped,0.0,Stable,Selective Hiring,Loss,5.16,4398,60.27,2899,High
CascadeCapital,Retail,United States,2024,5742,Bootstrapped,0.0,Decreasing,Active Hiring,Loss,-13.09,2268,39.5,3474,High
DeltaSystems P,Biotech,Germany,2023,8132,Funded,3.3,Increasing,Hiring Freeze,Profit,-20.96,4274,52.56,3858,High
WaveEnergy,Real Estate,Germany,2022,5030,Bootstrapped,0.0,Increasing,Active Hiring,Profit,23.04,1036,20.59,3994,Medium
TerraCapital M,Aerospace,India,2022,5775,Public/Post-IPO,360.5,Increasing,Selective Hiring,Profit,17.41,341,5.9,5434,Low
HorizonVentures O,Automotive,Canada,2023,1489,Bootstrapped,0.0,Decreasing,Selective Hiring,Profit,10.86,131,8.79,1358,Low
HorizonFoods O,Logistics,Australia,2023,4128,Funded,62.3,Increasing,Selective Hiring,Profit,-9.76,1120,27.13,3008,Low
ZenithTechnologies W,Hospitality,China,2025,2920,Bootstrapped,0.0,Stable,Hiring Freeze,Profit,3.21,571,19.56,2349,Low
CascadeAnalytics,Technology,United States,2023,8345,Bootstrapped,0.0,Increasing,Hiring Freeze,Profit,22.19,2323,27.84,6022,Medium
JasperSoftware T,Real Estate,United States,2025,1352,Public/Post-IPO,1522.4,Decreasing,Hiring Freeze,Loss,-29.76,346,25.61,1006,High
TerraRobotics F,Manufacturing,Germany,2023,5133,Bootstrapped,0.0,Decreasing,Hiring Freeze,Loss,-27.06,4876,95.0,257,High
CircuitVentures,Hospitality,Brazil,2024,5697,Funded,4.0,Stable,Selective Hiring,Profit,21.13,1096,19.23,4601,Low
ClarityDynamics E,Manufacturing,Canada,2022,6239,Bootstrapped,0.0,Decreasing,Selective Hiring,Loss,10.11,182,2.92,6057,High
HarborSoftware O,Real Estate,United States,2022,2764,Public/Post-IPO,21.2,Increasing,Hiring Freeze,Loss,30.82,87,3.13,2677,Low
WaveAero Q,Finance,China,2023,2836,Bootstrapped,0.0,Increasing,Active Hiring,Loss,33.87,503,17.73,2333,Low
BeaconDigital L,Aerospace,Brazil,2025,9639,Bootstrapped,0.0,Increasing,Active Hiring,Loss,17.16,2505,25.99,7134,Medium
CobaltRobotics,Manufacturing,United Kingdom,2024,2441,Public/Post-IPO,15.7,Increasing,Hiring Freeze,Loss,16.84,839,34.39,1602,Medium
HarborVentures H,Consumer Goods,Poland,2022,5838,Bootstrapped,0.0,Decreasing,Active Hiring,Loss,-37.69,2352,40.29,3486,High
QuantumVentures,Hospitality,United States,2022,3203,Funded,8.5,Stable,Hiring Freeze,Profit,5.875,867,27.07,2336,Medium
BeaconHoldings M,Automotive,Israel,2024,4881,Public/Post-IPO,0.0,Increasing,Active Hiring,Profit,5.23,1032,21.14,3849,Low
EchoRobotics G,Energy,France,2024,5972,Funded,21.5,Decreasing,Active Hiring,Loss,-24.54,1713,28.69,4259,Medium
SummitTechnologies,Technology,Brazil,2022,2210,Public/Post-IPO,60.5,Decreasing,Hiring Freeze,Profit,10.92,431,19.48,1779,Low
CrescentSolutions U,Crypto/Web3,United Kingdom,2024,778,Public/Post-IPO,38.3,Decreasing,Active Hiring,Profit,26.66,107,13.8,671,Low
SummitSystems N,Education,Brazil,2022,1816,Funded,82.0,Stable,Active Hiring,Profit,-19.23,230,12.65,1586,Low
EmberSoftware K,Hospitality,Brazil,2023,8596,Funded,15.7,Stable,Selective Hiring,Loss,50.89,809,9.41,7787,Low
AnchorTechnologies X,Technology,India,2024,4590,Funded,30.9,Increasing,Active Hiring,Profit,25.05,1065,23.21,3525,Low
AnchorSoftware M,Education,India,2022,1574,Funded,40.3,Stable,Active Hiring,Loss,4.33,693,44.02,881,Low
CrescentVentures,Manufacturing,United States,2023,8173,Public/Post-IPO,263.3,Increasing,Hiring Freeze,Profit,13.39,631,7.72,7542,Low
FusionHealth,Real Estate,France,2022,1626,Bootstrapped,0.0,Increasing,Hiring Freeze,Loss,3.48,228,14.0,1398,Low
IroncladCapital E,Technology,China,2023,9183,Public/Post-IPO,114.6,Increasing,Active Hiring,Profit,32.7,2344,25.53,6839,Low
AnchorVentures I,Technology,United Kingdom,2023,7582,Public/Post-IPO,15.7,Decreasing,Hiring Freeze,Loss,-8.0,5291,69.79,2291,High
AnchorDigital Z,Media & Entertainment,United States,2026,8909,Bootstrapped,0.0,Increasing,Active Hiring,Loss,22.6,3597,40.37,5312,Low
KeystoneHealth I,Healthcare,Israel,2025,3565,Funded,35.3,Decreasing,Active Hiring,Loss,11.22,923,25.88,2642,Medium
PioneerGroup W,Aerospace,Canada,2023,8951,Public/Post-IPO,53.3,Decreasing,Selective Hiring,Loss,-2.16,974,10.88,7977,Low
SolaceMedia U,Hardware,United States,2024,5557,Funded,347.7,Decreasing,Active Hiring,Profit,4.17,777,13.99,4780,Low
DriftRobotics,Energy,United States,2023,9224,Bootstrapped,0.0,Decreasing,Selective Hiring,Profit,-13.54,1511,16.38,7713,Medium
MeridianTechnologies U,Automotive,United Kingdom,2025,9044,Funded,87.8,Decreasing,Selective Hiring,Loss,-43.48,3771,41.7,5273,High
HorizonDigital,Telecommunications,Brazil,2023,7899,Funded,106.6,Decreasing,Selective Hiring,Loss,-1.04,2852,36.11,5047,Medium
LumenDigital,Real Estate,United Kingdom,2025,2240,Funded,245.9,Stable,Hiring Freeze,Loss,-35.28,35,1.57,2205,High
KeystoneRetail,Crypto/Web3,Netherlands,2025,4242,Bootstrapped,0.0,Increasing,Selective Hiring,Loss,48.24,507,11.95,3735,Low
JasperSystems Q,Retail,United States,2024,1265,Public/Post-IPO,183.9,Stable,Active Hiring,Loss,-3.55,68,5.39,1197,Low
OrbitNetworks W,Aerospace,United States,2022,3017,Funded,13.5,Decreasing,Active Hiring,Profit,-6.26,829,27.49,2188,Medium
AnchorEnergy J,Healthcare,United Kingdom,2024,4831,Funded,26.0,Decreasing,Selective Hiring,Loss,-20.47,4042,83.67,789,High
VertexAnalytics G,Media & Entertainment,Poland,2022,9645,Public/Post-IPO,94.1,Stable,Hiring Freeze,Loss,-12.08,2847,29.52,6798,High
WaveCapital X,Finance,United States,2022,458,Bootstrapped,0.0,Decreasing,Hiring Freeze,Loss,-33.32,435,95.0,23,High
CatalystTechnologies,Aerospace,United States,2025,1331,Funded,7.4,Increasing,Selective Hiring,Profit,38.22,411,30.91,920,Low
ForgeRobotics R,Automotive,Israel,2025,141,Public/Post-IPO,227.5,Increasing,Active Hiring,Profit,21.48,6,4.53,135,Low
CobaltNetworks N,Real Estate,Germany,2023,9234,Public/Post-IPO,171.3,Increasing,Selective Hiring,Profit,30.97,1837,19.89,7397,Medium
NovaWorks V,Aerospace,China,2023,8831,Funded,22.9,Increasing,Active Hiring,Profit,33.94,1318,14.92,7513,Medium
AnchorSolutions C,Education,United States,2023,2327,Public/Post-IPO,941.7,Decreasing,Hiring Freeze,Loss,-13.62,955,41.03,1372,High
TundraLogistics L,Consumer Goods,Australia,2025,8704,Public/Post-IPO,71.0,Stable,Hiring Freeze,Loss,22.77,2468,28.35,6236,Medium
VertexHealth,Automotive,United States,2024,9561,Funded,6.4,Decreasing,Hiring Freeze,Profit,18.46,2428,25.4,7133,High
BrightSolutions D,Retail,Brazil,2023,4734,Funded,64.5,Decreasing,Selective Hiring,Loss,0.39,1459,30.81,3275,High
GraniteRetail W,Manufacturing,Canada,2025,2457,Bootstrapped,0.0,Increasing,Hiring Freeze,Profit,19.64,150,6.1,2307,Medium
VertexRobotics,Hardware,United States,2023,3622,Funded,48.6,Increasing,Active Hiring,Profit,-5.2,693,19.14,2929,Low
QuantumAero X,Technology,Brazil,2022,3568,Funded,52.0,Stable,Hiring Freeze,Profit,9.52,267,7.47,3301,Medium
BrightVentures,Consumer Goods,United States,2025,6324,Funded,10.3,Decreasing,Active Hiring,Loss,0.19,1374,21.73,4950,Low
FusionMedia H,Media & Entertainment,United States,2024,1384,Funded,33.5,Stable,Active Hiring,Profit,-10.18,27,1.93,1357,Low
ClarityWorks,Hospitality,United States,2024,4312,Funded,17.7,Increasing,Selective Hiring,Loss,4.47,302,7.01,4010,Low
ClarityLogistics,Retail,United States,2023,6682,Bootstrapped,0.0,Increasing,Active Hiring,Loss,15.64,633,9.48,6049,Low
PioneerBio W,Hospitality,United States,2024,9219,Funded,115.8,Stable,Hiring Freeze,Profit,11.51,3266,35.43,5953,Low
GraniteVentures A,Media & Entertainment,Canada,2023,1840,Public/Post-IPO,451.1,Decreasing,Hiring Freeze,Profit,-18.88,965,52.43,875,High
MeridianHoldings,Manufacturing,China,2025,8570,Public/Post-IPO,387.2,Increasing,Hiring Freeze,Loss,14.99,1849,21.57,6721,Medium
MeridianBio W,Logistics,Japan,2025,1977,Bootstrapped,0.0,Increasing,Active Hiring,Profit,21.21,450,22.76,1527,Low
WaveHealth U,Media & Entertainment,Canada,2023,4009,Funded,6.4,Decreasing,Active Hiring,Loss,2.71,750,18.72,3259,High
VantageAnalytics L,Automotive,United States,2022,4942,Funded,26.4,Increasing,Hiring Freeze,Loss,5.76,476,9.63,4466,Low
ZenithAnalytics L,Consumer Goods,India,2023,8985,Public/Post-IPO,220.8,Decreasing,Active Hiring,Loss,-15.43,1374,15.29,7611,Low
CrescentCapital X,Media & Entertainment,Australia,2023,7391,Funded,107.5,Increasing,Selective Hiring,Profit,10.04,1401,18.96,5990,Low
IroncladCapital I,Media & Entertainment,United States,2024,5850,Funded,40.6,Decreasing,Active Hiring,Loss,17.05,1076,18.4,4774,Medium
CobaltHealth O,Energy,United States,2023,7065,Funded,85.9,Stable,Hiring Freeze,Profit,-3.37,1387,19.63,5678,Medium
EchoLabs M,Hospitality,Israel,2024,2105,Public/Post-IPO,124.5,Increasing,Hiring Freeze,Profit,24.53,944,44.86,1161,Low
JasperLabs U,Media & Entertainment,Australia,2025,9551,Funded,15.8,Increasing,Hiring Freeze,Profit,40.34,8001,83.77,1550,High
KeystoneCapital,Biotech,Sweden,2022,2913,Funded,26.1,Stable,Selective Hiring,Profit,5.7,244,8.36,2669,Low
ForgeHealth,Energy,Canada,2023,4541,Funded,214.3,Stable,Selective Hiring,Profit,4.96,931,20.5,3610,Low
AnchorCapital H,Biotech,United Kingdom,2025,6544,Funded,6.9,Stable,Selective Hiring,Loss,-38.38,455,6.95,6089,Medium
VantageCapital B,Technology,France,2024,3035,Public/Post-IPO,388.4,Increasing,Hiring Freeze,Profit,26.44,767,25.26,2268,Low
GlacierRobotics W,Telecommunications,France,2024,8422,Bootstrapped,0.0,Decreasing,Hiring Freeze,Loss,17.97,4331,51.43,4091,High
NimbusIndustries,Automotive,United States,2023,452,Public/Post-IPO,129.9,Increasing,Hiring Freeze,Profit,18.54,120,26.51,332,Low
GraniteDynamics V,Retail,Japan,2022,4112,Public/Post-IPO,228.6,Decreasing,Hiring Freeze,Loss,-36.22,2513,61.11,1599,High
QuantumWorks V,Hospitality,United States,2025,1655,Bootstrapped,0.0,Decreasing,Selective Hiring,Profit,28.48,331,20.03,1324,Low
EchoSolutions I,Biotech,India,2022,2668,Bootstrapped,0.0,Increasing,Hiring Freeze,Loss,38.6,65,2.42,2603,Low
CrescentVentures,Media & Entertainment,United Kingdom,2025,5676,Bootstrapped,0.0,Stable,Hiring Freeze,Profit,5.3,341,6.01,5335,Low
CircuitIndustries L,Aerospace,United States,2023,9124,Public/Post-IPO,460.0,Increasing,Hiring Freeze,Profit,7.95,2873,31.49,6251,Low
NovaAnalytics,Automotive,Germany,2024,2838,Bootstrapped,0.0,Stable,Selective Hiring,Profit,-2.23,555,19.57,2283,Low
AnchorHealth P,Retail,Canada,2025,4247,Funded,74.3,Stable,Hiring Freeze,Profit,-1.57,242,5.7,4005,Low
KeystoneMotors,Energy,France,2023,1176,Bootstrapped,0.0,Increasing,Hiring Freeze,Profit,16.13,35,3.0,1141,Low
CascadeDigital E,Logistics,United States,2025,7366,Public/Post-IPO,1203.5,Increasing,Hiring Freeze,Profit,15.3,165,2.24,7201,Medium
WaveSolutions,Education,United States,2026,6002,Funded,75.5,Increasing,Active Hiring,Loss,35.83,796,13.26,5206,Low
ZenithIndustries O,Consumer Goods,China,2022,7544,Public/Post-IPO,148.5,Increasing,Hiring Freeze,Profit,32.49,1100,14.58,6444,Low
ClarityWorks O,Logistics,Canada,2024,6622,Bootstrapped,0.0,Increasing,Hiring Freeze,Loss,6.6,3800,57.39,2822,High
HarborNetworks,Automotive,United States,2022,8006,Bootstrapped,0.0,Decreasing,Active Hiring,Profit,-25.02,2110,26.35,5896,High
MeridianVentures C,Hospitality,United States,2023,4614,Funded,40.5,Decreasing,Selective Hiring,Loss,10.06,1855,40.21,2759,Medium
CascadeMotors R,Automotive,United States,2024,307,Bootstrapped,0.0,Stable,Active Hiring,Loss,4.99,73,23.87,234,Medium
NimbusNetworks J,Biotech,United States,2026,7306,Public/Post-IPO,40.6,Increasing,Hiring Freeze,Profit,32.85,948,12.98,6358,Low
CircuitWorks I,Hardware,United States,2023,3033,Bootstrapped,0.0,Decreasing,Hiring Freeze,Profit,24.02,719,23.7,2314,Low
SolaceTechnologies F,Retail,United Kingdom,2024,9817,Bootstrapped,0.0,Increasing,Selective Hiring,Profit,-8.01,2087,21.26,7730,High
BrightTechnologies,Real Estate,United States,2023,395,Funded,14.6,Stable,Selective Hiring,Profit,7.73,41,10.37,354,Low
ApexTechnologies C,Retail,Poland,2023,2418,Funded,42.7,Increasing,Hiring Freeze,Loss,22.67,542,22.42,1876,Low
ZenithEnergy Y,Energy,United States,2022,9575,Funded,19.4,Decreasing,Hiring Freeze,Loss,12.98,930,9.71,8645,High
SummitLabs O,Finance,United Kingdom,2022,4010,Public/Post-IPO,63.3,Increasing,Selective Hiring,Profit,38.11,136,3.38,3874,Low
IroncladHoldings X,Media & Entertainment,United States,2024,3121,Bootstrapped,0.0,Increasing,Hiring Freeze,Profit,34.71,145,4.64,2976,Low
VantageEnergy K,Telecommunications,Canada,2025,6506,Funded,37.0,Decreasing,Hiring Freeze,Loss,-18.03,2765,42.5,3741,High
SolaceAnalytics O,Finance,United States,2023,4427,Bootstrapped,0.0,Increasing,Hiring Freeze,Profit,20.36,1395,31.51,3032,Low
PioneerLogistics S,Logistics,China,2024,4345,Public/Post-IPO,73.2,Stable,Hiring Freeze,Profit,20.78,370,8.52,3975,Low
EchoLabs M,Real Estate,Japan,2023,2379,Public/Post-IPO,182.4,Decreasing,Hiring Freeze,Loss,9.35,1131,47.54,1248,High
SummitHoldings U,Consumer Goods,France,2026,2431,Public/Post-IPO,125.0,Stable,Hiring Freeze,Loss,-22.25,250,10.27,2181,High
VertexIndustries Y,Telecommunications,India,2024,8165,Public/Post-IPO,56.5,Decreasing,Hiring Freeze,Profit,-23.49,3677,45.03,4488,High
SummitWorks,Biotech,United States,2022,3462,Bootstrapped,0.0,Decreasing,Hiring Freeze,Profit,-18.72,1734,50.08,1728,High
ApexMotors R,Technology,United States,2023,1734,Funded,4.5,Stable,Active Hiring,Loss,36.09,514,29.67,1220,Medium
TundraWorks G,Telecommunications,China,2024,8766,Bootstrapped,0.0,Decreasing,Selective Hiring,Loss,-10.83,1980,22.59,6786,High
ApexIndustries O,Healthcare,India,2025,2082,Bootstrapped,0.0,Decreasing,Selective Hiring,Loss,4.89,664,31.88,1418,High
GlacierCapital,Automotive,Germany,2026,4126,Public/Post-IPO,78.4,Increasing,Selective Hiring,Profit,11.48,516,12.5,3610,Low
BeaconCapital J,Retail,Australia,2023,8705,Bootstrapped,0.0,Increasing,Hiring Freeze,Profit,14.99,984,11.3,7721,Low
TerraIndustries S,Technology,United States,2024,8692,Public/Post-IPO,124.0,Stable,Active Hiring,Loss,-20.18,1726,19.86,6966,Medium
ClarityGroup S,Energy,United States,2023,8487,Funded,51.5,Increasing,Selective Hiring,Profit,25.74,4148,48.88,4339,Low
SolaceTechnologies B,Media & Entertainment,France,2023,3062,Bootstrapped,0.0,Stable,Hiring Freeze,Profit,15.74,1663,54.31,1399,High
PioneerHealth J,Manufacturing,United Kingdom,2022,6539,Funded,30.9,Decreasing,Selective Hiring,Loss,0.89,1620,24.77,4919,Medium
NimbusGroup Y,Real Estate,United States,2022,5958,Public/Post-IPO,105.5,Increasing,Hiring Freeze,Loss,19.88,923,15.5,5035,High
VertexAero,Manufacturing,United States,2023,7182,Public/Post-IPO,206.1,Decreasing,Active Hiring,Loss,13.43,2066,28.77,5116,High
VertexIndustries Y,Education,Canada,2022,5552,Funded,4.8,Increasing,Hiring Freeze,Profit,25.39,119,2.15,5433,Medium
RidgeNetworks R,Real Estate,Poland,2023,9389,Bootstrapped,0.0,Decreasing,Selective Hiring,Loss,-20.21,704,7.5,8685,Low
SummitRobotics O,Automotive,Netherlands,2023,3778,Public/Post-IPO,2251.1,Decreasing,Hiring Freeze,Profit,-2.33,96,2.55,3682,High
DriftLogistics G,Logistics,Singapore,2023,7782,Funded,5.3,Stable,Selective Hiring,Loss,-10.18,2703,34.73,5079,Medium
LumenSolutions U,Retail,Brazil,2026,8502,Funded,31.1,Decreasing,Active Hiring,Profit,0.01,2028,23.85,6474,Medium
HorizonDynamics E,Telecommunications,Canada,2025,3154,Bootstrapped,0.0,Stable,Hiring Freeze,Loss,-18.17,961,30.47,2193,High
NovaLogistics C,Energy,United States,2024,7634,Public/Post-IPO,2871.8,Decreasing,Active Hiring,Profit,-10.28,617,8.08,7017,Low
ApexRetail O,Crypto/Web3,United States,2023,9357,Public/Post-IPO,25.8,Decreasing,Selective Hiring,Profit,-39.53,1704,18.21,7653,High
GraniteTechnologies S,Media & Entertainment,France,2023,902,Public/Post-IPO,342.3,Stable,Selective Hiring,Loss,-19.29,407,45.11,495,High
RidgeRetail,Technology,Israel,2025,1069,Public/Post-IPO,142.1,Increasing,Active Hiring,Loss,43.88,112,10.49,957,Low
ZenithVentures,Media & Entertainment,United States,2023,3388,Funded,57.0,Decreasing,Selective Hiring,Loss,13.42,1625,47.95,1763,High
ZenithSystems B,Manufacturing,Brazil,2024,4241,Public/Post-IPO,30.1,Decreasing,Active Hiring,Profit,-17.37,1936,45.66,2305,Low
ZenithLabs,Healthcare,United States,2023,3011,Funded,7.5,Stable,Active Hiring,Profit,8.27,437,14.5,2574,Low
ZenithSoftware,Crypto/Web3,United States,2024,6579,Funded,17.0,Increasing,Hiring Freeze,Loss,-15.29,2403,36.53,4176,High
OrbitDigital H,Education,United States,2022,2352,Public/Post-IPO,427.1,Stable,Hiring Freeze,Profit,19.59,639,27.17,1713,Low
EchoIndustries R,Aerospace,United States,2026,3239,Funded,8.5,Decreasing,Hiring Freeze,Loss,-32.16,240,7.4,2999,High
GraniteEnergy U,Manufacturing,Sweden,2024,6543,Bootstrapped,0.0,Decreasing,Hiring Freeze,Loss,-0.57,6216,95.0,327,High
WaveSoftware,Hardware,United States,2024,4696,Public/Post-IPO,104.4,Increasing,Hiring Freeze,Profit,-18.06,1957,41.68,2739,High
OrbitHealth J,Hospitality,Israel,2025,2560,Bootstrapped,0.0,Decreasing,Active Hiring,Profit,-46.4,221,8.64,2339,Low
JasperBio X,Real Estate,India,2023,4556,Public/Post-IPO,177.8,Decreasing,Selective Hiring,Profit,-3.31,1981,43.49,2575,Low
GlacierAero,Real Estate,United States,2024,5933,Funded,74.7,Increasing,Hiring Freeze,Profit,31.84,1380,23.26,4553,Low
CircuitSystems D,Energy,Sweden,2025,684,Public/Post-IPO,792.6,Increasing,Selective Hiring,Profit,47.36,58,8.49,626,Low
CircuitSystems R,Consumer Goods,Australia,2023,7614,Funded,0.0,Increasing,Active Hiring,Profit,31.21,945,12.41,6669,Low
CrescentIndustries A,Finance,United States,2025,3199,Public/Post-IPO,144.1,Stable,Hiring Freeze,Loss,-12.72,173,5.4,3026,Medium
ApexCapital Q,Consumer Goods,United States,2022,6022,Public/Post-IPO,98.3,Stable,Hiring Freeze,Profit,-12.22,4444,73.79,1578,Medium
SolaceRetail X,Finance,Israel,2023,5705,Funded,19.0,Stable,Selective Hiring,Loss,-3.28,2162,37.9,3543,Low
TundraHoldings,Media & Entertainment,Sweden,2022,6126,Public/Post-IPO,22.2,Stable,Selective Hiring,Profit,5.87,527,8.6,5599,Low
DeltaDigital V,Biotech,United Kingdom,2025,3003,Bootstrapped,0.0,Decreasing,Selective Hiring,Loss,-5.27,808,26.92,2195,High
QuantumSystems J,Manufacturing,United States,2022,7262,Public/Post-IPO,1002.8,Decreasing,Active Hiring,Loss,-32.61,2654,36.54,4608,High
EchoWorks,Technology,Netherlands,2024,733,Bootstrapped,0.0,Increasing,Active Hiring,Profit,4.15,51,6.99,682,Low
DriftBio X,Retail,United States,2025,7340,Funded,66.6,Decreasing,Hiring Freeze,Loss,-25.44,1988,27.08,5352,High
WaveWorks,Technology,United States,2024,4562,Public/Post-IPO,236.5,Increasing,Active Hiring,Profit,2.61,1961,42.99,2601,Low
OrbitAnalytics R,Retail,United States,2023,7403,Funded,30.2,Stable,Selective Hiring,Loss,0.21,543,7.33,6860,High
ClaritySoftware X,Telecommunications,United States,2024,2503,Public/Post-IPO,236.2,Increasing,Active Hiring,Profit,22.84,486,19.41,2017,Low
DriftBio X,Technology,Australia,2022,614,Bootstrapped,0.0,Stable,Active Hiring,Loss,0.46,297,48.38,317,Medium
EchoMotors K,Biotech,Sweden,2024,8946,Bootstrapped,0.0,Decreasing,Active Hiring,Loss,3.97,8499,95.0,447,High
GraniteRetail D,Retail,India,2022,9854,Bootstrapped,0.0,Increasing,Active Hiring,Profit,36.8,1485,15.07,8369,Low
TundraEnergy C,Consumer Goods,United Kingdom,2024,1819,Funded,67.8,Increasing,Active Hiring,Loss,34.55,349,19.2,1470,Low
ClarityBio U,Education,Canada,2025,3174,Public/Post-IPO,435.7,Decreasing,Active Hiring,Loss,30.52,550,17.32,2624,Low
QuantumWorks,Energy,Singapore,2023,8000,Public/Post-IPO,406.3,Decreasing,Active Hiring,Profit,-6.62,1748,21.85,6252,Low
DriftMedia,Logistics,United States,2025,632,Funded,8.1,Increasing,Selective Hiring,Profit,13.14,136,21.57,496,Low
CobaltFoods S,Hospitality,United States,2022,1559,Bootstrapped,0.0,Increasing,Active Hiring,Profit,4.44,259,16.62,1300,Low
ApexRobotics H,Logistics,United States,2025,6437,Funded,58.3,Decreasing,Active Hiring,Profit,-18.64,1473,22.88,4964,Low
VertexHealth L,Finance,Australia,2026,8468,Bootstrapped,0.0,Decreasing,Active Hiring,Profit,-1.7,1127,13.31,7341,Low
PioneerAnalytics T,Biotech,United Kingdom,2024,5279,Bootstrapped,0.0,Stable,Active Hiring,Loss,20.09,845,16.0,4434,Medium
LumenSolutions P,Aerospace,India,2023,9360,Public/Post-IPO,0.0,Increasing,Selective Hiring,Loss,14.68,3973,42.45,5387,Low
SummitRobotics O,Media & Entertainment,United States,2022,4153,Public/Post-IPO,253.6,Decreasing,Active Hiring,Profit,-14.37,277,6.66,3876,Medium
BrightMotors D,Energy,Israel,2026,2612,Funded,7.8,Increasing,Selective Hiring,Profit,-13.85,521,19.93,2091,Low
ZenithAnalytics C,Consumer Goods,United States,2023,9718,Funded,37.6,Increasing,Selective Hiring,Profit,22.49,2964,30.5,6754,Low
ForgeSystems,Healthcare,United States,2023,7333,Funded,59.1,Increasing,Hiring Freeze,Loss,14.99,4891,66.7,2442,High
HarborMotors J,Crypto/Web3,Sweden,2025,924,Public/Post-IPO,733.8,Stable,Active Hiring,Loss,-0.49,39,4.18,885,Low
VertexDigital,Technology,United States,2023,794,Funded,86.8,Increasing,Active Hiring,Loss,22.75,205,25.82,589,Low
CircuitRobotics X,Technology,Canada,2024,7841,Public/Post-IPO,196.9,Stable,Active Hiring,Profit,3.21,361,4.61,7480,Low
SolaceMotors P,Real Estate,India,2024,8191,Public/Post-IPO,369.2,Increasing,Selective Hiring,Profit,-10.09,2333,28.48,5858,Medium
JasperRetail Z,Technology,United States,2024,8329,Funded,16.6,Stable,Active Hiring,Profit,30.61,1229,14.75,7100,Low
EchoFoods F,Healthcare,Singapore,2022,5859,Funded,98.9,Stable,Selective Hiring,Profit,0.57,573,9.78,5286,Low
SummitSystems,Technology,Germany,2022,891,Funded,28.9,Decreasing,Active Hiring,Loss,-10.18,767,86.03,124,High
CobaltGroup O,Consumer Goods,Israel,2024,4516,Bootstrapped,0.0,Increasing,Active Hiring,Profit,10.74,1096,24.28,3420,Low
ApexCapital Q,Aerospace,Canada,2023,3329,Bootstrapped,0.0,Stable,Hiring Freeze,Profit,26.84,858,25.77,2471,High
BeaconMotors G,Finance,United Kingdom,2024,2304,Public/Post-IPO,316.8,Increasing,Active Hiring,Profit,27.8,596,25.86,1708,Medium
MeridianMedia,Logistics,United States,2024,1934,Funded,37.2,Stable,Hiring Freeze,Profit,11.2,1590,82.2,344,High
PioneerLogistics S,Energy,Brazil,2026,7195,Bootstrapped,0.0,Stable,Hiring Freeze,Loss,13.46,430,5.98,6765,High
AnchorDigital,Logistics,Israel,2025,2613,Public/Post-IPO,53.5,Increasing,Active Hiring,Profit,20.72,196,7.49,2417,Low
StellarGroup U,Retail,China,2022,5777,Public/Post-IPO,14.9,Increasing,Selective Hiring,Profit,26.05,1537,26.6,4240,Low
HarborAero X,Crypto/Web3,Sweden,2023,5520,Bootstrapped,0.0,Decreasing,Hiring Freeze,Loss,12.87,1651,29.91,3869,High
LumenNetworks,Automotive,Brazil,2025,2507,Public/Post-IPO,48.1,Stable,Active Hiring,Profit,-17.91,427,17.03,2080,Medium
CircuitEnergy Y,Energy,United States,2023,8102,Public/Post-IPO,51.5,Decreasing,Active Hiring,Loss,6.41,2824,34.85,5278,Low
ZenithGroup S,Hospitality,Brazil,2024,5661,Public/Post-IPO,1380.0,Decreasing,Selective Hiring,Loss,4.16,333,5.89,5328,Low
KeystoneWorks K,Biotech,Brazil,2022,1754,Bootstrapped,0.0,Decreasing,Hiring Freeze,Loss,-11.19,984,56.12,770,High
WaveAero Q,Biotech,Brazil,2023,8976,Funded,32.6,Decreasing,Selective Hiring,Loss,17.45,2379,26.5,6597,Medium
DeltaDynamics Q,Media & Entertainment,Sweden,2024,7104,Funded,11.1,Decreasing,Hiring Freeze,Loss,-18.92,6650,93.61,454,High
ForgeNetworks,Finance,United States,2026,5091,Funded,47.2,Decreasing,Selective Hiring,Loss,-49.2,1481,29.09,3610,High
GlacierIndustries,Finance,France,2022,591,Bootstrapped,0.0,Stable,Selective Hiring,Loss,26.88,409,69.2,182,Medium
ApexWorks V,Hardware,United States,2022,1198,Public/Post-IPO,46.4,Decreasing,Selective Hiring,Loss,-39.96,1138,95.0,60,High
NimbusMedia,Hospitality,India,2022,9266,Funded,14.3,Increasing,Hiring Freeze,Profit,5.61,874,9.43,8392,Low
MeridianWorks R,Hardware,United Kingdom,2024,8414,Funded,9.8,Increasing,Hiring Freeze,Loss,-32.25,2608,31.0,5806,High
LumenIndustries U,Logistics,India,2023,6200,Public/Post-IPO,51.4,Increasing,Hiring Freeze,Profit,5.56,2838,45.77,3362,Medium
KeystoneSolutions C,Telecommunications,France,2024,1396,Funded,0.0,Decreasing,Hiring Freeze,Loss,-25.33,638,45.7,758,High
TerraHealth C,Logistics,United States,2025,991,Public/Post-IPO,42.1,Decreasing,Selective Hiring,Loss,9.41,241,24.34,750,High
CatalystHoldings,Hardware,United Kingdom,2025,6731,Funded,2.5,Stable,Active Hiring,Profit,-7.17,3085,45.84,3646,High
TundraVentures W,Consumer Goods,United States,2024,5725,Bootstrapped,0.0,Decreasing,Hiring Freeze,Loss,-35.65,3006,52.51,2719,High
AnchorSolutions A,Hardware,United States,2023,539,Public/Post-IPO,357.6,Increasing,Active Hiring,Profit,3.87,78,14.5,461,Low
CascadeLogistics,Aerospace,Netherlands,2022,6929,Funded,3.2,Increasing,Active Hiring,Loss,19.9,2269,32.75,4660,Low
StellarGroup T,Technology,France,2022,8663,Public/Post-IPO,142.9,Stable,Active Hiring,Loss,27.61,1332,15.38,7331,Low
AnchorSolutions M,Aerospace,United States,2023,9565,Funded,38.3,Increasing,Hiring Freeze,Profit,0.72,1181,12.35,8384,Low
CascadeRobotics S,Logistics,India,2026,1592,Bootstrapped,0.0,Increasing,Hiring Freeze,Profit,-1.38,204,12.84,1388,Low
NovaMotors D,Real Estate,United States,2026,2267,Bootstrapped,0.0,Stable,Hiring Freeze,Loss,36.35,196,8.66,2071,Medium
CatalystVentures,Technology,United States,2023,5666,Public/Post-IPO,16.0,Decreasing,Selective Hiring,Profit,-15.71,1193,21.06,4473,Medium
TundraEnergy E,Telecommunications,India,2023,5844,Public/Post-IPO,165.0,Decreasing,Active Hiring,Profit,3.49,1927,32.97,3917,Medium
JasperAero T,Technology,United States,2023,3730,Bootstrapped,0.0,Increasing,Selective Hiring,Profit,14.37,652,17.48,3078,Low
MeridianWorks P,Manufacturing,United Kingdom,2023,833,Bootstrapped,0.0,Decreasing,Active Hiring,Loss,-5.39,516,61.98,317,High
DeltaHoldings,Telecommunications,United States,2024,1228,Public/Post-IPO,0.0,Increasing,Hiring Freeze,Profit,25.15,137,11.15,1091,Low
OrbitNetworks X,Energy,China,2026,6289,Public/Post-IPO,149.9,Decreasing,Hiring Freeze,Profit,13.4,619,9.84,5670,Low
SolaceLogistics,Education,India,2022,168,Public/Post-IPO,509.2,Stable,Active Hiring,Profit,-13.7,78,46.36,90,Medium
DriftVentures F,Biotech,United States,2024,5273,Funded,159.8,Increasing,Selective Hiring,Profit,16.17,549,10.42,4724,Low
StellarSolutions C,Aerospace,United States,2022,5137,Public/Post-IPO,845.3,Stable,Selective Hiring,Profit,11.5,2572,50.07,2565,Low
BrightMedia Q,Hospitality,United Kingdom,2024,889,Bootstrapped,0.0,Increasing,Selective Hiring,Profit,40.17,139,15.65,750,Medium
TundraHoldings L,Biotech,Poland,2025,6295,Bootstrapped,0.0,Decreasing,Hiring Freeze,Profit,-30.09,4037,64.13,2258,High
CobaltMotors L,Technology,India,2026,1629,Public/Post-IPO,30.4,Increasing,Active Hiring,Loss,65.82,242,14.86,1387,Low
RidgeSolutions J,Real Estate,Germany,2026,8888,Bootstrapped,0.0,Increasing,Hiring Freeze,Loss,48.54,3263,36.71,5625,Low
PioneerGroup W,Automotive,Brazil,2023,8086,Bootstrapped,0.0,Stable,Selective Hiring,Profit,15.9,3026,37.42,5060,High
DriftCapital B,Crypto/Web3,United States,2022,9270,Bootstrapped,0.0,Decreasing,Selective Hiring,Profit,-33.44,2339,25.23,6931,High
VertexGroup V,Automotive,United States,2022,162,Funded,21.7,Decreasing,Hiring Freeze,Loss,-30.32,44,27.16,118,High
AnchorRobotics,Energy,Sweden,2025,5565,Funded,124.1,Increasing,Selective Hiring,Profit,-10.46,1062,19.09,4503,Low
AnchorEnergy Z,Retail,United States,2022,8862,Bootstrapped,0.0,Stable,Active Hiring,Profit,5.35,1822,20.56,7040,Low
QuantumFoods E,Aerospace,India,2022,5437,Funded,15.1,Decreasing,Selective Hiring,Profit,-28.21,1564,28.77,3873,High
TundraLogistics G,Real Estate,Germany,2025,4816,Funded,7.9,Increasing,Hiring Freeze,Profit,30.82,1672,34.72,3144,Low
NovaHoldings K,Healthcare,India,2023,6935,Funded,79.3,Increasing,Hiring Freeze,Profit,16.16,2588,37.32,4347,Medium
PioneerDynamics B,Energy,United States,2023,574,Funded,15.6,Increasing,Hiring Freeze,Loss,-2.47,216,37.61,358,Medium
RidgeSystems T,Healthcare,United States,2023,3782,Funded,47.6,Stable,Selective Hiring,Loss,24.67,963,25.45,2819,Medium
NimbusCapital,Crypto/Web3,Singapore,2025,8128,Public/Post-IPO,96.3,Decreasing,Hiring Freeze,Profit,-19.22,612,7.53,7516,Medium
NovaIndustries N,Real Estate,India,2023,4916,Public/Post-IPO,33.0,Increasing,Active Hiring,Profit,10.95,502,10.22,4414,Low
ApexHealth L,Biotech,Canada,2022,2520,Bootstrapped,0.0,Increasing,Active Hiring,Profit,7.04,88,3.5,2432,Low
PioneerDynamics B,Hospitality,United States,2023,9916,Bootstrapped,0.0,Stable,Hiring Freeze,Loss,6.15,5697,57.45,4219,High
ZenithIndustries C,Hospitality,Singapore,2023,7034,Bootstrapped,0.0,Increasing,Hiring Freeze,Profit,-1.85,1994,28.35,5040,Medium
NimbusFoods,Media & Entertainment,Netherlands,2025,3652,Public/Post-IPO,118.9,Decreasing,Hiring Freeze,Loss,14.57,884,24.21,2768,Low
WaveMotors Y,Automotive,Poland,2025,3761,Public/Post-IPO,1926.6,Decreasing,Hiring Freeze,Loss,-24.29,769,20.45,2992,High
ZenithMotors P,Hardware,Netherlands,2025,2134,Public/Post-IPO,168.9,Decreasing,Selective Hiring,Profit,-11.79,679,31.82,1455,High
GlacierSolutions G,Real Estate,United States,2023,1825,Funded,29.7,Increasing,Active Hiring,Loss,14.28,130,7.15,1695,Low
VantageVentures,Hardware,United States,2022,2877,Funded,34.7,Decreasing,Selective Hiring,Loss,-0.88,1688,58.66,1189,High
GlacierRetail Z,Retail,Israel,2022,9342,Bootstrapped,0.0,Stable,Selective Hiring,Profit,-9.38,141,1.51,9201,Low
QuantumNetworks G,Crypto/Web3,Israel,2022,1217,Bootstrapped,0.0,Increasing,Selective Hiring,Profit,19.09,317,26.04,900,Low
HarborHealth,Crypto/Web3,China,2022,6608,Bootstrapped,0.0,Decreasing,Hiring Freeze,Loss,21.36,265,4.01,6343,Low
PioneerBio I,Finance,United Kingdom,2023,1414,Funded,97.8,Stable,Hiring Freeze,Profit,31.43,632,44.68,782,High
NovaIndustries,Hospitality,Canada,2024,6860,Bootstrapped,0.0,Increasing,Hiring Freeze,Profit,29.21,1821,26.54,5039,Medium
TerraMotors R,Hospitality,Canada,2026,2967,Funded,20.8,Decreasing,Selective Hiring,Profit,-2.61,1042,35.13,1925,Medium
CatalystRobotics S,Aerospace,Germany,2025,8545,Funded,30.7,Increasing,Active Hiring,Profit,-14.1,2639,30.88,5906,Low
CobaltVentures A,Logistics,Israel,2024,7099,Bootstrapped,0.0,Increasing,Active Hiring,Loss,18.82,1239,17.46,5860,Low
OrbitHoldings C,Consumer Goods,United Kingdom,2025,7794,Public/Post-IPO,64.5,Decreasing,Selective Hiring,Loss,-11.56,3577,45.9,4217,High
JasperSolutions J,Manufacturing,United States,2026,8215,Public/Post-IPO,159.4,Decreasing,Hiring Freeze,Profit,10.78,2607,31.74,5608,High
CascadeHoldings F,Telecommunications,United States,2023,5963,Funded,18.7,Increasing,Hiring Freeze,Loss,6.36,1035,17.35,4928,High
WaveHoldings O,Logistics,India,2022,4166,Bootstrapped,0.0,Decreasing,Hiring Freeze,Loss,1.86,2142,51.41,2024,High
TundraWorks X,Technology,United States,2022,507,Public/Post-IPO,200.2,Decreasing,Hiring Freeze,Profit,-16.71,216,42.59,291,High
NimbusRobotics,Finance,United Kingdom,2023,5385,Public/Post-IPO,303.5,Increasing,Hiring Freeze,Profit,12.8,679,12.61,4706,Low
AnchorNetworks,Technology,United States,2024,2483,Funded,290.6,Stable,Active Hiring,Profit,-15.18,957,38.56,1526,High
QuantumAero S,Automotive,United States,2022,545,Public/Post-IPO,318.0,Decreasing,Hiring Freeze,Loss,-13.39,366,67.19,179,High
MeridianDynamics,Real Estate,Sweden,2026,4337,Funded,16.8,Decreasing,Active Hiring,Loss,-21.5,500,11.52,3837,Low
BrightMotors D,Healthcare,Japan,2026,909,Funded,21.2,Increasing,Hiring Freeze,Profit,4.22,123,13.49,786,Low
VertexDynamics R,Aerospace,United States,2024,8758,Public/Post-IPO,249.7,Increasing,Active Hiring,Profit,14.71,135,1.54,8623,Low
OrbitCapital X,Healthcare,Netherlands,2023,8168,Bootstrapped,0.0,Stable,Selective Hiring,Profit,15.81,659,8.07,7509,Medium
BeaconEnergy L,Crypto/Web3,United States,2022,1642,Bootstrapped,0.0,Increasing,Hiring Freeze,Profit,7.06,30,1.82,1612,Medium
RidgeHoldings,Energy,Singapore,2022,5742,Bootstrapped,0.0,Increasing,Active Hiring,Profit,4.09,409,7.13,5333,Medium
NimbusRetail Z,Consumer Goods,United States,2026,5603,Funded,152.2,Decreasing,Hiring Freeze,Loss,20.01,5323,95.0,280,High
TundraLogistics E,Education,Germany,2026,6912,Funded,57.2,Increasing,Hiring Freeze,Loss,33.79,209,3.03,6703,Low
EmberNetworks,Aerospace,India,2023,2606,Bootstrapped,0.0,Stable,Selective Hiring,Loss,15.44,119,4.55,2487,Low
LumenTechnologies Y,Education,Australia,2026,5815,Public/Post-IPO,170.3,Stable,Selective Hiring,Loss,24.66,226,3.89,5589,Medium
JasperCapital U,Education,United Kingdom,2023,7431,Bootstrapped,0.0,Stable,Hiring Freeze,Loss,-1.03,4034,54.29,3397,High
CatalystLogistics X,Hospitality,India,2026,7435,Funded,14.7,Decreasing,Active Hiring,Profit,-9.02,1208,16.25,6227,Low
VantageSolutions T,Technology,Israel,2022,8235,Public/Post-IPO,35.5,Increasing,Active Hiring,Loss,29.55,899,10.92,7336,Low
DeltaFoods A,Manufacturing,United States,2025,521,Funded,17.4,Decreasing,Active Hiring,Profit,-30.71,148,28.41,373,High
GlacierAero A,Healthcare,United States,2024,4562,Public/Post-IPO,762.5,Decreasing,Active Hiring,Loss,-20.81,1989,43.6,2573,High
VertexDynamics,Automotive,United States,2026,3056,Bootstrapped,0.0,Stable,Active Hiring,Loss,5.875,442,14.47,2614,Medium
CobaltDigital T,Retail,United States,2024,1742,Bootstrapped,0.0,Decreasing,Selective Hiring,Profit,11.95,297,17.06,1445,Low
EmberCapital A,Technology,United States,2024,3372,Funded,12.8,Decreasing,Hiring Freeze,Loss,-2.32,1885,55.91,1487,High
EmberBio C,Real Estate,India,2023,9411,Public/Post-IPO,314.1,Increasing,Hiring Freeze,Profit,32.91,383,4.07,9028,Medium
NovaSolutions,Hospitality,India,2023,3624,Bootstrapped,0.0,Increasing,Selective Hiring,Loss,22.17,1095,30.22,2529,Medium
HorizonAero,Retail,United States,2022,2357,Public/Post-IPO,1251.3,Increasing,Hiring Freeze,Loss,5.55,1236,52.45,1121,High
IroncladIndustries,Media & Entertainment,United States,2023,1214,Funded,18.6,Increasing,Selective Hiring,Profit,29.46,50,4.11,1164,Low
LumenSolutions N,Retail,United States,2023,6056,Bootstrapped,0.0,Decreasing,Selective Hiring,Loss,-10.85,1751,28.92,4305,High
BeaconWorks E,Retail,Netherlands,2022,7537,Public/Post-IPO,243.5,Stable,Selective Hiring,Profit,4.67,915,12.14,6622,Low
WaveNetworks W,Healthcare,India,2022,3297,Public/Post-IPO,1124.1,Increasing,Hiring Freeze,Profit,-14.85,225,6.83,3072,Low
TundraDigital,Energy,Canada,2025,972,Bootstrapped,0.0,Decreasing,Active Hiring,Profit,-4.69,56,5.77,916,Low
CircuitWorks I,Technology,United States,2025,3612,Public/Post-IPO,0.0,Stable,Selective Hiring,Loss,13.28,688,19.05,2924,Medium
CatalystSolutions U,Biotech,Germany,2025,7796,Public/Post-IPO,64.1,Increasing,Active Hiring,Profit,35.35,1848,23.7,5948,Low
ForgeTechnologies A,Consumer Goods,United States,2026,4409,Public/Post-IPO,353.4,Decreasing,Selective Hiring,Loss,-24.7,2000,45.37,2409,High
MeridianAnalytics R,Retail,Canada,2024,2519,Public/Post-IPO,957.3,Stable,Active Hiring,Loss,16.0,223,8.87,2296,Low
ForgeAero I,Telecommunications,United States,2025,3925,Funded,39.5,Stable,Active Hiring,Loss,14.96,281,7.17,3644,Low
CobaltNetworks P,Finance,China,2023,4414,Funded,93.4,Increasing,Selective Hiring,Profit,12.96,114,2.58,4300,Low
ApexAnalytics N,Crypto/Web3,United States,2023,7214,Bootstrapped,0.0,Stable,Active Hiring,Profit,5.4,302,4.18,6912,Low
CascadeRetail,Telecommunications,China,2026,7526,Bootstrapped,0.0,Increasing,Selective Hiring,Profit,45.42,2007,26.67,5519,Low
WaveAero,Real Estate,United States,2022,568,Funded,37.0,Decreasing,Hiring Freeze,Profit,-32.52,98,17.33,470,High
TundraBio F,Biotech,United States,2022,2313,Bootstrapped,0.0,Increasing,Hiring Freeze,Profit,32.56,543,23.47,1770,Low
CobaltSoftware,Finance,United States,2023,6405,Public/Post-IPO,74.0,Stable,Hiring Freeze,Profit,10.43,2365,36.93,4040,Low
TundraHealth I,Consumer Goods,United Kingdom,2024,1682,Public/Post-IPO,70.6,Decreasing,Selective Hiring,Loss,-8.77,763,45.38,919,High
QuantumWorks V,Retail,Brazil,2023,196,Bootstrapped,0.0,Increasing,Selective Hiring,Profit,-21.46,27,13.89,169,Medium
VertexWorks,Biotech,United States,2024,9146,Funded,62.0,Increasing,Hiring Freeze,Profit,17.46,1310,14.32,7836,Low
SolaceWorks E,Aerospace,United States,2024,3339,Bootstrapped,0.0,Stable,Selective Hiring,Profit,14.84,1198,35.87,2141,Medium
SolaceFoods J,Finance,United Kingdom,2026,9364,Public/Post-IPO,52.9,Increasing,Hiring Freeze,Profit,14.39,1251,13.36,8113,High
JasperBio D,Technology,India,2023,6756,Funded,93.7,Decreasing,Selective Hiring,Loss,-22.32,4337,64.2,2419,High
QuantumLogistics,Education,United Kingdom,2023,6275,Public/Post-IPO,543.2,Decreasing,Selective Hiring,Loss,-34.9,4334,69.07,1941,High
CatalystMedia U,Healthcare,Poland,2023,9488,Bootstrapped,0.0,Decreasing,Selective Hiring,Profit,-8.56,1078,11.36,8410,Low
BeaconDigital I,Manufacturing,Netherlands,2024,4271,Funded,5.8,Decreasing,Active Hiring,Profit,9.99,926,21.68,3345,Low
DeltaSystems J,Education,United States,2024,6085,Funded,65.9,Increasing,Hiring Freeze,Profit,2.83,2101,34.52,3984,Medium
CrescentFoods X,Real Estate,United States,2022,9694,Public/Post-IPO,112.1,Decreasing,Hiring Freeze,Loss,-30.63,927,9.56,8767,High
JasperGroup Y,Crypto/Web3,United States,2024,4973,Bootstrapped,0.0,Decreasing,Selective Hiring,Loss,-36.5,606,12.18,4367,Medium
FusionGroup H,Telecommunications,United Kingdom,2025,8578,Bootstrapped,0.0,Stable,Active Hiring,Loss,24.64,2084,24.3,6494,Low
TundraSystems T,Hardware,Canada,2025,655,Funded,22.4,Decreasing,Hiring Freeze,Profit,-7.31,485,74.09,170,High
JasperEnergy,Finance,Netherlands,2022,4847,Bootstrapped,0.0,Decreasing,Selective Hiring,Profit,-6.26,1784,36.8,3063,Medium
PioneerHoldings Y,Hardware,United States,2023,854,Public/Post-IPO,133.8,Increasing,Selective Hiring,Loss,31.44,67,7.84,787,Low
EmberVentures,Manufacturing,Sweden,2026,5512,Funded,6.0,Increasing,Active Hiring,Profit,7.69,727,13.19,4785,Low
WaveHealth T,Healthcare,Germany,2025,9873,Funded,10.5,Stable,Hiring Freeze,Profit,21.74,767,7.77,9106,Low
TerraLabs Y,Automotive,Canada,2024,5196,Bootstrapped,0.0,Increasing,Hiring Freeze,Profit,-9.65,3088,59.43,2108,Medium
OrbitWorks K,Automotive,United States,2024,496,Bootstrapped,0.0,Decreasing,Active Hiring,Loss,-20.09,193,38.94,303,Medium
ZenithVentures R,Aerospace,United Kingdom,2024,967,Bootstrapped,0.0,Stable,Active Hiring,Loss,-15.33,394,40.77,573,Low
ClarityEnergy,Healthcare,United States,2022,861,Public/Post-IPO,895.6,Increasing,Active Hiring,Profit,7.18,51,5.91,810,Low
GlacierMedia D,Consumer Goods,India,2025,7533,Public/Post-IPO,101.5,Stable,Selective Hiring,Profit,23.58,1213,16.1,6320,Medium
NimbusTechnologies M,Crypto/Web3,United States,2022,3053,Bootstrapped,0.0,Increasing,Active Hiring,Profit,-9.24,339,11.1,2714,Low
RidgeNetworks R,Retail,Brazil,2023,9933,Funded,23.0,Increasing,Selective Hiring,Profit,16.47,1936,19.49,7997,Low
NimbusGroup,Education,China,2026,7831,Bootstrapped,0.0,Increasing,Hiring Freeze,Profit,-16.48,2443,31.2,5388,High
ApexEnergy D,Energy,United States,2022,6871,Public/Post-IPO,34.2,Stable,Hiring Freeze,Profit,-28.76,2443,35.55,4428,High
ClarityRetail,Consumer Goods,Israel,2024,4029,Public/Post-IPO,0.0,Increasing,Active Hiring,Profit,-5.7,1262,31.33,2767,Low
CascadeLogistics V,Crypto/Web3,United Kingdom,2023,1884,Bootstrapped,0.0,Increasing,Active Hiring,Profit,10.95,263,13.96,1621,Low
IroncladCapital Y,Education,United States,2023,4892,Public/Post-IPO,841.4,Decreasing,Selective Hiring,Loss,-1.05,346,7.08,4546,Medium
CascadeDynamics,Biotech,United States,2023,1063,Bootstrapped,0.0,Increasing,Active Hiring,Loss,18.33,243,22.86,820,Low
IroncladSoftware,Automotive,United States,2023,7477,Bootstrapped,0.0,Stable,Active Hiring,Loss,22.27,2125,28.42,5352,High
HorizonVentures L,Telecommunications,India,2023,6804,Bootstrapped,0.0,Decreasing,Selective Hiring,Loss,15.17,3805,55.92,2999,Medium
IroncladSystems H,Real Estate,United States,2024,7880,Public/Post-IPO,137.9,Stable,Hiring Freeze,Profit,9.13,2163,27.45,5717,Low
WaveNetworks W,Hardware,France,2026,3047,Public/Post-IPO,99.1,Increasing,Active Hiring,Profit,43.29,286,9.39,2761,Low
NovaMedia,Automotive,United Kingdom,2023,965,Public/Post-IPO,490.8,Decreasing,Active Hiring,Loss,-17.45,532,55.18,433,High
BeaconAnalytics W,Real Estate,United States,2023,9187,Public/Post-IPO,167.6,Decreasing,Hiring Freeze,Loss,-8.46,2693,29.31,6494,Medium
RidgeFoods,Education,United States,2026,6688,Funded,35.1,Decreasing,Hiring Freeze,Loss,-30.14,1505,22.51,5183,High
LumenIndustries U,Real Estate,France,2023,5937,Public/Post-IPO,31.6,Stable,Selective Hiring,Profit,16.45,1894,31.91,4043,Low
ForgeDynamics W,Media & Entertainment,China,2023,4046,Funded,2.3,Decreasing,Hiring Freeze,Loss,19.1,2503,61.86,1543,High
PioneerLabs G,Crypto/Web3,Canada,2025,9116,Public/Post-IPO,30.5,Increasing,Hiring Freeze,Profit,0.62,1779,19.51,7337,Medium
LumenHealth J,Media & Entertainment,United States,2025,9137,Bootstrapped,0.0,Increasing,Selective Hiring,Profit,-11.61,2249,24.61,6888,Low
NimbusAnalytics S,Technology,Sweden,2022,2294,Bootstrapped,0.0,Decreasing,Selective Hiring,Loss,-17.34,681,29.68,1613,High
GraniteDynamics A,Finance,India,2026,9540,Funded,5.0,Decreasing,Selective Hiring,Loss,4.67,2104,22.05,7436,High
GlacierGroup S,Aerospace,India,2026,4118,Public/Post-IPO,34.1,Decreasing,Active Hiring,Loss,-10.2,857,20.8,3261,High
CatalystBio,Aerospace,Australia,2023,8712,Funded,32.2,Increasing,Selective Hiring,Loss,-1.66,1007,11.56,7705,High
HorizonSolutions,Healthcare,Canada,2023,7401,Bootstrapped,0.0,Increasing,Hiring Freeze,Profit,52.71,1274,17.21,6127,Low
ZenithFoods,Real Estate,Singapore,2024,8076,Public/Post-IPO,61.8,Decreasing,Active Hiring,Loss,-60.0,3243,40.16,4833,High
NovaRetail A,Logistics,India,2023,4396,Public/Post-IPO,468.4,Stable,Hiring Freeze,Loss,-3.89,1263,28.72,3133,High
IroncladBio R,Media & Entertainment,United States,2024,3030,Funded,97.1,Decreasing,Active Hiring,Loss,-39.13,1799,59.36,1231,High
LumenDynamics,Healthcare,Germany,2025,8239,Bootstrapped,0.0,Decreasing,Selective Hiring,Loss,-5.23,2660,32.28,5579,Medium
EmberRetail,Real Estate,United States,2022,3640,Public/Post-IPO,51.8,Increasing,Hiring Freeze,Loss,9.33,211,5.81,3429,High
AnchorSolutions W,Finance,United States,2026,5753,Funded,25.5,Decreasing,Active Hiring,Profit,5.44,2004,34.84,3749,Low
BeaconSystems U,Finance,United States,2022,5912,Bootstrapped,0.0,Decreasing,Active Hiring,Loss,-2.07,322,5.45,5590,Medium
CobaltMotors M,Logistics,United States,2026,1170,Public/Post-IPO,1416.0,Decreasing,Hiring Freeze,Profit,-28.76,855,73.11,315,High
ApexMedia,Manufacturing,France,2026,8580,Public/Post-IPO,92.1,Decreasing,Active Hiring,Loss,-27.38,591,6.89,7989,Low
SolaceFoods,Logistics,United Kingdom,2024,2905,Bootstrapped,0.0,Decreasing,Active Hiring,Loss,5.17,1300,44.75,1605,Medium
ZenithAnalytics L,Manufacturing,United Kingdom,2022,7922,Public/Post-IPO,375.7,Decreasing,Selective Hiring,Profit,21.01,1184,14.95,6738,Low
FusionLogistics V,Energy,United States,2023,5171,Public/Post-IPO,99.6,Stable,Hiring Freeze,Loss,25.36,785,15.19,4386,Low
StellarTechnologies W,Logistics,United States,2026,585,Bootstrapped,0.0,Stable,Selective Hiring,Profit,-5.39,190,32.53,395,High
CatalystAero C,Telecommunications,United States,2025,4824,Funded,16.2,Increasing,Hiring Freeze,Profit,-6.58,164,3.39,4660,Low
SolaceGroup M,Technology,Japan,2023,3621,Public/Post-IPO,144.3,Stable,Active Hiring,Profit,22.28,727,20.08,2894,Low
FusionRobotics C,Finance,United States,2024,7232,Funded,5.8,Decreasing,Selective Hiring,Loss,19.14,574,7.94,6658,Medium
EmberLabs N,Crypto/Web3,United Kingdom,2025,7982,Bootstrapped,0.0,Decreasing,Active Hiring,Loss,-14.33,231,2.9,7751,High
CascadeDynamics O,Consumer Goods,United States,2022,4316,Funded,35.7,Increasing,Selective Hiring,Profit,8.37,436,10.11,3880,Medium
HorizonVentures O,Technology,Canada,2025,826,Public/Post-IPO,65.4,Increasing,Hiring Freeze,Profit,29.63,108,13.08,718,Low
HarborLogistics,Technology,Singapore,2023,8983,Funded,14.6,Decreasing,Active Hiring,Loss,-28.81,6725,74.86,2258,High
VantageSoftware D,Finance,United States,2025,6897,Funded,39.4,Increasing,Active Hiring,Profit,10.34,859,12.46,6038,Low
ClarityBio U,Manufacturing,United States,2025,4741,Funded,17.6,Increasing,Active Hiring,Profit,-4.93,280,5.9,4461,Low
OrbitCapital,Logistics,United States,2025,5269,Bootstrapped,0.0,Decreasing,Hiring Freeze,Loss,-30.61,1187,22.53,4082,High
NimbusFoods F,Consumer Goods,Brazil,2024,2728,Bootstrapped,0.0,Increasing,Active Hiring,Profit,32.99,15,0.55,2713,Low
QuantumGroup S,Energy,United States,2024,8050,Funded,40.3,Increasing,Active Hiring,Profit,8.38,817,10.15,7233,Low
VertexDigital N,Aerospace,Australia,2022,5109,Funded,58.0,Stable,Hiring Freeze,Profit,35.38,484,9.47,4625,Low
SummitRobotics M,Aerospace,United States,2023,8156,Funded,71.2,Decreasing,Selective Hiring,Loss,-10.79,1399,17.15,6757,High
CrescentDynamics R,Hardware,Germany,2022,1396,Bootstrapped,0.0,Stable,Selective Hiring,Profit,-35.59,709,50.78,687,Medium
CircuitHoldings C,Energy,Sweden,2024,5451,Bootstrapped,0.0,Increasing,Hiring Freeze,Profit,-10.43,107,1.97,5344,Low
TerraBio S,Crypto/Web3,Netherlands,2022,656,Public/Post-IPO,32.2,Stable,Active Hiring,Loss,10.2,60,9.15,596,Medium
ForgeHoldings,Technology,France,2024,4908,Funded,80.6,Decreasing,Active Hiring,Profit,-14.06,474,9.66,4434,Low
CobaltCapital,Automotive,United States,2023,8283,Bootstrapped,0.0,Increasing,Selective Hiring,Profit,11.88,2940,35.49,5343,Low
JasperLogistics,Manufacturing,United States,2023,2443,Bootstrapped,0.0,Stable,Selective Hiring,Loss,4.22,1662,68.02,781,High
CrescentSoftware Y,Logistics,Israel,2023,3974,Public/Post-IPO,25.9,Increasing,Active Hiring,Profit,8.5,463,11.65,3511,Low
HarborIndustries Z,Real Estate,Germany,2023,2836,Funded,32.4,Stable,Selective Hiring,Profit,16.34,438,15.46,2398,Low
NovaBio,Media & Entertainment,United States,2023,1806,Bootstrapped,0.0,Decreasing,Active Hiring,Loss,-39.27,34,1.86,1772,Medium
VantageAnalytics,Retail,United Kingdom,2024,6668,Bootstrapped,0.0,Increasing,Active Hiring,Profit,13.41,469,7.03,6199,Low
ApexVentures B,Automotive,Germany,2025,180,Public/Post-IPO,142.0,Stable,Hiring Freeze,Loss,0.25,55,30.71,125,High
ZenithLogistics D,Hospitality,Canada,2022,8610,Bootstrapped,0.0,Decreasing,Selective Hiring,Loss,-32.15,5147,59.78,3463,High
CatalystMotors J,Healthcare,China,2023,8620,Public/Post-IPO,1020.9,Increasing,Selective Hiring,Profit,14.99,872,10.12,7748,Low
VertexNetworks U,Education,Germany,2025,5225,Funded,32.8,Stable,Hiring Freeze,Loss,32.11,539,10.32,4686,Low
CrescentLogistics,Aerospace,United States,2023,7293,Bootstrapped,0.0,Stable,Selective Hiring,Loss,-16.54,4672,64.06,2621,High
CobaltEnergy O,Real Estate,United States,2024,9832,Funded,4.2,Increasing,Hiring Freeze,Loss,13.04,892,9.07,8940,Medium
DriftSoftware V,Energy,Germany,2023,2403,Funded,11.2,Increasing,Selective Hiring,Profit,29.34,362,15.07,2041,Low
MeridianRetail,Manufacturing,Sweden,2022,2897,Public/Post-IPO,78.8,Decreasing,Active Hiring,Profit,2.78,297,10.26,2600,Medium
RidgeBio,Education,United States,2023,5759,Bootstrapped,0.0,Stable,Hiring Freeze,Profit,-0.62,3748,65.08,2011,High
BrightDigital Y,Media & Entertainment,Poland,2023,712,Bootstrapped,0.0,Increasing,Active Hiring,Profit,47.21,116,16.27,596,Low
GraniteRobotics E,Consumer Goods,Germany,2023,4689,Funded,62.0,Stable,Selective Hiring,Profit,32.09,229,4.88,4460,Medium
IroncladTechnologies,Finance,United States,2023,4567,Public/Post-IPO,605.4,Increasing,Selective Hiring,Loss,0.27,1543,33.78,3024,Medium
ApexHoldings P,Finance,China,2022,6467,Public/Post-IPO,208.0,Decreasing,Hiring Freeze,Loss,-7.2,4191,64.81,2276,High
EmberSystems L,Media & Entertainment,United Kingdom,2022,2222,Public/Post-IPO,168.3,Increasing,Selective Hiring,Profit,29.22,779,35.05,1443,Low
PioneerHoldings Y,Telecommunications,India,2026,9678,Public/Post-IPO,39.3,Increasing,Selective Hiring,Profit,8.73,556,5.74,9122,Low
FusionFoods,Consumer Goods,United States,2023,574,Public/Post-IPO,42.9,Stable,Active Hiring,Profit,12.28,230,40.04,344,Low
ApexMedia,Crypto/Web3,Poland,2024,204,Bootstrapped,0.0,Increasing,Hiring Freeze,Profit,-25.24,71,34.75,133,Low
EchoMedia Y,Energy,Australia,2022,9532,Bootstrapped,0.0,Decreasing,Active Hiring,Profit,-41.36,3166,33.21,6366,High
MeridianHealth,Healthcare,India,2026,2415,Public/Post-IPO,333.3,Increasing,Hiring Freeze,Profit,24.87,611,25.29,1804,Low
TundraAnalytics,Retail,Singapore,2026,6535,Funded,44.4,Decreasing,Hiring Freeze,Loss,-19.7,2699,41.3,3836,High
DriftCapital B,Manufacturing,Germany,2023,694,Funded,3.5,Decreasing,Active Hiring,Loss,-0.63,310,44.63,384,Medium
QuantumIndustries,Finance,Germany,2022,8861,Public/Post-IPO,79.5,Increasing,Active Hiring,Profit,19.8,4082,46.07,4779,Medium
CrescentDynamics C,Biotech,Netherlands,2024,3498,Bootstrapped,0.0,Increasing,Active Hiring,Profit,-31.17,1202,34.37,2296,Low
CircuitCapital,Technology,France,2022,2337,Bootstrapped,0.0,Increasing,Hiring Freeze,Profit,18.53,539,23.05,1798,Low
OrbitLabs O,Finance,Germany,2022,5126,Public/Post-IPO,212.8,Increasing,Active Hiring,Profit,54.35,144,2.81,4982,Low
PioneerIndustries G,Hardware,United States,2022,2687,Public/Post-IPO,253.3,Stable,Selective Hiring,Profit,44.65,362,13.47,2325,Low
CobaltRobotics A,Retail,Israel,2023,9373,Bootstrapped,0.0,Decreasing,Active Hiring,Loss,-3.19,610,6.51,8763,Medium
CrescentDynamics R,Energy,China,2024,5387,Public/Post-IPO,22.0,Increasing,Selective Hiring,Loss,17.39,1571,29.17,3816,Low
BrightRobotics,Manufacturing,Sweden,2026,1141,Bootstrapped,0.0,Increasing,Active Hiring,Profit,-5.0,32,2.78,1109,Low
PioneerBio H,Retail,Japan,2025,6808,Funded,23.5,Increasing,Active Hiring,Loss,21.24,848,12.45,5960,Low
FusionSystems I,Manufacturing,United States,2022,9741,Funded,14.3,Stable,Hiring Freeze,Profit,-6.08,776,7.97,8965,Low
BrightRetail,Technology,United Kingdom,2025,9080,Bootstrapped,0.0,Increasing,Active Hiring,Profit,8.45,1605,17.68,7475,Low
HarborHoldings X,Hospitality,Israel,2023,421,Funded,82.9,Decreasing,Selective Hiring,Profit,-18.92,121,28.81,300,High
CircuitSoftware L,Consumer Goods,United States,2022,2094,Funded,11.8,Stable,Selective Hiring,Loss,-7.22,383,18.31,1711,High
HorizonDynamics A,Media & Entertainment,United States,2023,324,Funded,32.3,Increasing,Hiring Freeze,Profit,13.75,40,12.44,284,Low
HorizonTechnologies T,Aerospace,United Kingdom,2023,1790,Bootstrapped,0.0,Stable,Active Hiring,Profit,4.48,123,6.87,1667,Low
DeltaAero U,Hospitality,United States,2022,8535,Bootstrapped,0.0,Increasing,Hiring Freeze,Loss,-29.26,1299,15.22,7236,High
HarborSoftware Y,Aerospace,United States,2024,9010,Bootstrapped,0.0,Increasing,Active Hiring,Loss,41.25,2830,31.41,6180,Low
NimbusHealth,Automotive,China,2023,7110,Public/Post-IPO,67.1,Increasing,Hiring Freeze,Loss,19.95,1154,16.23,5956,Low
ClarityVentures P,Education,Singapore,2022,7089,Public/Post-IPO,1043.9,Increasing,Selective Hiring,Profit,9.87,1261,17.79,5828,Medium
JasperSolutions K,Telecommunications,Sweden,2022,8946,Bootstrapped,0.0,Stable,Active Hiring,Profit,24.29,917,10.25,8029,Low
StellarSystems,Aerospace,India,2023,8351,Bootstrapped,0.0,Stable,Active Hiring,Profit,28.96,245,2.93,8106,Low
HorizonSolutions Y,Finance,Australia,2023,2812,Funded,11.7,Increasing,Hiring Freeze,Profit,11.89,412,14.66,2400,Low
DeltaAero,Logistics,United States,2022,8068,Public/Post-IPO,85.6,Decreasing,Active Hiring,Profit,8.27,1605,19.89,6463,Low
RidgeSystems T,Biotech,Japan,2023,9369,Bootstrapped,0.0,Stable,Hiring Freeze,Loss,30.54,5057,53.98,4312,Medium
CascadeVentures F,Technology,Sweden,2025,8167,Bootstrapped,0.0,Stable,Hiring Freeze,Profit,13.21,2398,29.36,5769,High
TundraSoftware Y,Crypto/Web3,China,2026,7074,Funded,28.2,Increasing,Active Hiring,Profit,13.9,318,4.49,6756,Low
DeltaFoods R,Aerospace,Singapore,2026,3622,Funded,108.7,Decreasing,Hiring Freeze,Loss,-1.52,1689,46.64,1933,High
MeridianAnalytics B,Biotech,Brazil,2022,9272,Funded,131.5,Increasing,Selective Hiring,Profit,18.24,1430,15.42,7842,Low
CrescentRobotics U,Crypto/Web3,United Kingdom,2022,4188,Bootstrapped,0.0,Increasing,Selective Hiring,Loss,20.36,820,19.57,3368,Low
VantageCapital,Energy,Poland,2022,3052,Funded,15.1,Increasing,Hiring Freeze,Profit,22.42,1502,49.2,1550,Medium
HarborLabs B,Biotech,United States,2024,7987,Public/Post-IPO,81.5,Stable,Selective Hiring,Profit,20.6,1456,18.23,6531,Low
SummitMotors V,Hardware,Germany,2023,3756,Public/Post-IPO,482.9,Increasing,Hiring Freeze,Profit,15.89,1191,31.7,2565,Medium
MeridianAnalytics U,Hospitality,Israel,2025,7553,Bootstrapped,0.0,Increasing,Selective Hiring,Loss,9.63,1074,14.22,6479,Medium
WaveSystems K,Biotech,United States,2025,3844,Public/Post-IPO,79.8,Decreasing,Active Hiring,Profit,2.09,331,8.6,3513,Low
ApexNetworks W,Real Estate,Singapore,2022,1551,Bootstrapped,0.0,Stable,Active Hiring,Profit,-1.96,375,24.21,1176,Low
StellarAnalytics V,Automotive,United States,2023,1695,Public/Post-IPO,102.2,Decreasing,Selective Hiring,Profit,30.85,951,56.12,744,Medium
TerraCapital Z,Media & Entertainment,United States,2026,2436,Bootstrapped,0.0,Decreasing,Active Hiring,Loss,39.77,232,9.52,2204,Medium
ClarityMotors U,Hospitality,United States,2024,9613,Funded,31.0,Stable,Active Hiring,Profit,15.17,6684,69.53,2929,High
BeaconWorks D,Automotive,United States,2022,8669,Public/Post-IPO,62.2,Increasing,Active Hiring,Profit,8.7,832,9.6,7837,Low
ForgeLabs,Crypto/Web3,United States,2023,9720,Public/Post-IPO,163.2,Increasing,Selective Hiring,Profit,7.98,909,9.35,8811,Low
DriftSystems U,Manufacturing,Germany,2026,6815,Bootstrapped,0.0,Decreasing,Hiring Freeze,Loss,-32.9,2051,30.1,4764,High
GlacierAero A,Crypto/Web3,United States,2023,1758,Bootstrapped,0.0,Increasing,Hiring Freeze,Profit,13.49,184,10.45,1574,High
VertexLabs Z,Telecommunications,India,2022,3681,Funded,54.1,Decreasing,Selective Hiring,Loss,-25.09,1927,52.34,1754,High
NimbusAero O,Real Estate,India,2023,950,Funded,130.5,Increasing,Selective Hiring,Profit,-20.93,258,27.19,692,Low
DeltaSystems C,Automotive,United Kingdom,2022,4047,Bootstrapped,0.0,Increasing,Active Hiring,Loss,-8.21,175,4.32,3872,Low
ForgeSystems B,Media & Entertainment,France,2022,7626,Bootstrapped,0.0,Decreasing,Hiring Freeze,Loss,24.34,664,8.71,6962,Medium
PioneerHoldings,Manufacturing,United States,2023,3142,Public/Post-IPO,51.6,Decreasing,Active Hiring,Profit,-10.87,386,12.28,2756,Low
GlacierTechnologies D,Biotech,United States,2022,3182,Bootstrapped,0.0,Decreasing,Active Hiring,Loss,-0.81,533,16.74,2649,Medium
NimbusRobotics S,Technology,Canada,2022,4400,Funded,14.0,Stable,Hiring Freeze,Profit,-0.03,693,15.75,3707,High
WaveVentures R,Logistics,Poland,2024,5134,Bootstrapped,0.0,Decreasing,Hiring Freeze,Profit,-6.54,2239,43.61,2895,High
IroncladFoods,Telecommunications,United States,2025,320,Funded,122.0,Increasing,Hiring Freeze,Profit,29.15,4,1.3,316,Low
MeridianLabs,Media & Entertainment,United Kingdom,2023,6903,Bootstrapped,0.0,Stable,Active Hiring,Profit,28.53,1308,18.95,5595,Low
EchoLabs M,Technology,India,2025,1765,Bootstrapped,0.0,Stable,Hiring Freeze,Profit,-31.1,1161,65.79,604,Medium
PioneerMotors,Biotech,United States,2026,3484,Bootstrapped,0.0,Stable,Active Hiring,Profit,13.54,212,6.09,3272,Low
BeaconFoods P,Consumer Goods,Canada,2023,914,Funded,100.9,Decreasing,Active Hiring,Profit,0.52,179,19.63,735,Medium
NovaMotors Y,Consumer Goods,United States,2024,3475,Public/Post-IPO,98.3,Decreasing,Hiring Freeze,Loss,17.99,2448,70.46,1027,High
QuantumFoods L,Real Estate,United Kingdom,2022,4473,Funded,15.2,Increasing,Hiring Freeze,Profit,-2.99,606,13.55,3867,Low
DeltaWorks I,Finance,United States,2025,8672,Bootstrapped,0.0,Increasing,Active Hiring,Loss,-16.56,2069,23.86,6603,High
VantageBio G,Telecommunications,Sweden,2023,9969,Funded,11.0,Stable,Selective Hiring,Loss,1.64,1218,12.22,8751,Medium
VantageSolutions T,Hospitality,United States,2022,1986,Funded,25.2,Increasing,Hiring Freeze,Profit,-9.83,723,36.4,1263,Low
TerraHealth L,Education,United States,2024,2992,Bootstrapped,0.0,Increasing,Hiring Freeze,Profit,38.54,399,13.33,2593,Low
HarborAnalytics S,Media & Entertainment,India,2022,6839,Public/Post-IPO,21.5,Increasing,Selective Hiring,Profit,13.8,970,14.18,5869,Low
BeaconDigital,Finance,United States,2025,9809,Public/Post-IPO,139.5,Decreasing,Active Hiring,Loss,-12.42,7473,76.19,2336,Medium
ZenithIndustries S,Manufacturing,Australia,2023,4387,Bootstrapped,0.0,Decreasing,Hiring Freeze,Loss,9.93,370,8.44,4017,Low
KeystoneSolutions C,Manufacturing,Germany,2023,7046,Public/Post-IPO,558.3,Increasing,Selective Hiring,Profit,16.68,495,7.02,6551,Low
LumenGroup X,Hospitality,India,2025,7437,Funded,0.0,Decreasing,Hiring Freeze,Profit,21.32,3452,46.41,3985,High
DriftDigital J,Crypto/Web3,United Kingdom,2025,4222,Bootstrapped,0.0,Stable,Hiring Freeze,Loss,20.87,1439,34.08,2783,High
EchoIndustries,Technology,United States,2024,5149,Funded,5.4,Increasing,Hiring Freeze,Profit,-12.32,761,14.78,4388,Medium
NovaSoftware,Energy,India,2024,4674,Funded,29.2,Increasing,Active Hiring,Profit,28.1,367,7.86,4307,Low
PioneerWorks I,Healthcare,India,2026,7837,Funded,57.0,Decreasing,Hiring Freeze,Loss,-19.63,5056,64.52,2781,High
ForgeAnalytics W,Education,United States,2023,5189,Funded,55.3,Decreasing,Hiring Freeze,Loss,-10.15,405,7.81,4784,High
CatalystDigital E,Hardware,United States,2024,6100,Public/Post-IPO,753.4,Stable,Hiring Freeze,Loss,27.37,2497,40.94,3603,High
CircuitHoldings,Finance,United States,2022,8312,Funded,16.0,Stable,Hiring Freeze,Loss,6.73,3329,40.05,4983,High
NovaHealth,Energy,Brazil,2022,4746,Public/Post-IPO,63.7,Increasing,Hiring Freeze,Profit,33.34,1254,26.42,3492,Low
NovaLogistics,Crypto/Web3,India,2023,917,Bootstrapped,0.0,Decreasing,Hiring Freeze,Loss,-53.55,284,30.95,633,High
NovaMotors Y,Biotech,United Kingdom,2022,2235,Funded,54.3,Stable,Hiring Freeze,Profit,-9.38,865,38.7,1370,Medium
GraniteTechnologies,Hardware,Canada,2024,6824,Funded,17.0,Stable,Selective Hiring,Loss,-11.31,1489,21.82,5335,Low
SummitTechnologies M,Healthcare,United States,2025,1686,Public/Post-IPO,674.9,Decreasing,Selective Hiring,Loss,-19.96,330,19.58,1356,High
FusionVentures,Automotive,United States,2022,8993,Public/Post-IPO,250.5,Decreasing,Hiring Freeze,Loss,22.31,5630,62.6,3363,High
CatalystWorks,Aerospace,China,2023,8968,Funded,13.1,Increasing,Selective Hiring,Loss,-11.25,3246,36.2,5722,Medium
RidgeLabs X,Retail,Israel,2022,5337,Funded,44.2,Increasing,Selective Hiring,Loss,0.45,677,12.69,4660,High
TerraCapital Z,Manufacturing,United States,2023,897,Bootstrapped,0.0,Decreasing,Selective Hiring,Loss,-21.74,419,46.76,478,Medium
CircuitVentures O,Hospitality,Canada,2023,2038,Funded,22.8,Increasing,Selective Hiring,Profit,0.99,446,21.89,1592,Low
ForgeVentures R,Biotech,Germany,2026,2322,Funded,3.0,Increasing,Hiring Freeze,Profit,46.07,139,5.99,2183,Low
DeltaSoftware Y,Consumer Goods,United States,2024,2530,Bootstrapped,0.0,Increasing,Selective Hiring,Profit,18.04,559,22.1,1971,Low
NimbusFoods J,Retail,Brazil,2026,8699,Bootstrapped,0.0,Increasing,Selective Hiring,Profit,27.17,1388,15.96,7311,Low
ApexTechnologies N,Logistics,Canada,2024,4854,Funded,44.2,Increasing,Active Hiring,Profit,-4.29,521,10.74,4333,Low
ForgeAero X,Aerospace,Germany,2024,5622,Funded,5.5,Increasing,Hiring Freeze,Profit,32.84,379,6.75,5243,Low
SummitCapital L,Biotech,United States,2024,845,Public/Post-IPO,34.6,Decreasing,Hiring Freeze,Profit,2.44,803,95.0,42,High
StellarRobotics,Manufacturing,United States,2023,9926,Bootstrapped,0.0,Decreasing,Hiring Freeze,Profit,30.45,5820,58.63,4106,High
WaveMedia B,Hardware,United States,2026,1358,Bootstrapped,0.0,Stable,Hiring Freeze,Loss,17.8,379,27.91,979,Low
ForgeGroup,Hospitality,Germany,2023,3561,Funded,54.9,Increasing,Hiring Freeze,Profit,17.64,1172,32.91,2389,Low
StellarIndustries K,Consumer Goods,Israel,2022,8968,Bootstrapped,0.0,Stable,Selective Hiring,Profit,21.52,748,8.34,8220,Low
RidgeDigital S,Hospitality,Brazil,2024,9395,Funded,57.3,Decreasing,Hiring Freeze,Loss,-20.11,3586,38.17,5809,High
CatalystAero X,Telecommunications,Israel,2022,5840,Public/Post-IPO,132.5,Decreasing,Hiring Freeze,Loss,12.35,3179,54.43,2661,High
ApexRetail M,Technology,United States,2024,6404,Funded,19.8,Decreasing,Hiring Freeze,Loss,-23.41,2279,35.59,4125,Medium
KeystoneRetail,Logistics,Germany,2025,9698,Funded,6.5,Decreasing,Active Hiring,Loss,-33.0,2434,25.1,7264,Low
VertexWorks,Retail,Germany,2023,9150,Funded,14.1,Decreasing,Selective Hiring,Loss,9.91,4901,53.56,4249,High
AnchorNetworks,Real Estate,India,2023,6609,Bootstrapped,0.0,Stable,Active Hiring,Loss,-15.79,1794,27.15,4815,Medium
DeltaDigital Y,Retail,United States,2023,8076,Funded,4.4,Decreasing,Selective Hiring,Loss,-23.55,4448,55.08,3628,High
VantageRetail O,Telecommunications,Singapore,2025,3692,Public/Post-IPO,2081.1,Increasing,Active Hiring,Loss,-10.11,345,9.35,3347,Medium
EmberRetail,Media & Entertainment,United States,2023,3520,Bootstrapped,0.0,Decreasing,Active Hiring,Loss,-36.96,1263,35.87,2257,High
BrightCapital U,Logistics,Germany,2022,9445,Bootstrapped,0.0,Increasing,Hiring Freeze,Profit,12.44,1867,19.77,7578,Low
CrescentDigital V,Media & Entertainment,India,2026,8982,Public/Post-IPO,124.5,Increasing,Active Hiring,Profit,33.7,2256,25.12,6726,Low
LumenTechnologies O,Technology,India,2026,3229,Bootstrapped,0.0,Decreasing,Selective Hiring,Loss,-13.49,760,23.53,2469,High
SummitHoldings,Healthcare,Netherlands,2022,1096,Funded,21.1,Stable,Active Hiring,Profit,12.44,45,4.08,1051,Low
CobaltNetworks,Automotive,Australia,2026,6017,Public/Post-IPO,354.8,Increasing,Active Hiring,Loss,16.56,239,3.98,5778,Low
TundraAero G,Automotive,Germany,2025,3727,Public/Post-IPO,347.3,Decreasing,Active Hiring,Loss,-16.62,272,7.31,3455,Low
CobaltHoldings K,Energy,Australia,2022,340,Funded,32.5,Decreasing,Hiring Freeze,Loss,-11.84,25,7.46,315,High
CrescentDynamics R,Consumer Goods,Singapore,2023,8986,Public/Post-IPO,17.0,Increasing,Selective Hiring,Profit,11.17,2414,26.86,6572,Low
DriftMotors W,Hardware,United Kingdom,2026,2017,Funded,5.4,Increasing,Active Hiring,Profit,-10.68,477,23.67,1540,Low
BeaconEnergy R,Education,Japan,2024,1828,Public/Post-IPO,130.3,Increasing,Active Hiring,Loss,14.36,195,10.68,1633,Low
StellarLogistics F,Consumer Goods,United States,2026,257,Bootstrapped,0.0,Decreasing,Hiring Freeze,Profit,-7.2,78,30.53,179,High
JasperWorks N,Aerospace,Canada,2024,5298,Bootstrapped,0.0,Increasing,Active Hiring,Profit,3.11,523,9.87,4775,Low
GraniteEnergy,Manufacturing,Japan,2025,3395,Funded,20.5,Decreasing,Selective Hiring,Profit,-9.64,2520,74.22,875,Medium
VantageSolutions T,Real Estate,Netherlands,2022,6699,Public/Post-IPO,28.7,Decreasing,Active Hiring,Loss,32.1,699,10.44,6000,Medium
TerraHealth T,Hardware,Australia,2025,9696,Bootstrapped,0.0,Increasing,Active Hiring,Profit,4.11,2008,20.71,7688,Low
BeaconDigital I,Energy,United States,2025,2291,Bootstrapped,0.0,Stable,Active Hiring,Loss,15.83,259,11.3,2032,Medium
DeltaSoftware Z,Hardware,Canada,2022,1215,Public/Post-IPO,89.4,Decreasing,Active Hiring,Profit,4.2,338,27.86,877,Medium
ApexNetworks W,Logistics,United States,2022,5490,Funded,110.5,Stable,Hiring Freeze,Profit,12.73,2955,53.83,2535,Medium
PioneerNetworks M,Energy,United States,2025,3570,Public/Post-IPO,54.6,Decreasing,Hiring Freeze,Loss,-27.98,254,7.11,3316,Medium
VertexIndustries Y,Education,Germany,2023,3380,Bootstrapped,0.0,Decreasing,Hiring Freeze,Loss,-17.63,467,13.82,2913,High
DriftBio X,Manufacturing,United States,2022,6739,Funded,33.0,Increasing,Hiring Freeze,Profit,25.67,490,7.27,6249,Medium
EmberSoftware,Consumer Goods,United States,2023,566,Public/Post-IPO,106.6,Increasing,Active Hiring,Profit,2.0,36,6.33,530,Low
KeystoneMotors,Biotech,United Kingdom,2022,9282,Funded,27.0,Increasing,Selective Hiring,Profit,-5.1,899,9.69,8383,Medium
MeridianMotors C,Hardware,United States,2025,4732,Bootstrapped,0.0,Increasing,Selective Hiring,Profit,6.14,735,15.53,3997,Low
SolaceDynamics I,Telecommunications,United Kingdom,2025,9286,Bootstrapped,0.0,Increasing,Active Hiring,Loss,10.47,1268,13.65,8018,Low
OrbitEnergy L,Aerospace,United Kingdom,2024,8423,Bootstrapped,0.0,Increasing,Active Hiring,Profit,4.15,163,1.94,8260,Low
JasperMedia Z,Retail,Israel,2026,7730,Funded,10.7,Stable,Hiring Freeze,Loss,-5.89,1308,16.92,6422,High
PioneerAnalytics Q,Finance,United States,2025,5722,Bootstrapped,0.0,Increasing,Selective Hiring,Profit,-2.99,1561,27.28,4161,Low
FusionDigital,Healthcare,India,2025,7756,Public/Post-IPO,170.9,Increasing,Hiring Freeze,Loss,19.92,4798,61.86,2958,High
KeystoneMotors O,Hospitality,Japan,2025,5073,Funded,19.2,Decreasing,Hiring Freeze,Loss,2.58,1429,28.17,3644,High
NovaIndustries,Finance,France,2024,5141,Bootstrapped,0.0,Increasing,Selective Hiring,Profit,14.99,128,2.49,5013,Low
MeridianGroup K,Healthcare,Germany,2023,9782,Funded,8.8,Stable,Hiring Freeze,Profit,-0.89,2969,30.35,6813,Low
MeridianMedia Z,Crypto/Web3,Germany,2022,4795,Bootstrapped,0.0,Increasing,Selective Hiring,Profit,18.64,998,20.81,3797,Low
CrescentHealth L,Aerospace,Netherlands,2025,6307,Bootstrapped,0.0,Increasing,Selective Hiring,Profit,26.0,752,11.92,5555,Low
GraniteEnergy R,Media & Entertainment,Sweden,2022,2631,Bootstrapped,0.0,Stable,Hiring Freeze,Profit,1.73,214,8.12,2417,Medium
NovaMotors,Biotech,Canada,2024,2983,Public/Post-IPO,744.5,Stable,Selective Hiring,Profit,42.91,287,9.63,2696,Low
CircuitSoftware L,Manufacturing,United Kingdom,2026,2493,Funded,5.6,Stable,Hiring Freeze,Loss,-22.86,1042,41.8,1451,High
DeltaBio H,Automotive,United Kingdom,2026,9635,Bootstrapped,0.0,Decreasing,Selective Hiring,Loss,-23.71,3381,35.09,6254,High
TundraLabs G,Technology,United States,2023,3218,Public/Post-IPO,193.7,Increasing,Hiring Freeze,Profit,13.42,519,16.14,2699,Medium
OrbitLogistics U,Logistics,United States,2025,7193,Funded,16.4,Increasing,Selective Hiring,Profit,2.86,1050,14.6,6143,Medium
SummitVentures M,Manufacturing,United States,2023,7211,Public/Post-IPO,0.0,Increasing,Selective Hiring,Profit,-3.86,1540,21.35,5671,Low
ApexAnalytics,Logistics,China,2025,4045,Bootstrapped,0.0,Decreasing,Selective Hiring,Loss,-24.4,1299,32.11,2746,Medium
ApexRetail M,Education,Canada,2023,9582,Funded,38.3,Decreasing,Hiring Freeze,Loss,-32.91,7415,77.38,2167,High
ClarityBio W,Healthcare,Germany,2022,3250,Public/Post-IPO,496.3,Decreasing,Active Hiring,Loss,6.35,1235,37.99,2015,High
TundraEnergy G,Manufacturing,Japan,2026,2330,Public/Post-IPO,42.4,Decreasing,Hiring Freeze,Loss,-11.13,998,42.84,1332,High
QuantumSystems G,Real Estate,Sweden,2022,4612,Bootstrapped,0.0,Increasing,Hiring Freeze,Profit,12.3,1605,34.81,3007,Low
WaveFoods G,Crypto/Web3,India,2025,4909,Funded,10.9,Increasing,Hiring Freeze,Profit,3.32,871,17.75,4038,Low
LumenLabs,Retail,India,2022,4262,Public/Post-IPO,396.0,Stable,Hiring Freeze,Profit,15.21,2469,57.92,1793,Medium
ZenithRetail R,Education,United Kingdom,2026,5168,Bootstrapped,0.0,Increasing,Selective Hiring,Loss,-7.61,158,3.06,5010,Low
LumenHealth V,Healthcare,China,2022,1958,Funded,10.0,Stable,Hiring Freeze,Profit,7.77,215,10.97,1743,High
GraniteLabs R,Healthcare,United States,2023,3119,Bootstrapped,0.0,Increasing,Active Hiring,Loss,58.44,449,14.39,2670,Low
ClarityBio,Finance,India,2025,7170,Bootstrapped,0.0,Decreasing,Hiring Freeze,Loss,4.25,780,10.88,6390,High
KeystoneIndustries,Automotive,United States,2022,1151,Public/Post-IPO,213.6,Increasing,Active Hiring,Profit,-7.14,106,9.23,1045,Low
SolaceEnergy,Manufacturing,India,2025,5571,Funded,10.3,Stable,Selective Hiring,Loss,-26.3,708,12.7,4863,Low
SummitLogistics K,Crypto/Web3,United States,2023,6144,Public/Post-IPO,41.6,Decreasing,Active Hiring,Loss,-0.94,931,15.16,5213,Low
JasperEnergy N,Media & Entertainment,India,2023,3375,Public/Post-IPO,142.2,Stable,Hiring Freeze,Profit,-11.97,95,2.82,3280,Medium
TundraMedia Z,Aerospace,United States,2025,1473,Bootstrapped,0.0,Decreasing,Hiring Freeze,Loss,17.72,614,41.65,859,High
VantageVentures G,Crypto/Web3,United States,2023,4764,Public/Post-IPO,34.0,Increasing,Active Hiring,Profit,-7.96,530,11.13,4234,Low
CatalystMotors Z,Real Estate,United States,2025,5930,Bootstrapped,0.0,Increasing,Hiring Freeze,Profit,-0.01,340,5.74,5590,Low
QuantumRobotics T,Education,United States,2023,612,Bootstrapped,0.0,Decreasing,Active Hiring,Loss,-1.72,286,46.81,326,Medium
KeystoneRetail J,Finance,India,2024,4304,Funded,59.5,Decreasing,Active Hiring,Profit,6.26,977,22.69,3327,Low
CobaltSystems M,Biotech,Germany,2024,4021,Public/Post-IPO,2751.9,Increasing,Active Hiring,Profit,16.0,181,4.49,3840,Low
AnchorBio T,Consumer Goods,United States,2022,1101,Public/Post-IPO,3917.4,Stable,Selective Hiring,Loss,-1.2,79,7.21,1022,Medium
SummitDynamics M,Technology,India,2023,1863,Bootstrapped,0.0,Increasing,Hiring Freeze,Loss,10.4,1091,58.58,772,High
FusionLogistics H,Manufacturing,India,2026,7885,Bootstrapped,0.0,Increasing,Active Hiring,Loss,31.12,2065,26.19,5820,Low
EmberWorks,Real Estate,Canada,2026,8125,Funded,150.4,Stable,Hiring Freeze,Profit,-13.13,6596,81.18,1529,High
LumenRobotics,Manufacturing,Canada,2023,965,Bootstrapped,0.0,Increasing,Hiring Freeze,Profit,12.02,198,20.48,767,Low
HarborSoftware F,Logistics,Singapore,2022,6146,Funded,119.7,Stable,Hiring Freeze,Profit,21.06,1076,17.5,5070,Low
BeaconGroup A,Healthcare,United States,2025,7825,Bootstrapped,0.0,Decreasing,Hiring Freeze,Profit,-7.91,4358,55.69,3467,Medium
GraniteHealth Z,Consumer Goods,France,2022,6741,Public/Post-IPO,54.6,Stable,Active Hiring,Loss,-7.81,1327,19.69,5414,Low
LumenIndustries,Finance,United Kingdom,2024,7384,Public/Post-IPO,577.4,Increasing,Active Hiring,Loss,12.95,1866,25.27,5518,Low
MeridianRetail L,Technology,Germany,2023,8094,Bootstrapped,0.0,Decreasing,Active Hiring,Profit,-14.03,4084,50.46,4010,High
MeridianFoods B,Automotive,Brazil,2025,3895,Public/Post-IPO,344.3,Decreasing,Active Hiring,Loss,-27.76,2594,66.59,1301,High
IroncladRobotics,Finance,United Kingdom,2023,1163,Bootstrapped,0.0,Increasing,Active Hiring,Loss,3.63,507,43.59,656,High
VertexDigital N,Hardware,Singapore,2026,8528,Funded,10.8,Increasing,Selective Hiring,Profit,6.87,2002,23.48,6526,Low
VertexIndustries U,Healthcare,United States,2023,7201,Bootstrapped,0.0,Decreasing,Active Hiring,Profit,45.0,2410,33.47,4791,Low
NimbusDynamics P,Aerospace,Israel,2024,109,Funded,28.8,Decreasing,Active Hiring,Loss,-17.54,25,23.03,84,Low
NimbusMotors V,Consumer Goods,France,2022,8240,Public/Post-IPO,127.6,Stable,Hiring Freeze,Loss,5.19,7828,95.0,412,High
StellarDynamics T,Finance,United States,2023,2184,Bootstrapped,0.0,Decreasing,Active Hiring,Profit,7.33,697,31.91,1487,Low
KeystoneLogistics V,Retail,United Kingdom,2023,2674,Funded,266.4,Stable,Active Hiring,Loss,-8.56,701,26.21,1973,Low
BrightIndustries,Consumer Goods,Germany,2022,8867,Public/Post-IPO,104.3,Increasing,Active Hiring,Loss,13.55,1755,19.79,7112,Low
IroncladBio L,Automotive,United Kingdom,2023,1098,Funded,179.7,Increasing,Hiring Freeze,Loss,19.78,267,24.32,831,High
CatalystDigital Y,Crypto/Web3,Australia,2025,2769,Funded,16.6,Stable,Hiring Freeze,Profit,-15.35,1373,49.6,1396,Medium
VantageBio P,Hardware,Canada,2023,3694,Public/Post-IPO,109.6,Decreasing,Active Hiring,Loss,-14.32,271,7.34,3423,High
NimbusTechnologies M,Finance,United States,2025,9034,Public/Post-IPO,335.2,Increasing,Active Hiring,Loss,-21.9,1184,13.11,7850,Medium
VantageTechnologies,Telecommunications,Germany,2023,6799,Bootstrapped,0.0,Stable,Hiring Freeze,Profit,-17.56,1456,21.42,5343,Low
IroncladSoftware J,Aerospace,United States,2024,356,Public/Post-IPO,1209.4,Stable,Active Hiring,Profit,-0.92,12,3.24,344,Low
HorizonSolutions A,Logistics,Japan,2025,5561,Public/Post-IPO,0.0,Stable,Active Hiring,Loss,9.29,771,13.86,4790,Low
GraniteLabs N,Manufacturing,Singapore,2022,560,Public/Post-IPO,255.3,Decreasing,Hiring Freeze,Loss,-26.67,298,53.22,262,High
BrightLabs S,Finance,Israel,2023,9530,Public/Post-IPO,215.8,Increasing,Hiring Freeze,Loss,3.92,3162,33.18,6368,High
CatalystSystems Y,Telecommunications,United States,2022,6861,Funded,17.0,Decreasing,Selective Hiring,Loss,40.91,4768,69.49,2093,High
ApexHealth L,Logistics,Israel,2024,7917,Public/Post-IPO,107.6,Decreasing,Selective Hiring,Profit,-5.96,739,9.34,7178,Low
AnchorGroup,Media & Entertainment,India,2022,6284,Public/Post-IPO,765.7,Stable,Selective Hiring,Loss,15.52,1299,20.67,4985,Low
DriftHoldings K,Real Estate,Netherlands,2023,4227,Bootstrapped,0.0,Stable,Hiring Freeze,Loss,26.19,2567,60.73,1660,High
SummitNetworks P,Telecommunications,India,2025,9197,Public/Post-IPO,66.8,Stable,Hiring Freeze,Profit,-5.38,2768,30.1,6429,High
StellarIndustries K,Manufacturing,Sweden,2023,5302,Bootstrapped,0.0,Decreasing,Active Hiring,Profit,6.85,1007,18.99,4295,Medium
VertexSolutions X,Logistics,United Kingdom,2022,2592,Funded,29.7,Increasing,Hiring Freeze,Profit,-9.89,183,7.06,2409,High
TerraLogistics W,Media & Entertainment,Germany,2022,8514,Bootstrapped,0.0,Stable,Active Hiring,Profit,35.8,1819,21.37,6695,Low
ForgeIndustries,Hospitality,Sweden,2024,1451,Public/Post-IPO,138.3,Increasing,Hiring Freeze,Profit,25.53,938,64.67,513,High
IroncladNetworks R,Hardware,Sweden,2024,8871,Public/Post-IPO,100.1,Decreasing,Hiring Freeze,Profit,-7.2,4232,47.71,4639,High
QuantumCapital,Media & Entertainment,Australia,2023,7965,Public/Post-IPO,991.4,Decreasing,Hiring Freeze,Loss,0.89,6284,78.9,1681,High
StellarFoods R,Automotive,United States,2026,3142,Public/Post-IPO,68.8,Stable,Active Hiring,Loss,-15.51,1758,55.95,1384,High
OrbitDigital K,Consumer Goods,France,2025,9031,Funded,44.1,Increasing,Selective Hiring,Profit,-15.32,2723,30.15,6308,Low
EchoWorks,Energy,Singapore,2023,8623,Public/Post-IPO,241.2,Decreasing,Selective Hiring,Loss,-26.72,3546,41.12,5077,High
TerraCapital,Telecommunications,India,2023,3439,Funded,8.8,Stable,Hiring Freeze,Profit,14.32,1418,41.22,2021,Low
CrescentIndustries M,Biotech,Germany,2026,8435,Public/Post-IPO,135.0,Decreasing,Selective Hiring,Loss,-0.84,3883,46.04,4552,High
BrightCapital,Telecommunications,Netherlands,2023,7315,Public/Post-IPO,293.8,Decreasing,Active Hiring,Loss,-40.0,1494,20.43,5821,High
ForgeAero R,Biotech,Germany,2026,5244,Public/Post-IPO,17.1,Decreasing,Selective Hiring,Loss,-8.1,2370,45.2,2874,Medium
ForgeSoftware N,Energy,Singapore,2025,9274,Public/Post-IPO,52.4,Stable,Selective Hiring,Profit,31.29,763,8.23,8511,Low
ApexSolutions X,Hospitality,India,2023,7617,Funded,42.6,Increasing,Hiring Freeze,Profit,32.96,2456,32.24,5161,Medium
ForgeRetail Y,Technology,China,2025,3253,Bootstrapped,0.0,Stable,Active Hiring,Profit,15.13,179,5.51,3074,Low
ClarityMedia C,Hardware,India,2025,4204,Bootstrapped,0.0,Increasing,Selective Hiring,Profit,38.36,153,3.64,4051,Low
EmberGroup S,Telecommunications,United States,2025,3502,Funded,23.5,Decreasing,Hiring Freeze,Loss,-33.45,649,18.53,2853,High
CascadeIndustries B,Healthcare,Japan,2023,3485,Public/Post-IPO,70.7,Increasing,Active Hiring,Profit,24.1,749,21.48,2736,Low
NovaDigital D,Manufacturing,Germany,2024,4449,Funded,60.1,Stable,Selective Hiring,Profit,-7.69,2030,45.63,2419,High
SummitMedia X,Crypto/Web3,India,2022,6024,Public/Post-IPO,493.7,Decreasing,Active Hiring,Loss,12.84,721,11.97,5303,Low
ZenithSystems B,Energy,United States,2025,3019,Bootstrapped,0.0,Stable,Selective Hiring,Profit,25.37,1064,35.23,1955,Low
TundraVentures W,Hardware,United States,2025,4692,Public/Post-IPO,27.6,Increasing,Active Hiring,Profit,16.3,2345,49.97,2347,Low
CascadeFoods P,Automotive,United Kingdom,2024,4447,Bootstrapped,0.0,Increasing,Active Hiring,Profit,0.61,1417,31.87,3030,Low
CascadeCapital,Consumer Goods,United States,2025,6990,Bootstrapped,0.0,Increasing,Selective Hiring,Loss,-8.45,1576,22.55,5414,High
VertexLogistics Z,Healthcare,India,2026,7238,Bootstrapped,0.0,Decreasing,Active Hiring,Loss,-10.36,3875,53.53,3363,High
CatalystGroup N,Biotech,United States,2026,2476,Funded,33.9,Decreasing,Hiring Freeze,Loss,5.04,1799,72.65,677,High
TundraRobotics J,Media & Entertainment,United States,2025,7323,Funded,15.1,Increasing,Selective Hiring,Loss,15.51,505,6.9,6818,Medium
JasperRobotics F,Finance,United States,2023,3157,Public/Post-IPO,50.8,Stable,Active Hiring,Profit,11.11,376,11.92,2781,Low
LumenLabs G,Aerospace,United States,2023,2078,Bootstrapped,0.0,Increasing,Active Hiring,Loss,15.74,455,21.89,1623,High
PioneerMotors N,Crypto/Web3,United States,2025,785,Bootstrapped,0.0,Increasing,Selective Hiring,Profit,13.28,37,4.68,748,Low
GlacierFoods P,Telecommunications,United States,2022,4831,Funded,46.9,Decreasing,Hiring Freeze,Loss,-19.91,3556,73.6,1275,High
KeystoneSolutions,Biotech,Sweden,2024,3612,Bootstrapped,0.0,Stable,Selective Hiring,Profit,-7.56,733,20.28,2879,Low
BrightCapital E,Energy,China,2026,3203,Funded,19.5,Stable,Hiring Freeze,Profit,15.91,602,18.81,2601,Low
GlacierGroup K,Hospitality,Israel,2023,359,Bootstrapped,0.0,Increasing,Selective Hiring,Loss,-0.02,115,32.12,244,Medium
LumenLabs G,Hospitality,Israel,2024,1999,Funded,169.4,Decreasing,Active Hiring,Loss,2.19,210,10.53,1789,Low
VertexLogistics J,Hospitality,United Kingdom,2025,6367,Bootstrapped,0.0,Stable,Hiring Freeze,Loss,-0.08,2199,34.54,4168,High
KeystoneRetail H,Aerospace,United States,2026,3546,Bootstrapped,0.0,Increasing,Hiring Freeze,Profit,24.52,802,22.61,2744,Medium
AnchorAnalytics I,Media & Entertainment,France,2022,7978,Funded,16.6,Increasing,Hiring Freeze,Profit,22.15,1213,15.2,6765,Low
ApexSolutions X,Retail,United States,2022,2323,Funded,0.0,Stable,Selective Hiring,Profit,2.75,106,4.58,2217,Low
CobaltMotors,Aerospace,Japan,2026,1595,Funded,16.0,Stable,Hiring Freeze,Profit,8.17,272,17.07,1323,Low
TerraAero W,Retail,India,2022,5974,Public/Post-IPO,34.5,Stable,Hiring Freeze,Loss,12.23,911,15.25,5063,High
VantageLogistics,Crypto/Web3,India,2022,6807,Funded,118.7,Decreasing,Active Hiring,Profit,-41.49,626,9.19,6181,Low
TundraEnergy,Energy,Israel,2024,6177,Public/Post-IPO,92.1,Increasing,Hiring Freeze,Profit,65.39,663,10.73,5514,Low
BrightMotors D,Hospitality,India,2023,1511,Bootstrapped,0.0,Decreasing,Selective Hiring,Loss,23.9,160,10.58,1351,Medium
PioneerHealth K,Telecommunications,Singapore,2023,4898,Bootstrapped,0.0,Increasing,Active Hiring,Profit,15.37,1695,34.6,3203,Low
ZenithHoldings,Aerospace,United States,2025,8965,Public/Post-IPO,129.9,Increasing,Selective Hiring,Loss,13.35,2512,28.02,6453,High
LumenHoldings Q,Media & Entertainment,United States,2025,3435,Public/Post-IPO,304.0,Increasing,Hiring Freeze,Profit,13.31,952,27.71,2483,Low
CircuitAnalytics,Hospitality,United States,2024,7257,Bootstrapped,0.0,Decreasing,Selective Hiring,Profit,7.88,2070,28.53,5187,Medium
RidgeHoldings Q,Technology,Singapore,2023,4101,Public/Post-IPO,559.0,Increasing,Active Hiring,Profit,-11.98,398,9.71,3703,Low
HorizonEnergy,Retail,Germany,2026,7084,Public/Post-IPO,254.2,Increasing,Hiring Freeze,Profit,10.74,2409,34.0,4675,Medium
GlacierTechnologies D,Real Estate,France,2024,1620,Funded,98.2,Stable,Hiring Freeze,Profit,-23.22,245,15.12,1375,High
HorizonLabs T,Crypto/Web3,Germany,2023,2602,Public/Post-IPO,366.8,Stable,Selective Hiring,Profit,1.19,722,27.76,1880,Low
WaveHealth U,Retail,Israel,2023,4931,Public/Post-IPO,87.2,Increasing,Active Hiring,Profit,17.27,414,8.4,4517,Low
HorizonBio T,Real Estate,Israel,2022,9802,Public/Post-IPO,247.1,Stable,Selective Hiring,Profit,6.58,930,9.49,8872,Low
FusionMotors N,Telecommunications,China,2025,4496,Bootstrapped,0.0,Increasing,Hiring Freeze,Profit,33.85,493,10.97,4003,Low
PioneerMotors Y,Education,France,2023,3136,Funded,7.2,Stable,Active Hiring,Profit,-2.73,264,8.41,2872,Low
VertexNetworks U,Retail,United States,2023,785,Funded,23.9,Increasing,Active Hiring,Loss,29.43,51,6.49,734,Low
NimbusSystems R,Hospitality,United States,2025,9496,Funded,19.2,Decreasing,Hiring Freeze,Loss,22.15,9021,95.0,475,High
BeaconDigital D,Manufacturing,Netherlands,2025,5702,Public/Post-IPO,514.0,Increasing,Hiring Freeze,Profit,16.45,1258,22.06,4444,Low
ZenithTechnologies W,Media & Entertainment,United Kingdom,2022,6443,Bootstrapped,0.0,Decreasing,Selective Hiring,Loss,-15.93,990,15.36,5453,Medium
VantageFoods,Hardware,United States,2026,4226,Bootstrapped,0.0,Decreasing,Hiring Freeze,Loss,-25.7,1267,29.97,2959,High
ClarityCapital T,Hardware,United States,2024,5249,Bootstrapped,0.0,Decreasing,Hiring Freeze,Loss,1.73,1576,30.03,3673,High
TundraMedia,Telecommunications,United States,2024,307,Bootstrapped,0.0,Increasing,Active Hiring,Profit,29.44,149,48.57,158,Low
CobaltNetworks N,Biotech,United States,2022,4257,Public/Post-IPO,536.0,Decreasing,Selective Hiring,Loss,-47.87,2442,57.36,1815,High
ForgeGroup P,Real Estate,Brazil,2022,6642,Bootstrapped,0.0,Decreasing,Selective Hiring,Loss,-13.49,1198,18.03,5444,High
EchoFoods F,Finance,United States,2025,8653,Public/Post-IPO,71.6,Stable,Selective Hiring,Profit,20.99,640,7.4,8013,Medium
IroncladLabs,Telecommunications,Germany,2022,7021,Bootstrapped,0.0,Increasing,Hiring Freeze,Loss,41.78,2853,40.63,4168,Medium
FusionSystems P,Finance,Japan,2026,7062,Bootstrapped,0.0,Decreasing,Active Hiring,Loss,-7.92,2884,40.84,4178,High
SolaceIndustries,Logistics,United States,2022,6541,Funded,9.2,Increasing,Active Hiring,Loss,14.31,2752,42.07,3789,Medium
PioneerCapital S,Energy,United States,2023,143,Bootstrapped,0.0,Stable,Hiring Freeze,Loss,23.42,59,41.53,84,High
NovaMotors G,Finance,Sweden,2022,4525,Bootstrapped,0.0,Decreasing,Hiring Freeze,Loss,-18.24,782,17.29,3743,High
VertexLogistics J,Hospitality,United States,2025,1317,Bootstrapped,0.0,Increasing,Active Hiring,Profit,-1.11,40,3.05,1277,Low
CircuitBio Z,Education,United States,2024,3219,Funded,19.4,Decreasing,Hiring Freeze,Loss,-31.82,2237,69.48,982,High
SolaceTechnologies W,Biotech,Canada,2023,3584,Funded,29.7,Increasing,Hiring Freeze,Profit,-12.61,571,15.94,3013,Low
DeltaHealth K,Crypto/Web3,United States,2022,8597,Funded,9.8,Stable,Hiring Freeze,Loss,-16.96,2304,26.8,6293,High
ApexWorks V,Technology,Brazil,2023,6807,Public/Post-IPO,125.6,Increasing,Active Hiring,Profit,14.11,1256,18.45,5551,Low
TundraMedia Z,Retail,United States,2026,952,Public/Post-IPO,49.8,Increasing,Selective Hiring,Profit,0.12,439,46.09,513,High
MeridianHoldings G,Biotech,India,2023,3627,Funded,51.5,Decreasing,Selective Hiring,Loss,9.95,124,3.43,3503,Medium
CircuitDynamics J,Consumer Goods,United States,2026,6093,Public/Post-IPO,265.5,Decreasing,Active Hiring,Loss,-10.95,796,13.06,5297,Low
ForgeVentures R,Consumer Goods,France,2025,9551,Funded,5.1,Stable,Active Hiring,Loss,-37.06,2174,22.76,7377,High
RidgeSystems S,Logistics,United States,2024,849,Public/Post-IPO,62.7,Decreasing,Hiring Freeze,Loss,46.26,20,2.4,829,Low
SummitDynamics N,Education,Sweden,2025,4324,Public/Post-IPO,46.7,Increasing,Hiring Freeze,Loss,29.28,806,18.64,3518,High
CascadeIndustries L,Hardware,United States,2024,3668,Bootstrapped,0.0,Increasing,Selective Hiring,Profit,14.33,538,14.67,3130,Low
CrescentHealth Z,Automotive,Japan,2026,483,Public/Post-IPO,40.4,Decreasing,Hiring Freeze,Loss,6.52,58,11.93,425,High
KeystoneHoldings E,Technology,Japan,2022,3471,Public/Post-IPO,211.4,Decreasing,Hiring Freeze,Loss,-12.82,1804,51.98,1667,High
DriftGroup Y,Media & Entertainment,United States,2024,5980,Public/Post-IPO,109.3,Increasing,Hiring Freeze,Profit,50.55,548,9.16,5432,Low
GraniteBio J,Retail,United States,2024,6431,Bootstrapped,0.0,Increasing,Hiring Freeze,Profit,0.53,747,11.62,5684,Low
EmberLogistics,Education,China,2024,756,Funded,17.0,Decreasing,Active Hiring,Loss,-26.25,95,12.61,661,High
HorizonHealth M,Automotive,India,2023,8481,Funded,74.5,Stable,Active Hiring,Loss,-1.86,743,8.76,7738,Low
HorizonLabs W,Education,India,2023,8913,Funded,53.0,Increasing,Selective Hiring,Profit,-6.79,1275,14.31,7638,Low
VertexNetworks U,Healthcare,United States,2023,3155,Bootstrapped,0.0,Stable,Hiring Freeze,Profit,-19.11,2372,75.18,783,High
NimbusMedia P,Technology,Israel,2023,4133,Public/Post-IPO,147.5,Decreasing,Selective Hiring,Loss,10.6,2797,67.67,1336,High
MeridianFoods E,Retail,Japan,2024,7446,Funded,69.9,Decreasing,Active Hiring,Loss,36.02,1807,24.27,5639,High
BrightNetworks,Biotech,Canada,2022,2568,Bootstrapped,0.0,Decreasing,Hiring Freeze,Profit,-16.33,626,24.39,1942,Medium
ZenithHealth,Healthcare,United States,2024,3168,Funded,71.3,Increasing,Active Hiring,Profit,1.08,278,8.79,2890,Low
SummitRobotics D,Aerospace,United States,2025,2519,Public/Post-IPO,327.4,Stable,Active Hiring,Profit,30.55,580,23.04,1939,Low
NovaMedia,Media & Entertainment,Singapore,2025,9835,Bootstrapped,0.0,Increasing,Hiring Freeze,Loss,20.44,2043,20.77,7792,High
ZenithHealth L,Aerospace,India,2025,7562,Bootstrapped,0.0,Stable,Active Hiring,Loss,7.72,361,4.77,7201,Low
IroncladAero N,Automotive,United States,2025,777,Public/Post-IPO,128.5,Decreasing,Hiring Freeze,Loss,14.42,150,19.35,627,High
CatalystAero R,Finance,United States,2022,6211,Funded,140.8,Increasing,Active Hiring,Profit,18.27,1461,23.53,4750,Low
ZenithDynamics G,Real Estate,United States,2024,4679,Bootstrapped,0.0,Increasing,Active Hiring,Profit,25.54,717,15.33,3962,Low
JasperWorks X,Telecommunications,United States,2023,2563,Public/Post-IPO,46.1,Decreasing,Hiring Freeze,Loss,-19.95,202,7.89,2361,High
ApexHealth L,Consumer Goods,Germany,2023,5344,Public/Post-IPO,198.3,Decreasing,Hiring Freeze,Loss,39.76,2470,46.22,2874,High
SummitNetworks S,Manufacturing,United States,2026,874,Funded,136.0,Increasing,Hiring Freeze,Profit,16.0,470,53.75,404,High
CobaltSolutions Q,Biotech,Brazil,2023,920,Funded,13.9,Increasing,Hiring Freeze,Loss,-10.48,755,82.11,165,High
CircuitWorks,Aerospace,Netherlands,2023,1776,Funded,7.6,Increasing,Selective Hiring,Profit,16.88,304,17.14,1472,Low
TerraLogistics W,Technology,United States,2025,8302,Public/Post-IPO,479.2,Increasing,Hiring Freeze,Profit,3.66,4750,57.21,3552,Medium
StellarSolutions C,Media & Entertainment,United States,2023,2631,Bootstrapped,0.0,Decreasing,Hiring Freeze,Loss,-60.0,769,29.23,1862,High
FusionSystems,Hospitality,United States,2024,2368,Funded,9.6,Stable,Active Hiring,Loss,25.7,201,8.49,2167,Low
ApexMedia,Crypto/Web3,United States,2023,5933,Bootstrapped,0.0,Increasing,Selective Hiring,Profit,-5.85,206,3.48,5727,Low
NovaAnalytics O,Technology,Singapore,2025,9875,Funded,109.3,Increasing,Hiring Freeze,Loss,16.47,5989,60.65,3886,Medium
AnchorBio L,Finance,India,2024,2361,Funded,32.5,Increasing,Hiring Freeze,Loss,7.66,295,12.49,2066,Low
ForgeFoods F,Real Estate,Japan,2023,2432,Funded,60.4,Stable,Active Hiring,Loss,29.98,526,21.62,1906,Medium
SummitHoldings U,Real Estate,United States,2023,6548,Public/Post-IPO,143.8,Increasing,Hiring Freeze,Profit,24.75,362,5.53,6186,Low
RidgeMotors B,Automotive,United States,2023,9250,Public/Post-IPO,34.8,Increasing,Hiring Freeze,Profit,4.8,2368,25.6,6882,Medium
NimbusGroup G,Real Estate,Germany,2026,8472,Bootstrapped,0.0,Stable,Active Hiring,Profit,3.74,1398,16.5,7074,Low
PioneerHoldings P,Crypto/Web3,India,2022,3185,Public/Post-IPO,15.4,Decreasing,Selective Hiring,Loss,-21.19,936,29.39,2249,Low
ZenithTechnologies Q,Technology,Singapore,2023,2859,Funded,65.7,Decreasing,Selective Hiring,Loss,-3.3,885,30.94,1974,Medium
CobaltBio O,Biotech,United Kingdom,2024,6571,Bootstrapped,0.0,Decreasing,Hiring Freeze,Profit,15.88,1504,22.89,5067,High
CrescentEnergy J,Retail,United Kingdom,2022,8744,Funded,51.0,Stable,Selective Hiring,Profit,22.14,1299,14.86,7445,Low
CrescentHealth I,Consumer Goods,Germany,2023,3868,Bootstrapped,0.0,Decreasing,Hiring Freeze,Loss,-29.2,616,15.93,3252,High
GlacierTechnologies M,Logistics,Poland,2025,5066,Bootstrapped,0.0,Decreasing,Selective Hiring,Loss,-26.59,1260,24.88,3806,High
KeystoneRetail P,Education,Israel,2022,9126,Funded,43.0,Increasing,Active Hiring,Profit,34.99,2362,25.88,6764,Low
MeridianWorks H,Healthcare,United States,2026,9443,Bootstrapped,0.0,Increasing,Active Hiring,Profit,14.06,850,9.0,8593,Low
QuantumDigital K,Hardware,Singapore,2023,5738,Public/Post-IPO,38.8,Stable,Hiring Freeze,Loss,13.65,712,12.41,5026,Low
TerraBio K,Technology,United States,2022,1546,Public/Post-IPO,203.1,Decreasing,Active Hiring,Profit,-14.82,1469,95.0,77,High
BeaconFoods P,Consumer Goods,United States,2025,4194,Bootstrapped,0.0,Decreasing,Selective Hiring,Profit,-16.32,243,5.8,3951,Low
LumenIndustries U,Retail,India,2025,4661,Public/Post-IPO,97.9,Stable,Hiring Freeze,Loss,27.4,1038,22.26,3623,High
TerraSolutions,Technology,United States,2024,3142,Funded,13.0,Decreasing,Hiring Freeze,Loss,-17.27,2179,69.34,963,High
CobaltIndustries L,Aerospace,Australia,2023,4343,Funded,9.0,Increasing,Hiring Freeze,Profit,20.9,200,4.61,4143,Low
CircuitSoftware S,Hospitality,Germany,2023,7843,Funded,6.7,Stable,Selective Hiring,Loss,-8.19,1405,17.91,6438,Medium
FusionAero V,Technology,United Kingdom,2022,9451,Bootstrapped,0.0,Decreasing,Selective Hiring,Profit,-19.49,2216,23.45,7235,Medium
StellarIndustries K,Biotech,Netherlands,2023,355,Funded,168.8,Decreasing,Active Hiring,Profit,-10.95,12,3.39,343,Low
MeridianDynamics E,Aerospace,India,2023,2192,Funded,27.7,Decreasing,Hiring Freeze,Profit,2.95,316,14.42,1876,High
ApexFoods,Logistics,Germany,2026,5577,Bootstrapped,0.0,Stable,Hiring Freeze,Loss,-5.9,2571,46.1,3006,High
CobaltBio S,Healthcare,United Kingdom,2023,6103,Bootstrapped,0.0,Decreasing,Active Hiring,Loss,-5.57,1720,28.19,4383,High
HorizonIndustries Y,Telecommunications,India,2023,9025,Public/Post-IPO,59.4,Increasing,Hiring Freeze,Profit,-14.14,2963,32.83,6062,Low
LumenFoods,Technology,United States,2026,4922,Funded,18.3,Decreasing,Active Hiring,Profit,1.66,1787,36.31,3135,Low
FusionVentures W,Technology,Australia,2024,1233,Public/Post-IPO,625.3,Decreasing,Selective Hiring,Loss,-0.06,256,20.78,977,Low
EchoWorks P,Real Estate,Singapore,2024,4223,Bootstrapped,0.0,Decreasing,Hiring Freeze,Loss,-6.39,567,13.42,3656,High
VantageBio G,Technology,Germany,2024,1775,Bootstrapped,0.0,Stable,Hiring Freeze,Profit,24.49,286,16.14,1489,Medium
TundraMedia L,Telecommunications,France,2024,8755,Public/Post-IPO,185.6,Decreasing,Active Hiring,Loss,-15.07,3447,39.37,5308,Medium
HarborRobotics L,Education,Sweden,2023,7517,Public/Post-IPO,31.0,Stable,Active Hiring,Profit,-1.88,483,6.42,7034,Low
BeaconFoods P,Hardware,Canada,2022,5434,Public/Post-IPO,1354.1,Stable,Hiring Freeze,Loss,17.34,1774,32.64,3660,Medium
IroncladDigital G,Media & Entertainment,United States,2024,3312,Bootstrapped,0.0,Stable,Hiring Freeze,Loss,35.24,1593,48.11,1719,Medium
GlacierWorks,Education,Canada,2024,3963,Public/Post-IPO,114.0,Decreasing,Hiring Freeze,Profit,10.27,116,2.93,3847,Low
QuantumNetworks G,Education,United States,2024,8927,Funded,64.4,Increasing,Hiring Freeze,Loss,18.26,888,9.95,8039,Medium
EchoTechnologies V,Hardware,United States,2026,2842,Bootstrapped,0.0,Decreasing,Hiring Freeze,Profit,-17.07,998,35.12,1844,High
IroncladAero,Automotive,France,2024,4936,Bootstrapped,0.0,Decreasing,Hiring Freeze,Loss,-17.16,3791,76.8,1145,Medium
OrbitAnalytics,Retail,Australia,2022,5110,Funded,142.5,Increasing,Active Hiring,Profit,14.56,21,0.42,5089,Low
CascadeFoods C,Education,United States,2023,836,Funded,99.4,Increasing,Active Hiring,Profit,2.82,80,9.58,756,Low
RidgeRetail,Manufacturing,United Kingdom,2023,720,Bootstrapped,0.0,Decreasing,Active Hiring,Loss,-6.04,113,15.71,607,Medium
AnchorSolutions W,Media & Entertainment,United States,2022,6702,Public/Post-IPO,44.9,Increasing,Active Hiring,Profit,25.43,1626,24.26,5076,Low
IroncladRetail K,Energy,United Kingdom,2022,5060,Funded,53.8,Decreasing,Hiring Freeze,Loss,-14.68,4415,87.25,645,High
GraniteRobotics L,Logistics,Germany,2026,8138,Funded,238.8,Stable,Hiring Freeze,Loss,20.83,3468,42.61,4670,Medium
NimbusLogistics,Consumer Goods,India,2023,9715,Public/Post-IPO,161.0,Increasing,Active Hiring,Loss,10.33,1592,16.39,8123,Low
KeystoneMedia,Healthcare,Singapore,2023,9789,Bootstrapped,0.0,Increasing,Hiring Freeze,Profit,23.19,2251,23.0,7538,Low
AnchorSoftware J,Retail,United Kingdom,2023,4624,Bootstrapped,0.0,Decreasing,Selective Hiring,Profit,-22.1,351,7.6,4273,Medium
VertexIndustries,Retail,Canada,2026,9043,Public/Post-IPO,205.2,Decreasing,Hiring Freeze,Loss,-29.0,1119,12.37,7924,High
CobaltLogistics,Finance,United States,2024,3158,Public/Post-IPO,135.2,Decreasing,Hiring Freeze,Loss,-22.72,1671,52.9,1487,High
OrbitRobotics L,Finance,United Kingdom,2023,9735,Funded,16.9,Increasing,Active Hiring,Profit,18.67,3130,32.15,6605,Low
JasperAero L,Biotech,India,2026,2860,Public/Post-IPO,588.5,Stable,Hiring Freeze,Profit,9.51,355,12.4,2505,Low
BrightAnalytics,Media & Entertainment,France,2024,2644,Public/Post-IPO,113.3,Increasing,Hiring Freeze,Profit,23.26,446,16.86,2198,Low
ClaritySoftware X,Retail,United States,2024,9698,Bootstrapped,0.0,Increasing,Hiring Freeze,Profit,9.85,3591,37.03,6107,Medium
ClarityMotors,Logistics,United States,2023,604,Bootstrapped,0.0,Increasing,Active Hiring,Profit,14.54,118,19.47,486,Low
GraniteWorks D,Media & Entertainment,United States,2023,2806,Funded,41.5,Increasing,Active Hiring,Profit,8.28,198,7.07,2608,Low
GlacierNetworks X,Consumer Goods,Canada,2022,2600,Public/Post-IPO,116.5,Increasing,Hiring Freeze,Profit,4.87,2009,77.26,591,High
FusionSoftware Z,Retail,Singapore,2025,6686,Funded,45.8,Increasing,Hiring Freeze,Loss,46.42,554,8.28,6132,High
AnchorDynamics I,Telecommunications,United States,2023,425,Funded,13.0,Increasing,Hiring Freeze,Loss,17.6,39,9.26,386,Medium
ApexAero J,Consumer Goods,United States,2024,9848,Funded,16.3,Decreasing,Active Hiring,Loss,-9.57,3307,33.58,6541,High
WaveEnergy H,Finance,United States,2022,2631,Funded,8.5,Stable,Hiring Freeze,Profit,-50.99,421,16.0,2210,High
ForgeRobotics Q,Education,France,2022,7512,Funded,7.1,Increasing,Active Hiring,Profit,9.36,1577,20.99,5935,Low
NovaBio X,Hardware,United States,2023,2588,Public/Post-IPO,57.7,Decreasing,Hiring Freeze,Loss,-27.31,349,13.47,2239,Medium
CobaltHoldings R,Consumer Goods,United States,2023,579,Funded,90.5,Stable,Hiring Freeze,Loss,40.97,86,14.85,493,Medium
CrescentLogistics,Education,Poland,2023,3093,Bootstrapped,0.0,Increasing,Hiring Freeze,Loss,-6.03,1123,36.32,1970,High
KeystoneSystems,Healthcare,Netherlands,2026,592,Funded,43.7,Increasing,Active Hiring,Profit,9.87,74,12.45,518,Low
ApexRetail V,Media & Entertainment,United States,2022,9050,Funded,0.0,Stable,Hiring Freeze,Profit,-9.11,1431,15.81,7619,Low
ClarityBio O,Telecommunications,India,2026,3984,Bootstrapped,0.0,Decreasing,Selective Hiring,Profit,-26.03,3716,93.28,268,High
DeltaMotors V,Education,India,2022,7816,Bootstrapped,0.0,Stable,Hiring Freeze,Loss,-21.4,753,9.63,7063,High
EmberFoods C,Hospitality,India,2024,6034,Public/Post-IPO,10.9,Increasing,Active Hiring,Profit,16.83,617,10.23,5417,Low
GlacierCapital,Biotech,India,2024,1844,Funded,16.3,Increasing,Selective Hiring,Loss,4.65,518,28.08,1326,Medium
EmberAero,Automotive,United States,2023,442,Bootstrapped,0.0,Decreasing,Hiring Freeze,Loss,-36.43,80,18.02,362,High
LumenVentures Z,Technology,India,2024,7869,Public/Post-IPO,134.0,Increasing,Active Hiring,Profit,14.99,232,2.95,7637,Low
BrightDynamics X,Aerospace,United States,2025,3157,Public/Post-IPO,508.2,Increasing,Hiring Freeze,Profit,20.79,428,13.56,2729,Low
ApexRetail V,Biotech,Netherlands,2023,4363,Bootstrapped,0.0,Increasing,Hiring Freeze,Profit,36.69,930,21.31,3433,Low
NimbusAero Z,Retail,Canada,2026,133,Public/Post-IPO,860.7,Increasing,Active Hiring,Profit,8.73,14,10.73,119,Low
DeltaMedia Q,Telecommunications,United Kingdom,2024,8685,Bootstrapped,0.0,Stable,Hiring Freeze,Profit,10.4,2421,27.87,6264,Medium
CatalystAero O,Energy,United States,2024,4263,Funded,24.9,Decreasing,Hiring Freeze,Loss,15.23,1925,45.16,2338,High
ForgeMotors Y,Manufacturing,United States,2023,6535,Public/Post-IPO,27.2,Decreasing,Hiring Freeze,Loss,-21.07,780,11.94,5755,High
AnchorNetworks D,Retail,United States,2024,9161,Bootstrapped,0.0,Decreasing,Selective Hiring,Loss,-35.53,1179,12.87,7982,High
GlacierNetworks O,Technology,United States,2023,2163,Public/Post-IPO,64.8,Stable,Active Hiring,Loss,42.13,147,6.8,2016,Low
CrescentDynamics F,Finance,United States,2023,8945,Public/Post-IPO,562.8,Decreasing,Selective Hiring,Loss,-30.78,7167,80.12,1778,High
ZenithSystems L,Healthcare,Sweden,2022,6472,Public/Post-IPO,37.0,Decreasing,Active Hiring,Loss,-27.26,1772,27.38,4700,High
GlacierMotors,Technology,Germany,2023,6482,Funded,47.0,Increasing,Active Hiring,Loss,26.52,2348,36.23,4134,Medium
GraniteBio G,Consumer Goods,United States,2022,6940,Funded,43.4,Stable,Hiring Freeze,Profit,22.95,2666,38.41,4274,High
CobaltRobotics,Education,Japan,2023,7779,Public/Post-IPO,427.7,Increasing,Selective Hiring,Profit,23.2,1261,16.21,6518,Low
ApexRobotics H,Energy,Canada,2026,9720,Funded,19.3,Increasing,Hiring Freeze,Profit,27.8,3030,31.17,6690,Low
NimbusDigital S,Technology,Singapore,2023,6114,Funded,29.7,Decreasing,Hiring Freeze,Profit,19.43,3605,58.97,2509,Medium
FusionLabs,Hardware,India,2023,9608,Public/Post-IPO,30.5,Stable,Hiring Freeze,Loss,17.22,3177,33.07,6431,High
HarborVentures H,Aerospace,Canada,2022,2263,Bootstrapped,0.0,Stable,Hiring Freeze,Profit,23.98,411,18.15,1852,Low
KeystoneMedia B,Automotive,United States,2023,9999,Funded,51.1,Stable,Hiring Freeze,Profit,-4.71,1391,13.91,8608,High
CobaltHoldings H,Consumer Goods,Netherlands,2022,3640,Bootstrapped,0.0,Decreasing,Active Hiring,Loss,-3.26,647,17.78,2993,Medium
GraniteRobotics,Real Estate,India,2023,6157,Funded,25.8,Increasing,Selective Hiring,Profit,22.62,663,10.77,5494,Low
ApexRobotics,Education,Brazil,2026,1781,Funded,58.2,Stable,Active Hiring,Profit,6.7,117,6.59,1664,Low
HarborNetworks I,Technology,Canada,2024,3676,Bootstrapped,0.0,Increasing,Active Hiring,Loss,-21.86,418,11.38,3258,Low
VertexLogistics,Healthcare,United States,2022,2780,Public/Post-IPO,274.3,Increasing,Selective Hiring,Profit,33.65,229,8.24,2551,Low
LumenFoods E,Media & Entertainment,United Kingdom,2022,6986,Bootstrapped,0.0,Decreasing,Selective Hiring,Profit,-19.57,2112,30.23,4874,Medium
IroncladIndustries B,Hospitality,United Kingdom,2025,1544,Public/Post-IPO,36.8,Increasing,Hiring Freeze,Profit,-4.82,170,10.99,1374,Low
SummitCapital P,Retail,United States,2024,5962,Bootstrapped,0.0,Stable,Hiring Freeze,Profit,16.73,2462,41.3,3500,Medium
AnchorWorks U,Biotech,India,2022,4911,Bootstrapped,0.0,Increasing,Hiring Freeze,Loss,1.47,306,6.23,4605,Low
JasperRetail W,Finance,Canada,2023,7912,Public/Post-IPO,97.2,Stable,Hiring Freeze,Profit,-9.88,1608,20.32,6304,Medium
ZenithIndustries O,Crypto/Web3,United States,2024,3225,Bootstrapped,0.0,Decreasing,Hiring Freeze,Loss,-5.47,1959,60.74,1266,High
EchoHealth B,Biotech,United Kingdom,2022,3266,Public/Post-IPO,50.4,Stable,Hiring Freeze,Profit,5.58,423,12.94,2843,Low
SummitMedia U,Crypto/Web3,Japan,2023,6344,Public/Post-IPO,213.2,Stable,Selective Hiring,Profit,-13.97,2588,40.8,3756,Medium
CobaltBio V,Aerospace,Brazil,2025,9769,Bootstrapped,0.0,Increasing,Hiring Freeze,Loss,38.46,7823,80.08,1946,High
CrescentNetworks D,Biotech,United States,2022,1921,Public/Post-IPO,64.0,Decreasing,Selective Hiring,Loss,-21.82,238,12.38,1683,Medium
CascadeHealth,Telecommunications,Canada,2023,2117,Public/Post-IPO,1813.1,Increasing,Hiring Freeze,Loss,-0.7,708,33.45,1409,High
GraniteTechnologies,Logistics,China,2023,8447,Bootstrapped,0.0,Increasing,Active Hiring,Profit,31.14,944,11.17,7503,Low
NimbusEnergy R,Crypto/Web3,United Kingdom,2023,4337,Bootstrapped,0.0,Stable,Hiring Freeze,Loss,25.52,291,6.71,4046,High
SolaceBio,Energy,United States,2022,5536,Public/Post-IPO,669.8,Decreasing,Active Hiring,Loss,33.6,1706,30.81,3830,High
MeridianWorks I,Crypto/Web3,United States,2025,3234,Public/Post-IPO,42.5,Decreasing,Selective Hiring,Loss,7.06,452,13.99,2782,Medium
StellarEnergy O,Aerospace,Singapore,2026,6121,Bootstrapped,0.0,Stable,Hiring Freeze,Profit,18.57,327,5.35,5794,Medium
CircuitRetail,Aerospace,India,2026,3296,Bootstrapped,0.0,Decreasing,Hiring Freeze,Profit,-7.2,1484,45.01,1812,High
NovaRetail C,Education,Canada,2024,3865,Funded,10.8,Increasing,Active Hiring,Profit,25.26,674,17.44,3191,Low
ZenithIndustries C,Consumer Goods,India,2023,6374,Public/Post-IPO,112.9,Decreasing,Selective Hiring,Loss,-7.33,5619,88.15,755,High
HorizonAero R,Consumer Goods,United States,2025,9383,Funded,256.0,Stable,Hiring Freeze,Loss,-21.18,7483,79.75,1900,High
ClarityRobotics X,Logistics,Brazil,2023,6900,Funded,155.0,Decreasing,Active Hiring,Profit,-13.95,2501,36.24,4399,Medium
VertexSoftware,Consumer Goods,India,2025,4518,Funded,150.3,Increasing,Active Hiring,Profit,13.94,92,2.03,4426,Low
ApexCapital U,Aerospace,United States,2025,525,Bootstrapped,0.0,Decreasing,Active Hiring,Loss,-23.61,122,23.21,403,High
ForgeNetworks X,Healthcare,Israel,2023,8478,Public/Post-IPO,160.5,Stable,Selective Hiring,Loss,-6.55,3376,39.82,5102,Low
ApexSoftware,Logistics,France,2023,9370,Bootstrapped,0.0,Stable,Selective Hiring,Loss,17.94,2043,21.8,7327,High
VertexTechnologies,Automotive,United States,2026,4347,Funded,45.5,Decreasing,Hiring Freeze,Profit,-11.55,967,22.24,3380,Low
TundraAnalytics,Manufacturing,United States,2023,6269,Bootstrapped,0.0,Decreasing,Active Hiring,Profit,42.8,805,12.84,5464,Low
CobaltDigital P,Energy,United Kingdom,2022,5305,Public/Post-IPO,256.6,Increasing,Active Hiring,Profit,27.55,259,4.89,5046,Low
TerraHoldings N,Manufacturing,Singapore,2025,9856,Bootstrapped,0.0,Stable,Hiring Freeze,Loss,-16.88,1557,15.8,8299,Low
NovaSoftware,Manufacturing,Germany,2023,9666,Public/Post-IPO,48.4,Stable,Hiring Freeze,Loss,51.86,2523,26.1,7143,High
CatalystMotors J,Hospitality,United States,2023,4816,Funded,7.7,Increasing,Active Hiring,Profit,16.51,611,12.69,4205,Low
VantageCapital X,Energy,United States,2024,9305,Public/Post-IPO,317.1,Decreasing,Active Hiring,Profit,-27.19,1585,17.03,7720,High
KeystoneSystems G,Energy,United States,2024,7636,Public/Post-IPO,437.1,Increasing,Active Hiring,Profit,10.29,1679,21.99,5957,Low
AnchorWorks,Manufacturing,Germany,2023,2091,Funded,10.5,Decreasing,Selective Hiring,Loss,-3.3,596,28.5,1495,Low
CobaltAnalytics D,Real Estate,United States,2024,1567,Funded,27.1,Increasing,Hiring Freeze,Profit,-4.52,1011,64.54,556,Low
DriftIndustries,Hospitality,Germany,2025,4398,Bootstrapped,0.0,Stable,Hiring Freeze,Profit,27.47,535,12.17,3863,Low
ApexLabs D,Finance,France,2023,8115,Bootstrapped,0.0,Increasing,Hiring Freeze,Profit,-4.88,1526,18.8,6589,Medium
CrescentRobotics U,Media & Entertainment,Canada,2025,4308,Public/Post-IPO,166.8,Stable,Hiring Freeze,Profit,-9.05,1217,28.24,3091,Medium
HorizonSystems H,Healthcare,Canada,2023,9565,Funded,42.8,Decreasing,Hiring Freeze,Loss,-11.72,8556,89.45,1009,High
CascadeSoftware G,Media & Entertainment,Canada,2025,7212,Bootstrapped,0.0,Decreasing,Hiring Freeze,Profit,17.59,1964,27.23,5248,High
DeltaDigital I,Retail,Singapore,2026,9924,Public/Post-IPO,196.4,Decreasing,Selective Hiring,Loss,-7.49,2799,28.2,7125,High
CrescentSolutions O,Consumer Goods,United States,2022,1638,Funded,116.7,Increasing,Active Hiring,Loss,33.33,219,13.38,1419,Low
ZenithAnalytics C,Biotech,Israel,2023,1699,Bootstrapped,0.0,Increasing,Hiring Freeze,Loss,18.06,176,10.34,1523,Medium
PioneerBio I,Automotive,United States,2025,8068,Public/Post-IPO,153.6,Decreasing,Selective Hiring,Loss,13.29,1864,23.1,6204,Medium
CobaltTechnologies N,Consumer Goods,United States,2022,2511,Funded,54.4,Stable,Active Hiring,Loss,-13.14,106,4.21,2405,Medium
NimbusSolutions F,Education,Germany,2024,2851,Public/Post-IPO,952.0,Decreasing,Active Hiring,Loss,15.54,568,19.93,2283,High
ClarityRobotics,Telecommunications,Israel,2024,6165,Public/Post-IPO,66.2,Decreasing,Selective Hiring,Loss,-17.22,2820,45.74,3345,High
QuantumLogistics P,Energy,India,2023,3787,Funded,43.1,Increasing,Active Hiring,Profit,17.32,712,18.8,3075,Low
CrescentRetail,Biotech,Australia,2024,427,Bootstrapped,0.0,Decreasing,Hiring Freeze,Profit,-11.69,164,38.42,263,High
CircuitFoods O,Media & Entertainment,India,2023,3651,Bootstrapped,0.0,Stable,Active Hiring,Loss,24.96,1853,50.75,1798,Medium
RidgeNetworks R,Education,United States,2023,9418,Funded,66.0,Increasing,Hiring Freeze,Loss,26.24,2780,29.52,6638,High
WaveNetworks W,Hospitality,China,2023,9681,Public/Post-IPO,123.1,Decreasing,Hiring Freeze,Loss,-19.27,1822,18.82,7859,Medium
CatalystIndustries Y,Education,Canada,2022,8108,Public/Post-IPO,338.2,Decreasing,Hiring Freeze,Loss,5.56,3828,47.21,4280,High
GlacierGroup S,Automotive,United States,2023,573,Funded,47.1,Increasing,Hiring Freeze,Profit,8.29,72,12.48,501,Low
CircuitDynamics H,Telecommunications,United States,2022,8762,Funded,18.3,Stable,Hiring Freeze,Profit,-17.53,2290,26.13,6472,Low
CatalystDigital S,Consumer Goods,Israel,2023,5150,Bootstrapped,0.0,Increasing,Selective Hiring,Loss,52.37,991,19.24,4159,Medium
NimbusDynamics C,Retail,United Kingdom,2022,729,Funded,6.9,Increasing,Hiring Freeze,Profit,6.07,200,27.43,529,High
ClarityLabs,Logistics,United States,2024,2282,Bootstrapped,0.0,Stable,Hiring Freeze,Loss,-4.46,708,31.01,1574,Medium
AnchorSolutions Y,Manufacturing,United States,2025,5381,Public/Post-IPO,29.8,Stable,Active Hiring,Loss,1.48,735,13.65,4646,Low
ApexIndustries,Energy,United States,2023,7473,Funded,85.7,Decreasing,Hiring Freeze,Loss,29.94,3581,47.92,3892,High
HarborEnergy Q,Crypto/Web3,Japan,2022,7144,Public/Post-IPO,210.7,Stable,Hiring Freeze,Loss,23.24,1368,19.15,5776,Medium
KeystoneFoods G,Hospitality,India,2022,3192,Public/Post-IPO,9.0,Decreasing,Hiring Freeze,Profit,-6.24,1265,39.63,1927,Medium
PioneerAnalytics M,Crypto/Web3,United States,2023,1402,Funded,23.8,Decreasing,Active Hiring,Profit,28.65,31,2.2,1371,Low
CircuitRobotics D,Finance,India,2022,2230,Bootstrapped,0.0,Increasing,Hiring Freeze,Profit,11.88,2045,91.69,185,High
KeystoneMedia M,Energy,United States,2025,6522,Bootstrapped,0.0,Stable,Hiring Freeze,Loss,15.1,1820,27.9,4702,Medium
CrescentVentures W,Finance,United States,2024,2019,Public/Post-IPO,42.5,Stable,Selective Hiring,Profit,-10.41,525,26.0,1494,Medium
HarborSoftware T,Crypto/Web3,United States,2024,3814,Funded,27.2,Increasing,Active Hiring,Profit,22.24,899,23.56,2915,Low
ForgeSoftware S,Aerospace,Poland,2024,9844,Funded,6.5,Stable,Active Hiring,Loss,-11.69,1718,17.45,8126,Medium
NovaSolutions Q,Retail,China,2022,6673,Public/Post-IPO,223.8,Increasing,Hiring Freeze,Profit,-4.96,1536,23.02,5137,Medium
QuantumIndustries,Education,Sweden,2023,101,Public/Post-IPO,205.1,Decreasing,Hiring Freeze,Loss,18.76,14,13.4,87,High
SummitDigital H,Manufacturing,Netherlands,2023,8080,Public/Post-IPO,39.0,Increasing,Hiring Freeze,Loss,-12.76,1078,13.34,7002,Low
PioneerHoldings,Technology,Canada,2023,7397,Public/Post-IPO,496.3,Increasing,Hiring Freeze,Profit,8.46,3577,48.36,3820,High
BeaconMotors G,Real Estate,United States,2026,8832,Funded,43.4,Increasing,Hiring Freeze,Profit,7.6,1389,15.73,7443,Low
DeltaSystems I,Hospitality,Sweden,2022,3258,Funded,66.7,Increasing,Hiring Freeze,Loss,51.45,189,5.79,3069,Low
MeridianGroup I,Automotive,Singapore,2026,8816,Public/Post-IPO,8.7,Increasing,Hiring Freeze,Profit,36.13,2117,24.01,6699,Medium
GlacierFoods P,Telecommunications,United Kingdom,2022,6047,Public/Post-IPO,634.6,Decreasing,Active Hiring,Loss,-5.22,1458,24.11,4589,Low
CircuitRobotics D,Crypto/Web3,India,2023,1081,Funded,14.3,Decreasing,Selective Hiring,Loss,8.96,355,32.83,726,Medium
GraniteRobotics L,Technology,Australia,2026,4927,Funded,149.9,Increasing,Hiring Freeze,Profit,-5.13,1391,28.23,3536,Medium
ClarityHealth P,Consumer Goods,China,2023,380,Funded,15.3,Increasing,Active Hiring,Loss,22.7,116,30.62,264,Low
MeridianHealth D,Real Estate,United States,2022,2708,Funded,5.3,Stable,Selective Hiring,Loss,8.69,644,23.79,2064,High
WaveDigital M,Biotech,United Kingdom,2025,413,Bootstrapped,0.0,Increasing,Selective Hiring,Profit,19.82,103,24.94,310,Low
CobaltLabs P,Automotive,Singapore,2022,1747,Funded,33.1,Increasing,Hiring Freeze,Loss,25.09,277,15.85,1470,Medium
EchoFoods,Aerospace,Canada,2025,3427,Public/Post-IPO,13623.3,Decreasing,Active Hiring,Loss,-2.62,1221,35.62,2206,High
WaveDynamics V,Manufacturing,France,2025,8188,Bootstrapped,0.0,Decreasing,Selective Hiring,Loss,-16.2,4988,60.92,3200,High
AnchorFoods T,Telecommunications,China,2024,2301,Public/Post-IPO,37.0,Increasing,Hiring Freeze,Loss,23.8,577,25.09,1724,Medium
AnchorAnalytics,Technology,Brazil,2023,1474,Bootstrapped,0.0,Increasing,Hiring Freeze,Profit,3.91,92,6.24,1382,Low
CascadeGroup,Aerospace,Canada,2023,2118,Bootstrapped,0.0,Increasing,Active Hiring,Loss,29.56,345,16.3,1773,Low
EmberSolutions L,Media & Entertainment,United States,2022,9579,Funded,221.7,Increasing,Active Hiring,Profit,27.01,466,4.86,9113,Low
OrbitCapital V,Consumer Goods,Sweden,2024,9041,Public/Post-IPO,41.6,Decreasing,Selective Hiring,Loss,-10.93,2590,28.65,6451,Low
NimbusFoods S,Telecommunications,India,2023,748,Funded,0.0,Decreasing,Hiring Freeze,Loss,21.95,352,47.02,396,High
TundraGroup C,Crypto/Web3,United Kingdom,2026,3551,Bootstrapped,0.0,Decreasing,Hiring Freeze,Loss,-4.54,1343,37.83,2208,High
FusionGroup,Healthcare,India,2022,2140,Bootstrapped,0.0,Decreasing,Hiring Freeze,Loss,-16.65,528,24.69,1612,High
DriftSolutions O,Energy,Germany,2022,2847,Public/Post-IPO,670.6,Increasing,Active Hiring,Profit,33.35,231,8.12,2616,Low
StellarIndustries K,Automotive,India,2026,7899,Public/Post-IPO,34.2,Increasing,Active Hiring,Profit,-10.39,1056,13.37,6843,Low
HorizonDynamics F,Biotech,India,2026,7856,Public/Post-IPO,388.7,Stable,Active Hiring,Loss,-31.06,2883,36.7,4973,Low
EmberVentures I,Hardware,United States,2023,7387,Funded,215.5,Stable,Hiring Freeze,Loss,-2.92,1433,19.4,5954,Medium
WaveWorks E,Manufacturing,France,2025,4998,Public/Post-IPO,459.5,Stable,Hiring Freeze,Loss,-2.83,351,7.03,4647,Low
LumenMotors B,Hardware,China,2023,7439,Public/Post-IPO,1007.7,Increasing,Active Hiring,Profit,47.16,779,10.47,6660,Low
DeltaAnalytics V,Automotive,United States,2022,1751,Funded,4.8,Increasing,Active Hiring,Profit,42.93,137,7.83,1614,Low
DriftAnalytics R,Media & Entertainment,Sweden,2023,6775,Bootstrapped,0.0,Decreasing,Selective Hiring,Loss,-11.48,2341,34.56,4434,Medium
BrightMotors D,Manufacturing,Germany,2026,2152,Public/Post-IPO,63.8,Decreasing,Active Hiring,Profit,-11.8,1123,52.17,1029,High
BrightEnergy,Real Estate,Canada,2023,4348,Bootstrapped,0.0,Decreasing,Hiring Freeze,Loss,12.17,1217,27.99,3131,High
NimbusIndustries F,Healthcare,Netherlands,2023,8295,Bootstrapped,0.0,Decreasing,Selective Hiring,Profit,-14.21,644,7.76,7651,Low
WaveSolutions,Biotech,France,2026,4880,Bootstrapped,0.0,Stable,Selective Hiring,Profit,40.61,199,4.07,4681,Low
LumenMotors,Energy,United Kingdom,2022,3819,Funded,12.2,Decreasing,Hiring Freeze,Loss,-7.2,2348,61.47,1471,High
NimbusFoods J,Retail,United States,2023,2523,Public/Post-IPO,929.3,Decreasing,Active Hiring,Loss,0.53,132,5.25,2391,Medium
StellarDynamics X,Retail,China,2022,6026,Funded,21.0,Decreasing,Hiring Freeze,Profit,0.48,3115,51.69,2911,Medium
JasperBio G,Crypto/Web3,Australia,2025,958,Bootstrapped,0.0,Increasing,Active Hiring,Loss,8.16,110,11.44,848,Low
NovaHealth,Education,Netherlands,2023,5796,Funded,165.3,Increasing,Active Hiring,Loss,33.45,2416,41.68,3380,High
ForgeGroup S,Hospitality,Brazil,2023,3227,Public/Post-IPO,523.0,Increasing,Hiring Freeze,Profit,29.24,1684,52.18,1543,Low
RidgeIndustries,Education,United States,2023,7354,Funded,12.2,Increasing,Hiring Freeze,Profit,-9.43,648,8.81,6706,Low
IroncladEnergy,Biotech,Germany,2023,7571,Funded,5.7,Increasing,Selective Hiring,Profit,22.51,759,10.03,6812,Low
CascadeHoldings J,Healthcare,United States,2024,3546,Bootstrapped,0.0,Increasing,Hiring Freeze,Profit,21.84,314,8.86,3232,Medium
FusionMotors,Media & Entertainment,Sweden,2024,4766,Bootstrapped,0.0,Increasing,Active Hiring,Profit,19.33,737,15.46,4029,Low
ApexRobotics S,Hospitality,Israel,2022,3662,Funded,5.4,Stable,Selective Hiring,Profit,2.21,236,6.44,3426,Low
GlacierLogistics I,Telecommunications,Sweden,2025,9174,Funded,16.8,Increasing,Hiring Freeze,Profit,62.08,573,6.25,8601,Low
CascadeLabs,Aerospace,Japan,2025,1620,Public/Post-IPO,759.8,Increasing,Selective Hiring,Loss,9.03,394,24.35,1226,High
HorizonIndustries W,Hardware,India,2022,1219,Bootstrapped,0.0,Decreasing,Hiring Freeze,Loss,-6.25,167,13.72,1052,High
BrightLogistics Y,Logistics,United States,2023,1165,Funded,99.3,Increasing,Hiring Freeze,Profit,11.72,189,16.25,976,Low
ZenithLabs P,Media & Entertainment,Poland,2026,2275,Funded,188.3,Increasing,Active Hiring,Profit,29.31,280,12.29,1995,Low
AnchorTechnologies X,Hardware,India,2024,899,Bootstrapped,0.0,Decreasing,Active Hiring,Loss,-9.4,741,82.41,158,High
AnchorFoods T,Finance,Germany,2026,5273,Public/Post-IPO,177.6,Stable,Selective Hiring,Profit,1.86,2753,52.21,2520,High
CobaltDynamics,Hardware,India,2022,1459,Bootstrapped,0.0,Stable,Selective Hiring,Loss,-1.49,612,41.96,847,High
DriftLabs H,Technology,United States,2023,3518,Public/Post-IPO,355.0,Decreasing,Hiring Freeze,Loss,-6.7,3231,91.84,287,High
CircuitHoldings F,Manufacturing,United States,2022,2536,Public/Post-IPO,349.1,Decreasing,Hiring Freeze,Loss,-20.05,1218,48.01,1318,High
JasperBio Y,Energy,United States,2023,8555,Bootstrapped,0.0,Increasing,Hiring Freeze,Profit,20.22,1941,22.69,6614,Low
CascadeIndustries L,Hardware,United Kingdom,2023,4190,Public/Post-IPO,57.6,Decreasing,Hiring Freeze,Loss,-18.88,417,9.95,3773,High
CascadeLogistics Q,Hospitality,United States,2022,2293,Funded,9.5,Stable,Active Hiring,Profit,-9.07,571,24.9,1722,Medium
CascadeSoftware,Technology,United States,2024,3774,Bootstrapped,0.0,Increasing,Hiring Freeze,Profit,-0.33,2335,61.86,1439,Medium
IroncladMotors O,Retail,Singapore,2024,5415,Bootstrapped,0.0,Increasing,Selective Hiring,Profit,0.84,188,3.48,5227,Low
QuantumFoods U,Real Estate,Poland,2024,2287,Bootstrapped,0.0,Stable,Hiring Freeze,Profit,-10.48,448,19.6,1839,High
KeystoneSoftware H,Automotive,United States,2023,3962,Bootstrapped,0.0,Increasing,Hiring Freeze,Loss,32.08,233,5.88,3729,Low
ApexFoods,Aerospace,Israel,2022,8534,Public/Post-IPO,536.4,Increasing,Active Hiring,Profit,9.58,1208,14.16,7326,Low
HarborMotors X,Healthcare,United States,2025,4156,Public/Post-IPO,74.5,Increasing,Active Hiring,Profit,-1.0,571,13.75,3585,Medium
EmberTechnologies,Aerospace,Sweden,2022,1281,Funded,5.4,Increasing,Active Hiring,Loss,12.37,193,15.03,1088,Low
CobaltAero,Crypto/Web3,United Kingdom,2024,8046,Funded,129.8,Increasing,Selective Hiring,Profit,20.88,1426,17.72,6620,Low
ZenithSystems S,Technology,Australia,2022,9745,Public/Post-IPO,302.6,Decreasing,Active Hiring,Profit,-9.32,1590,16.32,8155,Medium
TerraMedia T,Finance,United States,2025,4916,Bootstrapped,0.0,Stable,Active Hiring,Loss,-34.86,1445,29.39,3471,High
ApexCapital U,Aerospace,United States,2025,4389,Bootstrapped,0.0,Stable,Active Hiring,Loss,4.7,816,18.59,3573,Low
PioneerMedia V,Finance,India,2024,4660,Funded,12.8,Decreasing,Hiring Freeze,Loss,9.42,1658,35.58,3002,Medium
JasperGroup,Hardware,United States,2024,3153,Bootstrapped,0.0,Increasing,Selective Hiring,Profit,1.12,184,5.82,2969,Low
GlacierWorks N,Real Estate,United Kingdom,2022,8128,Funded,6.4,Stable,Hiring Freeze,Profit,-8.74,1499,18.44,6629,Low
WaveFoods G,Telecommunications,United Kingdom,2022,8824,Funded,6.5,Decreasing,Hiring Freeze,Loss,-1.37,7196,81.55,1628,High
FusionRetail A,Crypto/Web3,Japan,2024,6083,Bootstrapped,0.0,Stable,Selective Hiring,Profit,-17.05,564,9.27,5519,Low
DriftSoftware V,Energy,Australia,2022,5297,Bootstrapped,0.0,Stable,Active Hiring,Profit,-3.36,257,4.85,5040,Low
FusionLogistics,Healthcare,India,2022,4514,Bootstrapped,0.0,Decreasing,Selective Hiring,Loss,-27.51,2377,52.66,2137,High
NovaHealth J,Retail,Australia,2026,9405,Public/Post-IPO,786.5,Decreasing,Active Hiring,Loss,-30.8,2295,24.4,7110,Medium
CascadeLogistics Q,Finance,Brazil,2024,7276,Funded,18.9,Decreasing,Hiring Freeze,Loss,13.03,4394,60.39,2882,High
EchoLabs,Aerospace,Germany,2023,5915,Public/Post-IPO,150.5,Increasing,Selective Hiring,Profit,16.7,318,5.38,5597,Low
NovaTechnologies U,Real Estate,France,2025,7132,Bootstrapped,0.0,Decreasing,Selective Hiring,Loss,-7.7,6775,95.0,357,High
FusionHealth J,Hospitality,Germany,2023,6388,Public/Post-IPO,479.6,Increasing,Selective Hiring,Profit,23.02,575,9.0,5813,Low
LumenRetail Q,Aerospace,United States,2024,4996,Public/Post-IPO,449.7,Increasing,Active Hiring,Profit,8.79,1378,27.58,3618,Low
StellarIndustries U,Energy,Germany,2023,6853,Bootstrapped,0.0,Increasing,Selective Hiring,Profit,8.27,1577,23.01,5276,Low
HarborIndustries,Hospitality,India,2023,6183,Bootstrapped,0.0,Increasing,Hiring Freeze,Profit,32.54,353,5.71,5830,Low
ZenithSystems P,Biotech,Netherlands,2025,6706,Bootstrapped,0.0,Stable,Hiring Freeze,Loss,21.71,409,6.1,6297,High
VertexVentures B,Logistics,United States,2025,5800,Funded,22.2,Stable,Selective Hiring,Profit,24.3,1544,26.62,4256,Low
IroncladDynamics E,Healthcare,United Kingdom,2023,8522,Public/Post-IPO,2563.7,Increasing,Hiring Freeze,Loss,19.18,1994,23.4,6528,High
QuantumNetworks,Crypto/Web3,United States,2024,7163,Public/Post-IPO,100.9,Increasing,Active Hiring,Profit,-20.25,5444,76.0,1719,Medium
JasperWorks X,Hospitality,Japan,2024,9897,Funded,178.4,Increasing,Selective Hiring,Profit,-5.26,2198,22.21,7699,Low
CascadeRetail U,Telecommunications,United States,2025,6221,Funded,536.9,Increasing,Active Hiring,Profit,7.71,276,4.43,5945,Low
GraniteEnergy R,Crypto/Web3,China,2022,7339,Public/Post-IPO,220.3,Increasing,Active Hiring,Profit,36.79,368,5.01,6971,Low
TundraHoldings K,Energy,Singapore,2023,1577,Public/Post-IPO,35.8,Increasing,Selective Hiring,Profit,15.94,94,5.98,1483,Low
HorizonAnalytics H,Hardware,United States,2023,6907,Bootstrapped,0.0,Stable,Active Hiring,Loss,30.36,253,3.67,6654,Low
NimbusSolutions C,Education,United States,2026,7300,Funded,23.0,Decreasing,Active Hiring,Loss,-32.96,2653,36.34,4647,High
HarborEnergy P,Finance,United States,2022,7715,Funded,14.9,Decreasing,Hiring Freeze,Loss,-41.76,2098,27.2,5617,High
SummitSolutions,Hardware,Poland,2025,2062,Funded,184.0,Stable,Active Hiring,Profit,13.77,508,24.64,1554,Low
DriftCapital B,Crypto/Web3,Poland,2022,5894,Bootstrapped,0.0,Decreasing,Active Hiring,Loss,-28.63,3657,62.05,2237,High
ClarityMedia U,Hospitality,United States,2023,1849,Bootstrapped,0.0,Decreasing,Active Hiring,Loss,-17.8,262,14.17,1587,Low
VantageCapital X,Hospitality,Brazil,2026,9195,Funded,49.1,Increasing,Selective Hiring,Profit,37.81,1767,19.22,7428,Low
DeltaAero U,Logistics,Japan,2026,4388,Bootstrapped,0.0,Stable,Hiring Freeze,Profit,-19.66,1268,28.9,3120,Medium
PioneerAnalytics Q,Crypto/Web3,Germany,2024,7810,Bootstrapped,0.0,Increasing,Selective Hiring,Profit,10.16,2644,33.85,5166,Low
EmberMedia,Media & Entertainment,Netherlands,2025,2984,Funded,5.2,Increasing,Selective Hiring,Loss,7.68,658,22.04,2326,Low
TerraRetail,Education,Poland,2022,9250,Bootstrapped,0.0,Increasing,Selective Hiring,Profit,47.36,1409,15.23,7841,Low
DeltaDigital P,Aerospace,Germany,2025,1956,Bootstrapped,0.0,Decreasing,Active Hiring,Loss,41.64,356,18.21,1600,Low
ApexHealth T,Biotech,Germany,2022,6054,Bootstrapped,0.0,Stable,Selective Hiring,Profit,-20.29,1259,20.79,4795,Medium
CascadeSystems O,Logistics,United Kingdom,2024,8523,Funded,33.7,Decreasing,Hiring Freeze,Loss,-30.69,1561,18.31,6962,High
HorizonTechnologies T,Real Estate,United States,2024,2873,Bootstrapped,0.0,Increasing,Hiring Freeze,Loss,24.35,1320,45.94,1553,High
CatalystMotors D,Manufacturing,United States,2023,3558,Bootstrapped,0.0,Increasing,Active Hiring,Loss,37.45,185,5.2,3373,Low
StellarTechnologies P,Retail,United States,2024,3069,Funded,49.3,Increasing,Hiring Freeze,Profit,18.74,2371,77.26,698,Medium
BeaconEnergy R,Consumer Goods,Germany,2022,5217,Bootstrapped,0.0,Stable,Selective Hiring,Loss,20.93,4653,89.19,564,Medium
DeltaMedia J,Aerospace,United States,2023,7396,Funded,23.1,Decreasing,Hiring Freeze,Loss,14.88,2609,35.27,4787,High
ClarityBio O,Hospitality,United States,2025,5642,Funded,12.7,Increasing,Selective Hiring,Profit,4.99,1642,29.11,4000,Low
EchoDigital E,Technology,China,2025,3336,Bootstrapped,0.0,Decreasing,Active Hiring,Loss,-34.95,1179,35.33,2157,High
StellarRobotics,Manufacturing,United Kingdom,2025,8129,Public/Post-IPO,280.8,Decreasing,Active Hiring,Profit,17.56,2084,25.64,6045,Low
TundraWorks G,Finance,Australia,2022,5353,Funded,70.2,Increasing,Selective Hiring,Loss,27.9,595,11.12,4758,Low
LumenHealth W,Hardware,United Kingdom,2022,7795,Public/Post-IPO,101.0,Increasing,Selective Hiring,Profit,-11.97,2492,31.97,5303,Medium
ClarityMotors,Crypto/Web3,Australia,2022,6634,Bootstrapped,0.0,Increasing,Hiring Freeze,Loss,23.56,1578,23.79,5056,Medium
CircuitBio D,Consumer Goods,Netherlands,2023,6548,Bootstrapped,0.0,Increasing,Active Hiring,Profit,20.29,134,2.05,6414,Low
JasperCapital T,Real Estate,United Kingdom,2026,3376,Bootstrapped,0.0,Stable,Selective Hiring,Loss,-28.06,1933,57.25,1443,Medium
TerraBio,Telecommunications,United States,2023,1726,Funded,86.2,Increasing,Selective Hiring,Loss,-6.69,560,32.43,1166,Low
VantageLabs D,Technology,Japan,2025,6772,Public/Post-IPO,327.6,Increasing,Selective Hiring,Profit,7.56,1327,19.59,5445,Low
FusionEnergy N,Hardware,United States,2023,3295,Public/Post-IPO,162.9,Decreasing,Active Hiring,Profit,16.08,1208,36.65,2087,Medium
IroncladHoldings,Hardware,France,2026,7429,Public/Post-IPO,0.0,Increasing,Hiring Freeze,Profit,3.88,569,7.66,6860,Low
ApexTechnologies,Crypto/Web3,United States,2026,1355,Public/Post-IPO,140.6,Increasing,Hiring Freeze,Profit,28.66,140,10.35,1215,Medium
TerraIndustries V,Finance,United Kingdom,2022,6924,Funded,0.0,Increasing,Selective Hiring,Profit,9.63,1759,25.4,5165,Low
CobaltSystems I,Energy,Brazil,2023,6177,Funded,6.6,Increasing,Hiring Freeze,Profit,14.01,311,5.03,5866,Low
OrbitFoods V,Real Estate,India,2026,8489,Bootstrapped,0.0,Stable,Selective Hiring,Profit,-12.19,4443,52.34,4046,Medium
WaveRetail,Real Estate,United States,2026,1350,Bootstrapped,0.0,Decreasing,Selective Hiring,Profit,33.32,261,19.32,1089,Low
CircuitMedia M,Finance,United States,2023,7577,Public/Post-IPO,223.9,Decreasing,Hiring Freeze,Profit,9.04,4279,56.48,3298,Medium
ClarityDigital E,Hospitality,United Kingdom,2024,4927,Bootstrapped,0.0,Stable,Hiring Freeze,Loss,-7.63,2030,41.21,2897,High
SummitRetail B,Finance,Singapore,2022,1414,Public/Post-IPO,83.1,Decreasing,Hiring Freeze,Loss,-4.56,119,8.45,1295,High
SummitSystems G,Crypto/Web3,United States,2023,8954,Public/Post-IPO,238.7,Decreasing,Selective Hiring,Loss,-46.77,4612,51.51,4342,High
LumenRetail Q,Hospitality,Singapore,2026,5881,Bootstrapped,0.0,Increasing,Selective Hiring,Loss,30.92,2818,47.92,3063,Medium
DriftLogistics G,Technology,United States,2023,6506,Funded,30.0,Increasing,Active Hiring,Loss,0.28,3142,48.3,3364,Medium
KeystoneRetail,Aerospace,United States,2026,7871,Funded,30.5,Increasing,Active Hiring,Profit,13.77,430,5.46,7441,Low
StellarLogistics N,Biotech,Germany,2022,3535,Public/Post-IPO,43.0,Stable,Hiring Freeze,Profit,11.66,578,16.35,2957,Low
ClarityCapital R,Hospitality,United States,2022,7043,Bootstrapped,0.0,Increasing,Selective Hiring,Profit,17.72,1001,14.21,6042,Medium
ClarityDynamics E,Retail,India,2022,9888,Funded,12.4,Stable,Hiring Freeze,Profit,3.86,1220,12.34,8668,Low
VantageSolutions T,Real Estate,United States,2026,2350,Bootstrapped,0.0,Decreasing,Selective Hiring,Profit,-22.31,338,14.38,2012,High
SummitRobotics Q,Automotive,United States,2025,3455,Funded,7.4,Decreasing,Active Hiring,Loss,-8.81,430,12.46,3025,Medium
HarborBio N,Consumer Goods,Singapore,2024,5003,Funded,6.9,Stable,Hiring Freeze,Profit,0.84,439,8.78,4564,Low
ApexIndustries Z,Biotech,India,2024,9685,Bootstrapped,0.0,Decreasing,Active Hiring,Loss,-5.58,1571,16.22,8114,High
CascadeLogistics V,Hardware,United States,2026,6593,Funded,3.4,Decreasing,Selective Hiring,Profit,-4.59,5932,89.97,661,High
CrescentAero,Hospitality,United Kingdom,2024,6271,Bootstrapped,0.0,Decreasing,Active Hiring,Loss,-25.52,1930,30.77,4341,Low
FusionDynamics R,Energy,Canada,2024,4814,Public/Post-IPO,567.4,Decreasing,Hiring Freeze,Loss,3.26,1523,31.64,3291,High
EchoFoods F,Energy,India,2025,5185,Funded,21.8,Stable,Hiring Freeze,Loss,-1.98,1881,36.27,3304,High
NimbusLabs,Technology,United States,2026,2952,Funded,30.4,Stable,Active Hiring,Loss,19.59,302,10.23,2650,Medium
IroncladMotors O,Retail,United States,2022,6614,Public/Post-IPO,268.3,Increasing,Hiring Freeze,Profit,16.95,608,9.19,6006,Low
PioneerLabs P,Aerospace,Netherlands,2023,5331,Public/Post-IPO,152.3,Increasing,Selective Hiring,Loss,33.07,222,4.17,5109,Low
RidgeHealth Y,Telecommunications,Singapore,2023,7326,Public/Post-IPO,217.2,Increasing,Hiring Freeze,Profit,34.93,656,8.95,6670,Low
StellarSoftware,Hospitality,Germany,2024,1074,Bootstrapped,0.0,Increasing,Active Hiring,Profit,-9.26,78,7.23,996,Low
TundraHoldings,Finance,India,2023,9885,Funded,23.1,Stable,Hiring Freeze,Profit,6.1,1332,13.48,8553,Low
OrbitBio,Real Estate,Germany,2022,2995,Bootstrapped,0.0,Decreasing,Selective Hiring,Loss,-15.28,941,31.43,2054,High
ForgeFoods T,Technology,India,2023,5106,Bootstrapped,0.0,Stable,Active Hiring,Profit,12.67,899,17.61,4207,Low
CobaltHoldings R,Manufacturing,Canada,2025,154,Bootstrapped,0.0,Stable,Selective Hiring,Loss,15.45,43,28.18,111,Medium
ForgeRetail R,Education,United States,2025,5455,Funded,15.8,Increasing,Hiring Freeze,Loss,21.98,487,8.92,4968,Medium
RidgeFoods A,Manufacturing,Germany,2024,1885,Bootstrapped,0.0,Decreasing,Selective Hiring,Loss,-1.29,1118,59.29,767,Medium
CrescentSolutions O,Consumer Goods,Japan,2025,1743,Public/Post-IPO,445.9,Stable,Active Hiring,Loss,9.48,815,46.74,928,Medium
BeaconEnergy K,Technology,Poland,2024,849,Funded,34.3,Decreasing,Selective Hiring,Loss,-2.02,92,10.86,757,High
CircuitSolutions B,Energy,China,2022,2815,Funded,37.5,Increasing,Hiring Freeze,Profit,42.57,285,10.12,2530,Low
LumenIndustries,Aerospace,Australia,2022,1353,Public/Post-IPO,127.4,Stable,Hiring Freeze,Profit,8.15,649,47.98,704,Medium
DriftLogistics Y,Healthcare,Japan,2024,827,Bootstrapped,0.0,Stable,Active Hiring,Profit,10.98,120,14.45,707,Low
CrescentIndustries A,Consumer Goods,Germany,2024,9502,Bootstrapped,0.0,Decreasing,Hiring Freeze,Loss,14.17,1252,13.18,8250,Medium
DeltaDynamics,Crypto/Web3,United States,2022,850,Funded,0.0,Decreasing,Hiring Freeze,Loss,14.13,374,44.04,476,High
NovaHealth,Media & Entertainment,Germany,2024,4620,Public/Post-IPO,104.9,Increasing,Hiring Freeze,Profit,37.96,739,15.99,3881,Low
TerraTechnologies,Automotive,Canada,2023,2882,Bootstrapped,0.0,Decreasing,Active Hiring,Loss,1.9,391,13.55,2491,High
CatalystVentures F,Healthcare,Brazil,2022,5333,Public/Post-IPO,14.5,Stable,Hiring Freeze,Loss,-4.24,241,4.52,5092,High
ClarityRetail,Automotive,United States,2022,6287,Bootstrapped,0.0,Increasing,Selective Hiring,Profit,-3.97,1853,29.48,4434,Medium
VantageDynamics P,Hardware,Germany,2023,5282,Funded,31.7,Decreasing,Active Hiring,Profit,-11.96,158,3.0,5124,Low
LumenRobotics V,Logistics,India,2023,4775,Public/Post-IPO,136.8,Decreasing,Hiring Freeze,Loss,5.94,2392,50.1,2383,High
RidgeHoldings P,Real Estate,United States,2023,9056,Bootstrapped,0.0,Stable,Active Hiring,Profit,-0.06,2582,28.51,6474,Low
BeaconAero,Crypto/Web3,Sweden,2026,2020,Funded,10.6,Increasing,Active Hiring,Profit,43.53,77,3.8,1943,Low
GraniteBio J,Hardware,India,2022,7206,Funded,24.0,Decreasing,Active Hiring,Loss,-11.04,3359,46.62,3847,High
AnchorCapital,Manufacturing,Singapore,2023,3778,Funded,5.6,Stable,Active Hiring,Loss,-19.2,1447,38.31,2331,High
TundraFoods P,Technology,Israel,2025,5293,Bootstrapped,0.0,Decreasing,Hiring Freeze,Loss,-30.51,2419,45.71,2874,High
WaveSystems K,Aerospace,Poland,2023,498,Funded,87.0,Increasing,Selective Hiring,Profit,33.8,17,3.38,481,Low
RidgeSoftware Q,Aerospace,India,2023,655,Bootstrapped,0.0,Stable,Active Hiring,Profit,15.25,127,19.38,528,Low
CascadeRobotics S,Automotive,United States,2023,232,Public/Post-IPO,101.9,Increasing,Hiring Freeze,Profit,17.55,87,37.7,145,High
NovaMotors E,Technology,Netherlands,2024,9610,Bootstrapped,0.0,Increasing,Hiring Freeze,Loss,23.09,7642,79.52,1968,High
ApexDigital K,Crypto/Web3,France,2024,408,Bootstrapped,0.0,Increasing,Hiring Freeze,Profit,21.05,60,14.65,348,Low
SummitRobotics O,Finance,United States,2024,6567,Public/Post-IPO,318.3,Stable,Active Hiring,Profit,5.44,918,13.98,5649,Low
CascadeFoods E,Healthcare,United States,2026,2365,Public/Post-IPO,293.8,Increasing,Active Hiring,Loss,9.91,284,11.99,2081,Low
StellarEnergy P,Telecommunications,United States,2022,2597,Public/Post-IPO,28.7,Decreasing,Active Hiring,Loss,-15.12,592,22.8,2005,Low
EmberCapital A,Media & Entertainment,United States,2024,7217,Public/Post-IPO,2682.0,Stable,Hiring Freeze,Loss,-18.09,1804,24.99,5413,Medium
FusionRetail A,Automotive,India,2024,9834,Funded,9.8,Stable,Active Hiring,Profit,14.94,748,7.61,9086,Low
CrescentGroup Y,Telecommunications,Brazil,2022,1180,Bootstrapped,0.0,Stable,Hiring Freeze,Profit,23.18,325,27.56,855,Low
GlacierSystems,Finance,Canada,2026,8181,Funded,20.4,Increasing,Hiring Freeze,Profit,41.06,828,10.12,7353,Low
EmberSoftware X,Logistics,China,2026,7684,Public/Post-IPO,15.5,Decreasing,Selective Hiring,Loss,10.66,5720,74.44,1964,High
BrightGroup D,Real Estate,Germany,2025,7568,Public/Post-IPO,34.5,Stable,Active Hiring,Loss,-4.89,1465,19.36,6103,Low
ClarityLabs L,Hospitality,United States,2026,2584,Public/Post-IPO,102.0,Decreasing,Hiring Freeze,Loss,-0.77,482,18.66,2102,Medium
AnchorEnergy Z,Real Estate,Canada,2023,2879,Public/Post-IPO,39.7,Increasing,Active Hiring,Profit,27.75,420,14.59,2459,Low
CobaltRetail E,Energy,Canada,2023,4876,Funded,40.6,Decreasing,Hiring Freeze,Loss,17.85,1098,22.52,3778,High
VertexAnalytics G,Hospitality,Brazil,2026,7957,Funded,0.0,Decreasing,Active Hiring,Profit,6.04,1322,16.62,6635,Low
StellarAero,Hardware,United States,2024,6315,Bootstrapped,0.0,Stable,Active Hiring,Profit,30.81,570,9.03,5745,Low
NimbusDynamics P,Aerospace,United States,2026,8053,Bootstrapped,0.0,Decreasing,Active Hiring,Loss,25.86,4482,55.66,3571,Medium
ApexFoods L,Hardware,Singapore,2023,7279,Funded,23.0,Increasing,Hiring Freeze,Profit,29.83,691,9.49,6588,Low
DriftDigital O,Consumer Goods,Brazil,2024,3583,Funded,11.3,Decreasing,Active Hiring,Profit,-4.78,554,15.47,3029,Low
ForgeDynamics W,Real Estate,United States,2026,4195,Bootstrapped,0.0,Decreasing,Active Hiring,Loss,-9.42,594,14.15,3601,High
MeridianDigital D,Consumer Goods,Singapore,2023,6772,Bootstrapped,0.0,Stable,Hiring Freeze,Profit,0.89,1507,22.26,5265,Medium
OrbitAero G,Healthcare,Japan,2024,5687,Bootstrapped,0.0,Increasing,Hiring Freeze,Profit,18.6,1653,29.07,4034,Low
TundraMedia,Manufacturing,United States,2023,8451,Funded,41.7,Decreasing,Hiring Freeze,Loss,-8.86,8028,95.0,423,High
HorizonNetworks,Consumer Goods,United States,2026,141,Funded,12.8,Increasing,Active Hiring,Profit,19.19,10,7.17,131,Low
HorizonMotors A,Retail,India,2026,7959,Bootstrapped,0.0,Stable,Selective Hiring,Loss,-18.32,2645,33.23,5314,Medium
SummitMotors V,Healthcare,United States,2024,9477,Funded,18.8,Increasing,Hiring Freeze,Loss,-12.59,2251,23.75,7226,Low
ApexRobotics,Hospitality,United States,2023,1818,Funded,13.6,Stable,Hiring Freeze,Loss,-1.2,1001,55.08,817,High
NovaMotors W,Education,Canada,2022,4006,Bootstrapped,0.0,Increasing,Active Hiring,Profit,2.68,613,15.31,3393,Low
NovaWorks,Technology,Canada,2026,9765,Funded,25.0,Increasing,Hiring Freeze,Loss,-6.66,7053,72.23,2712,High
ForgeTechnologies O,Real Estate,Australia,2022,7495,Public/Post-IPO,63.9,Increasing,Selective Hiring,Profit,14.04,668,8.91,6827,Low
JasperMotors E,Logistics,India,2024,6404,Bootstrapped,0.0,Decreasing,Hiring Freeze,Loss,2.51,1844,28.8,4560,High
TundraDigital C,Consumer Goods,China,2023,2400,Public/Post-IPO,1092.6,Decreasing,Hiring Freeze,Loss,31.39,500,20.84,1900,High
GraniteTechnologies U,Hospitality,France,2022,4960,Public/Post-IPO,245.3,Increasing,Hiring Freeze,Loss,39.04,1694,34.15,3266,Medium
GraniteHealth O,Hospitality,United States,2022,8375,Bootstrapped,0.0,Stable,Active Hiring,Profit,-0.36,4373,52.21,4002,High
NimbusAnalytics,Energy,United States,2025,5569,Public/Post-IPO,84.2,Stable,Active Hiring,Profit,-25.89,448,8.05,5121,Low
IroncladRetail,Healthcare,United States,2026,8388,Funded,31.8,Increasing,Active Hiring,Loss,23.37,1418,16.9,6970,Low
JasperWorks G,Education,Canada,2022,7698,Public/Post-IPO,168.5,Decreasing,Selective Hiring,Loss,-14.78,3141,40.8,4557,High
EchoWorks P,Healthcare,United States,2023,3535,Public/Post-IPO,73.0,Increasing,Active Hiring,Profit,3.18,637,18.01,2898,Low
BeaconTechnologies Q,Manufacturing,Netherlands,2023,8099,Funded,22.3,Increasing,Hiring Freeze,Profit,-9.13,1462,18.05,6637,High
CrescentTechnologies,Education,United States,2024,4041,Funded,38.9,Stable,Selective Hiring,Profit,13.83,528,13.06,3513,Low
KeystoneWorks,Aerospace,United Kingdom,2022,9158,Funded,12.2,Decreasing,Hiring Freeze,Profit,21.2,2039,22.26,7119,Low
OrbitMotors,Telecommunications,United States,2026,2709,Bootstrapped,0.0,Decreasing,Hiring Freeze,Loss,-40.7,883,32.61,1826,High
EchoTechnologies,Education,Singapore,2022,3280,Funded,23.8,Increasing,Active Hiring,Loss,21.35,329,10.03,2951,Low
FusionLogistics V,Retail,United Kingdom,2022,9122,Funded,131.7,Increasing,Active Hiring,Profit,9.55,1275,13.98,7847,Low
NimbusLabs W,Real Estate,India,2022,3832,Funded,18.0,Increasing,Hiring Freeze,Profit,4.81,379,9.88,3453,Low
NovaMedia P,Biotech,Israel,2025,6074,Funded,9.0,Increasing,Hiring Freeze,Loss,16.79,658,10.84,5416,High
HarborWorks,Energy,India,2022,7652,Public/Post-IPO,1163.8,Stable,Selective Hiring,Loss,-5.2,1025,13.39,6627,Medium
SolaceMotors G,Healthcare,United States,2023,5649,Funded,34.3,Increasing,Hiring Freeze,Profit,21.53,693,12.27,4956,Low
ForgeHealth,Real Estate,United Kingdom,2025,1087,Public/Post-IPO,48.2,Decreasing,Active Hiring,Profit,0.88,446,41.02,641,Medium
GraniteDynamics Y,Education,United States,2024,3111,Bootstrapped,0.0,Decreasing,Active Hiring,Profit,-12.21,578,18.59,2533,Low
CircuitAero,Manufacturing,Canada,2023,3307,Public/Post-IPO,63.6,Decreasing,Hiring Freeze,Loss,-28.79,2636,79.72,671,High
DeltaGroup,Finance,Singapore,2022,3232,Funded,205.1,Increasing,Hiring Freeze,Loss,22.41,1993,61.66,1239,Medium
NovaSolutions,Retail,Netherlands,2023,658,Bootstrapped,0.0,Stable,Hiring Freeze,Profit,29.71,217,32.96,441,Medium
TerraHealth P,Real Estate,Israel,2026,7098,Bootstrapped,0.0,Decreasing,Active Hiring,Loss,3.02,2349,33.09,4749,Medium
JasperRobotics,Education,United States,2023,1956,Funded,136.8,Increasing,Hiring Freeze,Loss,8.98,156,7.96,1800,High
PioneerFoods B,Healthcare,United States,2023,2297,Public/Post-IPO,404.7,Decreasing,Hiring Freeze,Profit,-39.68,809,35.22,1488,Medium
NimbusMotors H,Telecommunications,India,2022,917,Bootstrapped,0.0,Decreasing,Hiring Freeze,Profit,-20.26,250,27.28,667,High
HorizonEnergy T,Technology,India,2026,9461,Funded,26.5,Increasing,Hiring Freeze,Loss,-0.09,1068,11.29,8393,High
NimbusHoldings M,Healthcare,India,2024,2773,Bootstrapped,0.0,Increasing,Hiring Freeze,Profit,0.81,601,21.68,2172,High
BeaconRobotics K,Energy,United States,2022,9002,Public/Post-IPO,155.0,Increasing,Active Hiring,Loss,30.4,3269,36.31,5733,Medium
DeltaHealth E,Technology,Australia,2025,7273,Public/Post-IPO,1588.2,Stable,Hiring Freeze,Profit,6.73,1620,22.28,5653,Medium
FusionLabs,Real Estate,India,2024,6087,Funded,51.3,Stable,Hiring Freeze,Profit,-12.74,1027,16.88,5060,Medium
IroncladHoldings B,Retail,Australia,2022,7504,Funded,8.8,Increasing,Hiring Freeze,Profit,16.61,245,3.26,7259,Low
NimbusEnergy,Logistics,United States,2023,7624,Bootstrapped,0.0,Decreasing,Hiring Freeze,Loss,3.0,2986,39.16,4638,High
SolaceDynamics L,Telecommunications,Singapore,2025,8878,Bootstrapped,0.0,Increasing,Hiring Freeze,Profit,33.2,2520,28.39,6358,Low
EchoWorks L,Energy,India,2022,580,Funded,10.7,Increasing,Hiring Freeze,Loss,13.12,209,36.12,371,Medium
SolaceWorks,Logistics,United States,2022,8334,Bootstrapped,0.0,Stable,Active Hiring,Loss,-22.96,4866,58.39,3468,High
VertexSolutions I,Aerospace,Germany,2023,3722,Public/Post-IPO,145.4,Increasing,Hiring Freeze,Profit,1.03,242,6.5,3480,Low
NimbusDigital S,Technology,Australia,2023,1793,Public/Post-IPO,93.3,Increasing,Active Hiring,Loss,13.47,223,12.42,1570,Low
VantageEnergy,Healthcare,France,2024,1075,Funded,28.4,Increasing,Hiring Freeze,Loss,-13.87,119,11.07,956,High
VertexVentures W,Automotive,United States,2023,3598,Bootstrapped,0.0,Decreasing,Hiring Freeze,Loss,6.89,615,17.08,2983,High
JasperMedia Z,Telecommunications,United States,2026,2259,Public/Post-IPO,221.8,Stable,Active Hiring,Profit,4.87,404,17.89,1855,Low
ApexDigital,Hospitality,United States,2022,2719,Bootstrapped,0.0,Decreasing,Hiring Freeze,Loss,-52.61,1818,66.87,901,High
FusionEnergy,Hospitality,United States,2024,4981,Public/Post-IPO,120.2,Increasing,Active Hiring,Profit,33.89,1138,22.84,3843,Low
JasperRetail K,Technology,Canada,2024,6670,Bootstrapped,0.0,Increasing,Hiring Freeze,Profit,-10.81,3201,47.99,3469,High
AnchorHoldings,Biotech,Germany,2025,2682,Bootstrapped,0.0,Increasing,Selective Hiring,Profit,15.34,242,9.04,2440,Low
EmberCapital S,Crypto/Web3,Germany,2022,2682,Bootstrapped,0.0,Stable,Hiring Freeze,Loss,-11.53,647,24.11,2035,High
EmberHealth W,Manufacturing,Singapore,2022,9630,Bootstrapped,0.0,Decreasing,Selective Hiring,Loss,-26.04,4312,44.78,5318,Medium
OrbitDynamics Y,Healthcare,Singapore,2026,2289,Public/Post-IPO,456.6,Stable,Hiring Freeze,Loss,3.22,1803,78.78,486,High
SolaceFoods D,Energy,Germany,2022,1632,Bootstrapped,0.0,Increasing,Active Hiring,Profit,4.31,266,16.32,1366,Low
SummitDynamics,Biotech,Brazil,2024,5101,Funded,46.0,Increasing,Active Hiring,Profit,16.08,174,3.42,4927,Low
HorizonSolutions H,Aerospace,Canada,2022,2999,Bootstrapped,0.0,Decreasing,Hiring Freeze,Loss,-37.68,256,8.55,2743,Medium
GraniteWorks W,Hospitality,India,2025,2206,Funded,7.5,Decreasing,Hiring Freeze,Loss,-1.13,304,13.76,1902,High
LumenMedia,Finance,Germany,2025,3276,Bootstrapped,0.0,Stable,Active Hiring,Profit,5.59,372,11.36,2904,Low
PioneerCapital,Real Estate,Australia,2026,8299,Bootstrapped,0.0,Decreasing,Active Hiring,Profit,5.71,1551,18.69,6748,Low
RidgeHoldings D,Consumer Goods,Sweden,2022,2467,Public/Post-IPO,95.2,Decreasing,Active Hiring,Profit,6.72,543,22.01,1924,Medium
FusionSolutions P,Hardware,United States,2025,349,Public/Post-IPO,13.9,Increasing,Hiring Freeze,Profit,10.45,20,5.75,329,Low
ForgeDigital F,Manufacturing,France,2023,4591,Public/Post-IPO,44.9,Increasing,Active Hiring,Loss,-4.79,1476,32.14,3115,Low
TerraTechnologies,Telecommunications,United States,2023,9279,Public/Post-IPO,56.3,Decreasing,Selective Hiring,Loss,6.09,4368,47.07,4911,High
LumenSolutions D,Healthcare,United States,2024,4967,Funded,37.0,Stable,Active Hiring,Profit,39.84,541,10.9,4426,Low
QuantumSystems E,Manufacturing,Sweden,2024,8688,Funded,42.7,Increasing,Active Hiring,Loss,-11.48,1195,13.75,7493,Low
TundraMedia L,Hardware,Australia,2022,5687,Funded,10.9,Increasing,Hiring Freeze,Loss,2.1,357,6.27,5330,Low
VertexSolutions S,Consumer Goods,United States,2023,4443,Funded,49.9,Stable,Active Hiring,Loss,-0.16,509,11.45,3934,Low
NovaVentures N,Manufacturing,India,2026,5728,Public/Post-IPO,97.8,Decreasing,Active Hiring,Profit,0.34,1673,29.2,4055,Low
CobaltNetworks L,Logistics,United States,2022,8194,Funded,5.1,Increasing,Hiring Freeze,Profit,-4.26,279,3.41,7915,Medium
EchoTechnologies K,Logistics,Brazil,2023,3852,Funded,33.5,Decreasing,Hiring Freeze,Profit,0.24,386,10.03,3466,High
OrbitMedia G,Finance,Germany,2022,9711,Public/Post-IPO,72.8,Stable,Active Hiring,Profit,-24.43,2057,21.18,7654,Low
DeltaBio,Telecommunications,Australia,2024,7102,Bootstrapped,0.0,Stable,Selective Hiring,Profit,-14.26,3794,53.42,3308,High
QuantumRetail J,Real Estate,Canada,2024,6795,Funded,5.8,Increasing,Hiring Freeze,Loss,37.23,2912,42.85,3883,Medium
BeaconTechnologies L,Manufacturing,Israel,2024,9822,Bootstrapped,0.0,Decreasing,Active Hiring,Loss,-34.33,2205,22.45,7617,High
EmberEnergy P,Automotive,France,2025,406,Bootstrapped,0.0,Stable,Selective Hiring,Profit,31.85,38,9.44,368,Low
OrbitDynamics,Consumer Goods,United Kingdom,2023,4066,Funded,45.9,Decreasing,Selective Hiring,Loss,-43.56,2885,70.96,1181,High
SummitDynamics M,Media & Entertainment,United States,2026,4788,Public/Post-IPO,58.3,Increasing,Hiring Freeze,Loss,25.27,2643,55.2,2145,Medium
IroncladFoods C,Healthcare,United States,2026,1089,Funded,15.2,Stable,Active Hiring,Profit,-11.43,126,11.55,963,Low
CobaltEnergy,Biotech,France,2023,1903,Bootstrapped,0.0,Stable,Hiring Freeze,Profit,33.15,728,38.23,1175,High
TerraSoftware,Finance,Singapore,2024,1774,Public/Post-IPO,34.1,Stable,Active Hiring,Loss,-11.08,803,45.25,971,Low
SolaceEnergy,Logistics,United States,2026,3056,Funded,42.1,Increasing,Selective Hiring,Loss,10.13,1730,56.62,1326,Medium
ApexSolutions W,Telecommunications,United States,2024,1883,Bootstrapped,0.0,Increasing,Hiring Freeze,Loss,16.25,716,38.02,1167,Low
QuantumFoods F,Technology,India,2022,7268,Funded,55.9,Increasing,Selective Hiring,Profit,13.34,1559,21.45,5709,Low
ForgeDynamics,Media & Entertainment,United States,2026,9743,Bootstrapped,0.0,Stable,Active Hiring,Profit,0.04,1590,16.32,8153,Low
ZenithRetail C,Education,India,2022,6670,Public/Post-IPO,56.5,Increasing,Active Hiring,Loss,62.07,1492,22.37,5178,Low
TundraLogistics G,Energy,United States,2026,3315,Bootstrapped,0.0,Stable,Selective Hiring,Loss,10.57,151,4.54,3164,Medium
ZenithLogistics,Manufacturing,Netherlands,2025,3338,Bootstrapped,0.0,Increasing,Hiring Freeze,Profit,-10.28,130,3.9,3208,Low
DeltaDigital V,Automotive,United States,2025,2528,Funded,6.7,Decreasing,Hiring Freeze,Loss,-34.92,2402,95.0,126,High
EchoLabs X,Retail,France,2026,1393,Bootstrapped,0.0,Stable,Active Hiring,Loss,-12.36,1095,78.58,298,Medium
PioneerWorks I,Retail,Canada,2023,7242,Bootstrapped,0.0,Increasing,Active Hiring,Loss,3.33,769,10.62,6473,Medium
PioneerSolutions,Technology,United States,2023,2325,Public/Post-IPO,181.9,Increasing,Hiring Freeze,Profit,36.71,76,3.25,2249,Low
GraniteSolutions R,Telecommunications,Australia,2023,1986,Public/Post-IPO,3.1,Increasing,Selective Hiring,Profit,25.92,154,7.73,1832,Low
SummitEnergy M,Media & Entertainment,United States,2024,5330,Funded,0.8,Decreasing,Hiring Freeze,Loss,-54.92,4568,85.7,762,High
StellarRobotics G,Technology,Canada,2025,1516,Funded,1.9,Decreasing,Selective Hiring,Loss,-33.68,711,46.9,805,High
CrescentBio J,Media & Entertainment,United States,2022,8402,Bootstrapped,0.0,Increasing,Selective Hiring,Profit,19.18,671,7.99,7731,Low
TerraWorks X,Hospitality,Japan,2026,2151,Funded,47.0,Decreasing,Hiring Freeze,Profit,9.55,998,46.4,1153,Medium
EchoVentures J,Biotech,Singapore,2022,3818,Public/Post-IPO,431.9,Decreasing,Active Hiring,Loss,-12.74,433,11.34,3385,Low
MeridianTechnologies U,Automotive,United States,2026,2841,Funded,14.0,Stable,Active Hiring,Loss,-9.78,812,28.57,2029,High
ZenithMotors P,Healthcare,France,2023,5269,Public/Post-IPO,299.9,Stable,Active Hiring,Loss,-2.26,462,8.77,4807,Low
WaveIndustries K,Manufacturing,Germany,2022,3734,Bootstrapped,0.0,Increasing,Selective Hiring,Profit,41.96,437,11.71,3297,Low
RidgeMotors,Finance,France,2022,5130,Funded,4.1,Decreasing,Hiring Freeze,Profit,-0.91,2036,39.69,3094,High
IroncladBio U,Healthcare,Netherlands,2025,5881,Public/Post-IPO,331.1,Stable,Active Hiring,Profit,8.62,698,11.87,5183,Low
WaveMotors M,Manufacturing,China,2023,1913,Public/Post-IPO,11.7,Increasing,Selective Hiring,Loss,-16.94,104,5.43,1809,Low
GraniteBio V,Education,United States,2025,9099,Funded,21.1,Decreasing,Hiring Freeze,Profit,0.26,4125,45.33,4974,High
VantageCapital X,Manufacturing,Australia,2023,348,Funded,46.6,Decreasing,Hiring Freeze,Loss,4.33,159,45.81,189,Medium
CobaltSolutions Q,Consumer Goods,United Kingdom,2026,8026,Bootstrapped,0.0,Stable,Selective Hiring,Profit,4.0,2049,25.53,5977,Low
AnchorCapital V,Automotive,United States,2024,2095,Funded,40.7,Decreasing,Selective Hiring,Profit,-20.24,455,21.74,1640,High
BeaconGroup U,Crypto/Web3,Japan,2022,4698,Public/Post-IPO,12.3,Increasing,Hiring Freeze,Loss,5.66,1818,38.7,2880,High
AnchorFoods C,Telecommunications,Australia,2023,9358,Bootstrapped,0.0,Stable,Hiring Freeze,Loss,47.31,487,5.2,8871,Low
LumenSolutions U,Aerospace,United States,2023,5661,Public/Post-IPO,22.9,Increasing,Hiring Freeze,Loss,0.84,3804,67.19,1857,High
DriftMotors F,Consumer Goods,United States,2023,2666,Funded,64.2,Decreasing,Selective Hiring,Profit,-19.99,242,9.08,2424,High
BeaconAero P,Technology,India,2023,3459,Funded,25.7,Decreasing,Selective Hiring,Profit,-18.95,312,9.03,3147,Medium
LumenDigital G,Consumer Goods,India,2026,2833,Funded,6.7,Increasing,Selective Hiring,Loss,-11.88,358,12.63,2475,Low
VantageEnergy,Crypto/Web3,United States,2023,5197,Funded,7.2,Increasing,Hiring Freeze,Profit,28.49,787,15.14,4410,Medium
VertexSolutions X,Aerospace,Japan,2024,8740,Funded,41.7,Stable,Hiring Freeze,Loss,8.01,2945,33.7,5795,Medium
CrescentSoftware D,Healthcare,United States,2026,857,Public/Post-IPO,28.2,Decreasing,Hiring Freeze,Loss,6.55,750,87.55,107,High
AnchorHealth Y,Retail,India,2024,8519,Public/Post-IPO,546.3,Increasing,Active Hiring,Profit,-5.61,1001,11.75,7518,Low
CrescentDynamics M,Hardware,Germany,2024,6627,Public/Post-IPO,424.9,Decreasing,Hiring Freeze,Loss,-24.1,1487,22.44,5140,High
PioneerSolutions,Technology,Australia,2024,6138,Funded,25.8,Stable,Hiring Freeze,Loss,40.68,1591,25.92,4547,High
JasperRetail W,Technology,China,2025,5488,Bootstrapped,0.0,Decreasing,Selective Hiring,Loss,-11.93,1663,30.3,3825,Medium
PioneerSoftware,Energy,Singapore,2026,4630,Funded,26.6,Increasing,Hiring Freeze,Profit,3.0,200,4.32,4430,Low
VertexNetworks,Logistics,India,2026,5877,Bootstrapped,0.0,Stable,Active Hiring,Loss,14.98,715,12.17,5162,Low
TerraDigital O,Real Estate,Canada,2025,1620,Bootstrapped,0.0,Increasing,Hiring Freeze,Profit,13.23,35,2.18,1585,Low
AnchorAnalytics Q,Consumer Goods,Germany,2023,6364,Funded,22.9,Increasing,Active Hiring,Profit,29.73,595,9.35,5769,Low
GraniteBio O,Automotive,United States,2025,9195,Public/Post-IPO,717.1,Increasing,Active Hiring,Profit,10.78,614,6.68,8581,Low
GraniteMotors R,Real Estate,United States,2026,2862,Bootstrapped,0.0,Decreasing,Selective Hiring,Loss,-16.28,1611,56.3,1251,High
StellarDynamics,Education,United States,2026,3410,Funded,229.4,Increasing,Hiring Freeze,Profit,0.99,1181,34.64,2229,Medium
CircuitMotors B,Telecommunications,Singapore,2023,1303,Public/Post-IPO,188.0,Decreasing,Active Hiring,Loss,-32.96,1021,78.34,282,High
KeystoneHealth F,Finance,United States,2022,5117,Funded,11.2,Stable,Selective Hiring,Loss,8.76,1505,29.42,3612,Medium
VantageDigital E,Real Estate,China,2022,2245,Funded,7.8,Decreasing,Active Hiring,Loss,-29.54,290,12.93,1955,Medium
AnchorDigital,Biotech,United Kingdom,2023,2270,Funded,16.5,Increasing,Active Hiring,Profit,15.54,363,16.0,1907,Low
CascadeLabs F,Biotech,Canada,2026,7472,Bootstrapped,0.0,Increasing,Hiring Freeze,Loss,25.83,432,5.78,7040,Low
FusionSolutions,Logistics,Canada,2023,2070,Funded,46.6,Stable,Selective Hiring,Profit,7.12,1023,49.44,1047,High
SummitMedia U,Crypto/Web3,Australia,2023,4987,Funded,0.0,Increasing,Hiring Freeze,Profit,21.42,476,9.54,4511,Low
SolaceSoftware W,Hardware,Canada,2025,6855,Funded,273.7,Increasing,Active Hiring,Profit,30.84,798,11.64,6057,Low
GraniteHealth E,Real Estate,Singapore,2022,7100,Public/Post-IPO,33.8,Increasing,Selective Hiring,Loss,5.09,701,9.87,6399,Medium
DriftIndustries Z,Biotech,India,2023,9727,Funded,189.8,Stable,Selective Hiring,Loss,14.11,1810,18.61,7917,Low
ClarityRobotics E,Hospitality,United States,2023,8282,Public/Post-IPO,53.2,Decreasing,Hiring Freeze,Loss,-8.78,7454,90.0,828,High
CircuitAnalytics O,Biotech,China,2023,9347,Funded,13.3,Increasing,Hiring Freeze,Profit,37.78,1850,19.79,7497,Low
LumenMedia,Telecommunications,Israel,2025,7385,Public/Post-IPO,1820.9,Decreasing,Active Hiring,Loss,1.08,2825,38.25,4560,High
AnchorLogistics K,Hardware,United States,2024,8630,Public/Post-IPO,2810.3,Increasing,Hiring Freeze,Profit,-20.54,1801,20.87,6829,Medium
IroncladAnalytics Z,Consumer Goods,United States,2023,7557,Public/Post-IPO,35.8,Increasing,Active Hiring,Profit,-6.35,165,2.18,7392,Low
AnchorSolutions M,Aerospace,United Kingdom,2022,7194,Public/Post-IPO,35.5,Decreasing,Hiring Freeze,Loss,-40.16,5390,74.93,1804,High
DriftFoods J,Hardware,India,2023,3479,Bootstrapped,0.0,Increasing,Active Hiring,Loss,8.91,576,16.56,2903,Medium
CatalystSystems Y,Energy,India,2025,9787,Bootstrapped,0.0,Stable,Hiring Freeze,Loss,-24.12,6489,66.3,3298,High
CrescentFoods,Hardware,Germany,2022,5294,Public/Post-IPO,30.6,Decreasing,Hiring Freeze,Loss,-34.89,2553,48.23,2741,High
RidgeLabs X,Crypto/Web3,United States,2025,4032,Funded,12.1,Increasing,Selective Hiring,Profit,7.03,748,18.56,3284,Low
ClarityLogistics,Healthcare,United States,2024,1205,Funded,32.0,Increasing,Hiring Freeze,Profit,24.06,318,26.42,887,Low
SummitRetail G,Automotive,Netherlands,2025,8729,Funded,10.8,Increasing,Hiring Freeze,Profit,-5.27,1618,18.54,7111,Low
ApexEnergy D,Education,United States,2022,6589,Funded,78.5,Decreasing,Hiring Freeze,Loss,-26.11,778,11.81,5811,High
StellarTechnologies E,Healthcare,Brazil,2022,3317,Funded,18.7,Decreasing,Selective Hiring,Loss,-4.04,128,3.86,3189,Medium
PioneerIndustries C,Retail,France,2022,7253,Funded,80.1,Increasing,Selective Hiring,Profit,3.74,996,13.73,6257,Low
CobaltSystems M,Finance,United Kingdom,2026,9047,Funded,10.6,Increasing,Selective Hiring,Loss,20.22,2743,30.32,6304,Low
EchoFoods L,Biotech,United States,2024,4533,Public/Post-IPO,92.7,Stable,Active Hiring,Profit,7.25,157,3.46,4376,Low
GlacierMedia D,Finance,Canada,2022,3040,Funded,25.0,Stable,Hiring Freeze,Loss,-27.65,730,24.01,2310,Medium
CascadeLogistics D,Crypto/Web3,Canada,2023,5106,Public/Post-IPO,136.8,Increasing,Hiring Freeze,Profit,12.27,277,5.43,4829,High
ApexFoods U,Education,China,2022,3156,Funded,55.5,Stable,Active Hiring,Loss,28.09,645,20.43,2511,Low
CrescentSolutions U,Crypto/Web3,United States,2025,209,Bootstrapped,0.0,Increasing,Active Hiring,Profit,13.25,29,14.02,180,Low
GraniteHealth J,Automotive,United States,2023,6933,Public/Post-IPO,455.4,Decreasing,Active Hiring,Profit,-26.11,2709,39.08,4224,Medium
PioneerBio M,Hardware,Singapore,2024,7441,Bootstrapped,0.0,Decreasing,Selective Hiring,Profit,32.41,557,7.49,6884,Medium
SolaceWorks I,Healthcare,India,2023,6210,Bootstrapped,0.0,Decreasing,Active Hiring,Loss,-11.41,3040,48.96,3170,High
EmberCapital,Retail,United States,2023,7210,Public/Post-IPO,369.6,Increasing,Hiring Freeze,Profit,51.61,1596,22.14,5614,Low
LumenSolutions D,Logistics,Germany,2023,6083,Bootstrapped,0.0,Stable,Active Hiring,Loss,7.7,742,12.2,5341,Low
SummitSoftware,Healthcare,United States,2022,9466,Bootstrapped,0.0,Decreasing,Selective Hiring,Loss,-51.65,7362,77.77,2104,High
CascadeBio U,Crypto/Web3,United States,2022,1474,Public/Post-IPO,244.9,Increasing,Selective Hiring,Profit,-10.19,384,26.08,1090,Low
EmberCapital S,Telecommunications,Germany,2022,3159,Bootstrapped,0.0,Stable,Hiring Freeze,Loss,4.14,208,6.6,2951,High
CascadeBio A,Education,Canada,2024,2192,Bootstrapped,0.0,Increasing,Selective Hiring,Profit,-11.79,249,11.37,1943,Medium
FusionSystems I,Hardware,France,2022,1452,Bootstrapped,0.0,Increasing,Selective Hiring,Loss,35.44,109,7.51,1343,Low
ApexHoldings P,Education,United States,2023,5392,Bootstrapped,0.0,Decreasing,Active Hiring,Loss,-15.22,3223,59.77,2169,High
BeaconDynamics B,Technology,Japan,2023,6939,Public/Post-IPO,182.0,Stable,Hiring Freeze,Profit,-22.07,2523,36.36,4416,High
VertexAnalytics,Manufacturing,Canada,2025,545,Funded,16.6,Decreasing,Hiring Freeze,Loss,-18.34,325,59.64,220,High
CatalystGroup,Biotech,United Kingdom,2023,3668,Public/Post-IPO,54.1,Increasing,Active Hiring,Loss,13.24,517,14.1,3151,Low
JasperMedia H,Hospitality,Sweden,2022,1028,Funded,15.8,Stable,Hiring Freeze,Loss,7.55,182,17.71,846,Medium
NimbusHoldings,Technology,United Kingdom,2022,6410,Bootstrapped,0.0,Increasing,Hiring Freeze,Profit,32.97,855,13.34,5555,Low
VantageAero,Retail,China,2026,4336,Funded,0.0,Increasing,Active Hiring,Profit,24.95,188,4.34,4148,Low
CircuitCapital,Crypto/Web3,United States,2024,4868,Funded,90.4,Increasing,Active Hiring,Profit,10.52,1172,24.08,3696,Low
WaveCapital X,Healthcare,United States,2023,2251,Bootstrapped,0.0,Decreasing,Hiring Freeze,Loss,-20.64,644,28.61,1607,Medium
NimbusMedia H,Retail,United States,2022,6036,Public/Post-IPO,22.5,Increasing,Hiring Freeze,Loss,22.6,2716,44.99,3320,High
EmberEnergy N,Telecommunications,Canada,2023,8519,Bootstrapped,0.0,Stable,Selective Hiring,Loss,37.67,3373,39.59,5146,Medium
ZenithMedia G,Healthcare,Canada,2023,9856,Bootstrapped,0.0,Stable,Selective Hiring,Loss,-3.98,1005,10.2,8851,High
HorizonSolutions J,Telecommunications,United States,2023,4611,Bootstrapped,0.0,Increasing,Hiring Freeze,Profit,50.01,1214,26.33,3397,Low
KeystoneHealth H,Healthcare,United States,2022,2649,Funded,75.3,Increasing,Active Hiring,Profit,8.08,450,16.99,2199,Low
StellarBio I,Finance,United States,2023,517,Funded,11.1,Stable,Selective Hiring,Profit,6.54,83,16.09,434,Medium
AnchorTechnologies X,Education,India,2024,5970,Public/Post-IPO,83.3,Decreasing,Hiring Freeze,Profit,-11.3,2335,39.11,3635,High
IroncladLabs,Media & Entertainment,United States,2023,3954,Funded,12.6,Increasing,Active Hiring,Loss,14.19,406,10.27,3548,Low
EmberTechnologies Q,Aerospace,France,2025,4497,Funded,168.9,Decreasing,Hiring Freeze,Loss,-12.14,284,6.32,4213,Medium
BrightCapital F,Aerospace,United States,2026,989,Bootstrapped,0.0,Decreasing,Active Hiring,Loss,41.32,421,42.57,568,High
GraniteSolutions R,Media & Entertainment,Israel,2023,4999,Funded,9.8,Decreasing,Hiring Freeze,Loss,19.83,3040,60.81,1959,High
NimbusTechnologies U,Technology,Brazil,2024,3005,Public/Post-IPO,291.7,Increasing,Hiring Freeze,Profit,13.02,435,14.49,2570,Low
LumenSoftware,Aerospace,United Kingdom,2025,9291,Funded,20.7,Stable,Active Hiring,Profit,23.96,360,3.87,8931,Low
SummitCapital L,Education,India,2022,8873,Bootstrapped,0.0,Stable,Active Hiring,Loss,43.35,2874,32.39,5999,Low
ClarityIndustries,Telecommunications,China,2026,7112,Funded,88.3,Increasing,Selective Hiring,Profit,19.75,152,2.14,6960,Low
ApexHoldings P,Aerospace,United States,2025,182,Public/Post-IPO,2165.5,Increasing,Active Hiring,Profit,5.07,14,7.51,168,Low
JasperGroup,Crypto/Web3,United States,2023,7162,Bootstrapped,0.0,Increasing,Selective Hiring,Profit,-6.46,3971,55.45,3191,High
KeystoneMedia M,Energy,United States,2024,1758,Funded,10.1,Stable,Active Hiring,Profit,-1.02,216,12.27,1542,Low
PioneerGroup K,Retail,India,2023,1139,Bootstrapped,0.0,Increasing,Hiring Freeze,Profit,-11.07,255,22.4,884,Medium
CircuitAnalytics M,Retail,United States,2023,174,Funded,13.8,Stable,Hiring Freeze,Loss,-14.02,22,12.59,152,High
CircuitIndustries Y,Aerospace,Canada,2022,7728,Public/Post-IPO,2569.2,Stable,Active Hiring,Loss,-21.46,975,12.62,6753,Medium
OrbitAero,Biotech,Germany,2023,377,Bootstrapped,0.0,Decreasing,Active Hiring,Loss,10.36,169,44.96,208,Low
BeaconDigital R,Finance,United States,2025,2539,Bootstrapped,0.0,Stable,Selective Hiring,Loss,16.0,490,19.3,2049,High
CobaltSolutions,Automotive,United States,2023,3678,Bootstrapped,0.0,Increasing,Hiring Freeze,Profit,14.1,889,24.16,2789,Low
RidgeAero E,Media & Entertainment,Canada,2023,8883,Public/Post-IPO,278.2,Increasing,Hiring Freeze,Profit,9.52,2026,22.81,6857,Low
FusionMotors R,Education,India,2025,6176,Bootstrapped,0.0,Stable,Hiring Freeze,Profit,51.84,1883,30.49,4293,Low
ClarityRobotics,Aerospace,Sweden,2025,6582,Funded,3.5,Stable,Active Hiring,Profit,20.9,124,1.89,6458,Low
EchoMedia Y,Finance,Israel,2024,4497,Public/Post-IPO,649.7,Decreasing,Active Hiring,Loss,-36.51,1264,28.11,3233,High
KeystoneDynamics,Hospitality,China,2023,3408,Funded,145.9,Increasing,Selective Hiring,Profit,-3.09,389,11.42,3019,Low
DeltaBio H,Retail,India,2022,5597,Public/Post-IPO,907.2,Stable,Selective Hiring,Loss,0.66,261,4.66,5336,Medium
ForgeHealth,Healthcare,United Kingdom,2024,1478,Bootstrapped,0.0,Stable,Hiring Freeze,Profit,-17.18,252,17.05,1226,High
SummitWorks,Consumer Goods,Netherlands,2026,3292,Funded,10.1,Decreasing,Hiring Freeze,Profit,-11.52,1290,39.18,2002,Medium
TundraHealth Y,Consumer Goods,United States,2023,5165,Funded,15.8,Decreasing,Hiring Freeze,Profit,-3.51,1764,34.16,3401,Medium
HarborIndustries E,Healthcare,United States,2023,3167,Funded,26.9,Increasing,Hiring Freeze,Loss,40.79,243,7.68,2924,High
IroncladNetworks G,Crypto/Web3,United States,2024,2963,Public/Post-IPO,41.0,Decreasing,Selective Hiring,Loss,2.88,593,20.01,2370,Low
RidgeHoldings P,Hospitality,India,2023,8020,Funded,34.8,Increasing,Hiring Freeze,Profit,13.28,1038,12.94,6982,Low
DeltaSystems P,Consumer Goods,France,2023,6782,Public/Post-IPO,270.8,Increasing,Selective Hiring,Loss,41.62,2633,38.83,4149,Medium
FusionSystems I,Logistics,India,2023,3337,Public/Post-IPO,714.8,Decreasing,Active Hiring,Profit,4.0,1356,40.65,1981,Low
TerraCapital Z,Technology,United States,2025,9461,Funded,9.1,Increasing,Active Hiring,Loss,15.11,1096,11.58,8365,Low
EmberGroup,Retail,Netherlands,2023,5198,Funded,11.2,Stable,Hiring Freeze,Loss,35.46,1266,24.35,3932,Low
CascadeSoftware,Technology,Brazil,2022,1137,Bootstrapped,0.0,Increasing,Hiring Freeze,Profit,-0.55,95,8.34,1042,Medium
ApexIndustries O,Aerospace,United Kingdom,2023,7181,Bootstrapped,0.0,Increasing,Active Hiring,Loss,22.02,1246,17.35,5935,Low
BeaconTechnologies H,Hospitality,United States,2022,5964,Funded,54.4,Increasing,Hiring Freeze,Profit,37.46,206,3.45,5758,Low
FusionMotors H,Biotech,Canada,2022,5611,Bootstrapped,0.0,Increasing,Hiring Freeze,Loss,27.23,1513,26.96,4098,Medium
VantageSolutions Z,Aerospace,United Kingdom,2023,4160,Funded,8.0,Decreasing,Hiring Freeze,Profit,-13.32,3416,82.11,744,High
ClarityRobotics L,Logistics,United States,2023,6713,Bootstrapped,0.0,Increasing,Selective Hiring,Loss,7.69,1721,25.63,4992,High
BeaconHealth,Logistics,Australia,2024,6179,Bootstrapped,0.0,Decreasing,Hiring Freeze,Loss,-10.28,4058,65.68,2121,High
ClaritySystems O,Aerospace,France,2026,2793,Funded,8.9,Decreasing,Hiring Freeze,Loss,-4.66,986,35.29,1807,Medium
SolaceFoods O,Biotech,France,2022,8581,Public/Post-IPO,15.5,Decreasing,Hiring Freeze,Profit,-53.57,6513,75.9,2068,High
GraniteHoldings M,Technology,United Kingdom,2022,3246,Funded,1.3,Decreasing,Active Hiring,Loss,-34.05,1817,55.99,1429,High
ApexRobotics C,Media & Entertainment,United States,2026,3669,Public/Post-IPO,59.4,Decreasing,Selective Hiring,Profit,12.58,1599,43.57,2070,Low
QuantumHealth,Healthcare,United States,2023,5805,Public/Post-IPO,435.2,Increasing,Hiring Freeze,Profit,-16.34,614,10.58,5191,Low
EmberEnergy P,Hospitality,United States,2023,5965,Funded,44.3,Decreasing,Selective Hiring,Profit,-43.51,1948,32.65,4017,High
ClaritySolutions B,Finance,United Kingdom,2022,2229,Public/Post-IPO,18.0,Increasing,Selective Hiring,Profit,11.16,456,20.48,1773,Low
HarborAnalytics S,Consumer Goods,France,2026,7789,Bootstrapped,0.0,Increasing,Hiring Freeze,Profit,-6.79,1912,24.55,5877,Medium
EmberVentures J,Media & Entertainment,Sweden,2025,2063,Bootstrapped,0.0,Decreasing,Selective Hiring,Profit,-5.82,794,38.5,1269,Medium
CrescentVentures N,Technology,United States,2024,5871,Bootstrapped,0.0,Stable,Active Hiring,Profit,22.56,894,15.22,4977,Low
ApexSoftware,Hospitality,India,2025,2954,Funded,228.9,Stable,Selective Hiring,Profit,14.54,1150,38.92,1804,Low
StellarMotors,Hardware,Brazil,2022,6578,Bootstrapped,0.0,Increasing,Hiring Freeze,Loss,39.6,680,10.33,5898,Low
NimbusSolutions F,Automotive,Israel,2023,162,Funded,19.3,Decreasing,Hiring Freeze,Loss,0.86,9,5.72,153,High
GlacierRobotics W,Logistics,United States,2024,8647,Bootstrapped,0.0,Stable,Hiring Freeze,Profit,12.14,2086,24.12,6561,Low
VertexHealth N,Crypto/Web3,United States,2024,7079,Funded,35.5,Decreasing,Hiring Freeze,Profit,-58.99,5374,75.92,1705,High
EchoWorks,Hardware,United States,2022,597,Bootstrapped,0.0,Stable,Active Hiring,Profit,-1.61,134,22.41,463,Low
FusionTechnologies,Hospitality,Sweden,2023,670,Funded,26.8,Stable,Hiring Freeze,Loss,18.99,260,38.84,410,High
HarborHoldings H,Education,Canada,2023,8336,Bootstrapped,0.0,Stable,Selective Hiring,Profit,44.59,1474,17.68,6862,Low
BeaconRobotics K,Media & Entertainment,Japan,2022,5067,Funded,137.9,Increasing,Hiring Freeze,Profit,-10.25,508,10.03,4559,Low
ClaritySoftware K,Real Estate,United States,2026,6064,Funded,19.3,Increasing,Active Hiring,Profit,9.11,475,7.84,5589,Low
IroncladEnergy,Crypto/Web3,China,2025,7532,Bootstrapped,0.0,Increasing,Active Hiring,Profit,-8.75,124,1.65,7408,Low
VertexEnergy U,Technology,United States,2023,9470,Bootstrapped,0.0,Decreasing,Selective Hiring,Loss,-12.1,4349,45.92,5121,High
AnchorAero L,Finance,United States,2024,7333,Bootstrapped,0.0,Decreasing,Selective Hiring,Loss,19.37,4629,63.12,2704,High
VertexAero W,Finance,United States,2022,5876,Funded,24.4,Decreasing,Selective Hiring,Profit,-11.9,428,7.28,5448,Low
TundraSystems,Consumer Goods,India,2025,4006,Funded,50.2,Decreasing,Hiring Freeze,Loss,-19.99,3178,79.33,828,Medium
VantageLogistics R,Consumer Goods,United States,2023,8514,Bootstrapped,0.0,Increasing,Hiring Freeze,Profit,26.17,2024,23.77,6490,Medium
TerraWorks,Aerospace,United States,2022,6673,Bootstrapped,0.0,Decreasing,Hiring Freeze,Loss,4.89,4248,63.66,2425,Medium
FusionMotors V,Healthcare,France,2024,1915,Bootstrapped,0.0,Stable,Active Hiring,Profit,21.25,180,9.38,1735,Low
HorizonVentures C,Technology,India,2026,7949,Public/Post-IPO,482.8,Increasing,Active Hiring,Profit,20.45,2983,37.53,4966,Low
KeystoneRetail F,Healthcare,Canada,2025,4159,Public/Post-IPO,131.6,Decreasing,Active Hiring,Loss,-10.92,1876,45.11,2283,Low
LumenMotors B,Crypto/Web3,China,2023,2036,Public/Post-IPO,1888.9,Increasing,Hiring Freeze,Profit,17.41,156,7.66,1880,Low
AnchorDigital R,Logistics,India,2025,9892,Public/Post-IPO,98.0,Increasing,Hiring Freeze,Profit,12.39,558,5.64,9334,Low
ForgeMotors,Logistics,China,2022,4786,Funded,10.5,Increasing,Selective Hiring,Profit,15.12,159,3.32,4627,Low
VertexVentures R,Logistics,India,2023,5245,Bootstrapped,0.0,Decreasing,Selective Hiring,Loss,1.3,4460,85.04,785,High
BeaconTechnologies L,Healthcare,China,2023,8214,Bootstrapped,0.0,Stable,Hiring Freeze,Loss,-1.26,544,6.62,7670,High
GlacierSolutions G,Manufacturing,Japan,2022,5422,Bootstrapped,0.0,Increasing,Hiring Freeze,Profit,49.34,689,12.71,4733,Medium
HorizonNetworks,Education,Canada,2022,2334,Public/Post-IPO,45.9,Decreasing,Hiring Freeze,Loss,13.66,1480,63.39,854,Medium
OrbitWorks,Media & Entertainment,Australia,2024,4550,Funded,14.9,Increasing,Hiring Freeze,Profit,23.31,2347,51.58,2203,Medium
ForgeSoftware S,Aerospace,India,2024,2068,Public/Post-IPO,199.8,Decreasing,Active Hiring,Loss,-2.7,610,29.5,1458,High
BrightHealth B,Retail,France,2024,9575,Public/Post-IPO,37.1,Stable,Hiring Freeze,Loss,-8.09,2660,27.78,6915,High
ApexWorks Z,Telecommunications,Canada,2026,4729,Funded,15.3,Increasing,Hiring Freeze,Loss,12.41,1257,26.58,3472,Medium
AnchorSolutions Y,Crypto/Web3,India,2026,6246,Funded,9.1,Stable,Active Hiring,Profit,24.51,219,3.5,6027,Low
EchoBio,Energy,Canada,2022,8192,Public/Post-IPO,248.7,Increasing,Hiring Freeze,Loss,22.54,1430,17.46,6762,High
NimbusNetworks N,Hardware,United States,2025,8578,Bootstrapped,0.0,Decreasing,Selective Hiring,Profit,10.51,3081,35.92,5497,Medium
BeaconHoldings F,Healthcare,France,2023,4226,Public/Post-IPO,90.1,Increasing,Hiring Freeze,Profit,25.32,278,6.57,3948,Low
MeridianRetail,Education,Sweden,2022,9802,Bootstrapped,0.0,Decreasing,Selective Hiring,Profit,7.19,1860,18.98,7942,Low
PioneerWorks H,Consumer Goods,Sweden,2024,7144,Bootstrapped,0.0,Increasing,Selective Hiring,Loss,27.24,903,12.64,6241,Low
TerraMedia S,Biotech,Singapore,2023,2630,Bootstrapped,0.0,Increasing,Active Hiring,Loss,12.53,416,15.82,2214,Low
JasperCapital Q,Automotive,India,2022,4704,Bootstrapped,0.0,Decreasing,Hiring Freeze,Profit,-15.11,2076,44.14,2628,High
QuantumFoods F,Consumer Goods,Germany,2024,8536,Funded,16.7,Increasing,Active Hiring,Loss,49.58,399,4.68,8137,Low
IroncladBio L,Aerospace,Germany,2024,9250,Public/Post-IPO,1682.0,Decreasing,Active Hiring,Loss,3.8,4698,50.79,4552,Low
WaveDynamics,Hardware,United States,2022,1993,Bootstrapped,0.0,Stable,Active Hiring,Loss,-1.99,242,12.15,1751,High
DeltaMedia M,Telecommunications,China,2023,6650,Public/Post-IPO,83.3,Increasing,Active Hiring,Loss,-3.74,3331,50.09,3319,Medium
EchoMedia Y,Automotive,United Kingdom,2022,1307,Bootstrapped,0.0,Decreasing,Selective Hiring,Loss,-15.64,1027,78.59,280,High
ApexGroup S,Hardware,United Kingdom,2024,3726,Public/Post-IPO,308.9,Increasing,Hiring Freeze,Profit,29.92,783,21.02,2943,Low
SummitLabs W,Technology,Netherlands,2023,6820,Funded,54.6,Increasing,Active Hiring,Loss,21.7,974,14.28,5846,Low
MeridianAnalytics R,Crypto/Web3,India,2022,1298,Funded,12.3,Stable,Active Hiring,Loss,-25.39,538,41.48,760,Medium
WaveMedia,Education,United States,2025,7359,Bootstrapped,0.0,Decreasing,Active Hiring,Loss,-16.41,849,11.54,6510,Medium
HorizonDigital G,Media & Entertainment,United States,2026,7703,Bootstrapped,0.0,Increasing,Selective Hiring,Loss,0.75,2162,28.07,5541,Low
HorizonFoods O,Logistics,United States,2026,9876,Public/Post-IPO,157.5,Increasing,Selective Hiring,Loss,17.58,652,6.6,9224,Low
BeaconEnergy D,Media & Entertainment,United States,2022,5052,Funded,5.4,Decreasing,Active Hiring,Loss,48.32,1686,33.38,3366,Medium
QuantumRetail,Healthcare,India,2022,7335,Funded,43.2,Stable,Hiring Freeze,Profit,41.66,316,4.31,7019,Low
ForgeSolutions T,Education,United States,2026,428,Funded,43.1,Stable,Selective Hiring,Loss,23.91,123,28.77,305,Medium
EchoSoftware R,Healthcare,Brazil,2024,341,Funded,16.4,Decreasing,Active Hiring,Loss,5.32,100,29.38,241,High
NimbusDigital C,Crypto/Web3,United States,2022,1899,Funded,4.7,Decreasing,Selective Hiring,Loss,-23.19,335,17.66,1564,Medium
VertexHealth L,Crypto/Web3,United Kingdom,2023,262,Funded,32.5,Decreasing,Active Hiring,Profit,-43.6,66,25.22,196,Low
ApexDynamics,Hardware,Sweden,2022,8385,Public/Post-IPO,1062.3,Increasing,Selective Hiring,Profit,5.54,1048,12.5,7337,Low
DeltaWorks I,Biotech,Israel,2024,4474,Public/Post-IPO,807.4,Increasing,Selective Hiring,Loss,39.2,1983,44.33,2491,High
JasperSolutions K,Logistics,India,2026,2676,Bootstrapped,0.0,Decreasing,Selective Hiring,Loss,-9.41,1022,38.2,1654,High
EmberSystems,Telecommunications,United States,2024,1224,Bootstrapped,0.0,Stable,Hiring Freeze,Profit,-8.42,345,28.21,879,Medium
HarborHealth,Aerospace,United States,2025,6298,Public/Post-IPO,608.4,Increasing,Active Hiring,Profit,26.98,701,11.13,5597,Low
GraniteMotors R,Crypto/Web3,United States,2025,6239,Funded,56.5,Decreasing,Hiring Freeze,Loss,-5.82,293,4.69,5946,Medium
BrightSolutions D,Technology,India,2022,4380,Public/Post-IPO,17.9,Increasing,Selective Hiring,Profit,24.47,198,4.53,4182,Low
MeridianDynamics,Hospitality,United Kingdom,2022,7103,Funded,31.3,Decreasing,Active Hiring,Loss,-31.36,3669,51.66,3434,High
AnchorSoftware M,Education,Israel,2023,6363,Funded,53.4,Decreasing,Active Hiring,Loss,-25.98,1508,23.7,4855,High
VantageSystems A,Telecommunications,United States,2025,2480,Public/Post-IPO,3348.4,Decreasing,Hiring Freeze,Loss,11.75,641,25.86,1839,High
FusionSolutions T,Manufacturing,United Kingdom,2025,578,Public/Post-IPO,2466.4,Stable,Active Hiring,Profit,-5.62,67,11.67,511,Low
CobaltNetworks N,Real Estate,India,2023,3981,Public/Post-IPO,58.6,Stable,Selective Hiring,Profit,8.79,1499,37.66,2482,Medium
NovaRobotics D,Consumer Goods,India,2024,6353,Funded,19.6,Decreasing,Active Hiring,Loss,2.81,966,15.21,5387,High
AnchorDigital,Hardware,Netherlands,2023,3038,Bootstrapped,0.0,Increasing,Active Hiring,Profit,1.35,875,28.79,2163,Low
KeystoneRetail P,Real Estate,Sweden,2024,5156,Bootstrapped,0.0,Decreasing,Selective Hiring,Loss,-3.27,1666,32.31,3490,High
ClarityGroup S,Consumer Goods,Canada,2023,4745,Funded,94.8,Stable,Hiring Freeze,Loss,6.13,2446,51.54,2299,Medium
ForgeAero K,Energy,United States,2023,4710,Funded,15.8,Stable,Hiring Freeze,Profit,10.72,1623,34.46,3087,Low
CrescentFoods X,Media & Entertainment,United States,2026,8349,Funded,27.1,Decreasing,Selective Hiring,Loss,0.48,825,9.88,7524,High
TerraAnalytics,Logistics,China,2023,7963,Bootstrapped,0.0,Increasing,Hiring Freeze,Loss,29.98,4239,53.23,3724,High
FusionHealth L,Energy,Australia,2024,8342,Public/Post-IPO,492.1,Decreasing,Hiring Freeze,Loss,-11.92,787,9.44,7555,Medium
ClarityRobotics P,Consumer Goods,United States,2024,9510,Funded,13.7,Stable,Selective Hiring,Profit,-6.82,677,7.12,8833,Medium
PioneerBio N,Crypto/Web3,China,2023,1410,Funded,33.4,Stable,Selective Hiring,Loss,-4.32,702,49.79,708,Medium
CatalystMotors Z,Crypto/Web3,Canada,2023,8143,Public/Post-IPO,73.3,Decreasing,Selective Hiring,Profit,-22.49,3480,42.73,4663,High
DeltaVentures W,Aerospace,United States,2024,808,Public/Post-IPO,330.2,Increasing,Hiring Freeze,Profit,39.28,36,4.46,772,Low
BeaconTechnologies W,Technology,United States,2023,4031,Bootstrapped,0.0,Stable,Active Hiring,Profit,3.7,160,3.96,3871,Low
StellarMedia U,Automotive,Germany,2026,5435,Bootstrapped,0.0,Decreasing,Active Hiring,Profit,-26.6,773,14.23,4662,Medium
VantageSoftware X,Telecommunications,United States,2022,3241,Public/Post-IPO,147.1,Increasing,Active Hiring,Profit,-2.71,142,4.37,3099,Low
NimbusAero O,Media & Entertainment,United Kingdom,2024,2969,Funded,26.5,Decreasing,Hiring Freeze,Loss,-10.6,273,9.18,2696,High
CatalystDigital Y,Technology,India,2024,8184,Public/Post-IPO,25.5,Stable,Active Hiring,Loss,21.78,2400,29.32,5784,High
ApexEnergy,Automotive,China,2022,6015,Bootstrapped,0.0,Decreasing,Hiring Freeze,Loss,2.5,2422,40.26,3593,Medium
WaveRetail E,Hardware,United States,2023,4721,Funded,65.0,Decreasing,Hiring Freeze,Profit,-28.94,1548,32.79,3173,High
VertexMotors I,Real Estate,United Kingdom,2023,6831,Funded,44.8,Stable,Active Hiring,Loss,-10.2,1171,17.14,5660,High
BrightMedia,Healthcare,United States,2023,1870,Funded,101.5,Increasing,Hiring Freeze,Profit,26.45,102,5.48,1768,Low
ZenithAero,Technology,Canada,2022,2915,Public/Post-IPO,42.6,Increasing,Hiring Freeze,Profit,36.05,441,15.13,2474,Low
WaveSystems L,Logistics,Brazil,2022,3079,Funded,20.1,Decreasing,Active Hiring,Loss,-17.67,1614,52.43,1465,Medium
DeltaAnalytics,Hardware,United States,2022,8980,Funded,4.2,Increasing,Hiring Freeze,Profit,-7.81,2461,27.4,6519,Medium
DriftLogistics M,Manufacturing,Singapore,2023,2929,Bootstrapped,0.0,Stable,Active Hiring,Profit,54.22,277,9.45,2652,Low
NimbusMotors C,Aerospace,United Kingdom,2026,6225,Funded,38.1,Decreasing,Selective Hiring,Loss,-20.67,3636,58.41,2589,High
KeystoneNetworks,Automotive,France,2025,660,Public/Post-IPO,89.8,Increasing,Hiring Freeze,Profit,2.43,296,44.88,364,Low
BeaconHoldings F,Automotive,United States,2022,7817,Funded,65.0,Stable,Active Hiring,Profit,-7.34,2123,27.16,5694,Low
CobaltFoods H,Technology,United States,2024,2682,Funded,0.0,Increasing,Selective Hiring,Loss,35.04,411,15.32,2271,Low
CobaltEnergy O,Finance,United States,2022,9502,Funded,2.9,Decreasing,Selective Hiring,Loss,26.07,4517,47.54,4985,High
AnchorLogistics,Logistics,United States,2023,9291,Bootstrapped,0.0,Increasing,Hiring Freeze,Profit,6.42,450,4.84,8841,Low
SummitWorks,Education,India,2024,2695,Funded,20.8,Increasing,Hiring Freeze,Loss,24.17,417,15.48,2278,Low
ClarityGroup H,Automotive,Israel,2024,784,Bootstrapped,0.0,Increasing,Active Hiring,Loss,7.3,93,11.86,691,Low
ForgeRetail Y,Telecommunications,United States,2024,972,Bootstrapped,0.0,Increasing,Hiring Freeze,Profit,19.4,116,11.92,856,Low
SummitSolutions Q,Consumer Goods,United States,2022,8730,Funded,5.7,Decreasing,Hiring Freeze,Loss,-1.59,1336,15.3,7394,High
ForgeMotors D,Manufacturing,China,2023,1517,Funded,41.2,Decreasing,Hiring Freeze,Profit,-0.67,365,24.09,1152,Low
WaveEnergy H,Finance,Sweden,2023,9076,Bootstrapped,0.0,Stable,Active Hiring,Loss,17.41,541,5.96,8535,Low
PioneerAero X,Consumer Goods,India,2022,2538,Public/Post-IPO,54.8,Stable,Active Hiring,Profit,0.56,490,19.31,2048,Low
HarborIndustries,Telecommunications,Singapore,2023,4196,Bootstrapped,0.0,Stable,Hiring Freeze,Loss,20.92,639,15.23,3557,Low
TerraHealth C,Energy,Canada,2023,4270,Funded,7.9,Decreasing,Active Hiring,Loss,0.9,812,19.02,3458,Medium
GraniteRetail,Crypto/Web3,Israel,2024,3994,Funded,71.9,Increasing,Selective Hiring,Loss,27.56,662,16.57,3332,Medium
SolaceMedia U,Energy,United States,2022,7605,Funded,15.4,Increasing,Hiring Freeze,Profit,9.97,1624,21.35,5981,Low
ZenithAero N,Manufacturing,United Kingdom,2022,7652,Funded,19.0,Increasing,Selective Hiring,Profit,37.49,1155,15.09,6497,Low
JasperMedia,Real Estate,United States,2025,329,Funded,168.9,Decreasing,Hiring Freeze,Profit,11.4,157,47.8,172,High
ZenithWorks,Manufacturing,United States,2023,2982,Funded,33.9,Decreasing,Hiring Freeze,Profit,-33.45,1667,55.9,1315,High
DeltaDynamics A,Hospitality,Singapore,2024,937,Bootstrapped,0.0,Increasing,Hiring Freeze,Loss,12.41,420,44.78,517,High
LumenDigital S,Media & Entertainment,Japan,2025,8168,Public/Post-IPO,765.9,Stable,Hiring Freeze,Loss,8.88,1428,17.48,6740,High
VantageHoldings V,Biotech,United States,2024,5881,Bootstrapped,0.0,Decreasing,Active Hiring,Loss,12.08,2086,35.47,3795,Low
OrbitCapital D,Automotive,United States,2023,3502,Bootstrapped,0.0,Increasing,Selective Hiring,Profit,38.0,640,18.27,2862,Low
HorizonGroup T,Retail,China,2023,2223,Bootstrapped,0.0,Stable,Active Hiring,Profit,22.08,762,34.26,1461,Medium
CobaltRobotics Q,Retail,United States,2022,3618,Bootstrapped,0.0,Decreasing,Active Hiring,Loss,-15.85,1137,31.42,2481,Medium
CascadeHoldings,Aerospace,Germany,2023,3137,Bootstrapped,0.0,Increasing,Hiring Freeze,Profit,16.36,339,10.8,2798,Medium
SummitSystems G,Hardware,United States,2023,6083,Public/Post-IPO,95.7,Increasing,Hiring Freeze,Profit,-0.78,307,5.05,5776,Medium
ApexLogistics J,Biotech,Netherlands,2022,8927,Funded,23.4,Stable,Hiring Freeze,Profit,6.52,765,8.57,8162,Medium
RidgeLogistics J,Aerospace,United States,2023,2292,Public/Post-IPO,28.7,Decreasing,Hiring Freeze,Loss,-4.95,553,24.14,1739,High
GraniteMedia F,Manufacturing,United Kingdom,2022,2885,Bootstrapped,0.0,Increasing,Hiring Freeze,Profit,25.72,225,7.8,2660,Low
SolaceDynamics N,Healthcare,United Kingdom,2025,7937,Public/Post-IPO,51.0,Decreasing,Hiring Freeze,Loss,2.35,6578,82.88,1359,High
IroncladNetworks R,Crypto/Web3,United States,2023,1502,Bootstrapped,0.0,Increasing,Selective Hiring,Loss,34.92,104,6.93,1398,Low
PioneerLabs G,Retail,Germany,2024,8358,Funded,52.7,Increasing,Hiring Freeze,Profit,19.93,1038,12.42,7320,Low
SummitNetworks P,Aerospace,United States,2023,3835,Public/Post-IPO,2420.4,Stable,Hiring Freeze,Loss,-25.07,993,25.9,2842,High
SolaceLabs,Hospitality,France,2022,1022,Bootstrapped,0.0,Increasing,Hiring Freeze,Profit,41.44,250,24.44,772,Low
IroncladAero,Biotech,China,2025,7075,Bootstrapped,0.0,Increasing,Active Hiring,Profit,30.38,1296,18.32,5779,Low
GlacierLogistics G,Technology,China,2026,6027,Public/Post-IPO,196.2,Increasing,Selective Hiring,Profit,28.81,2042,33.88,3985,Low
ForgeHealth,Crypto/Web3,Singapore,2026,9652,Bootstrapped,0.0,Decreasing,Active Hiring,Loss,1.71,66,0.68,9586,Medium
FusionBio B,Manufacturing,Sweden,2025,5439,Funded,134.3,Increasing,Hiring Freeze,Profit,16.6,469,8.63,4970,Low
KeystoneRetail P,Aerospace,India,2023,7261,Bootstrapped,0.0,Decreasing,Active Hiring,Loss,43.06,1056,14.55,6205,High
WaveIndustries U,Crypto/Web3,United States,2024,8999,Funded,39.1,Stable,Hiring Freeze,Profit,-12.69,903,10.04,8096,Low
HorizonWorks,Hospitality,India,2024,254,Funded,5.7,Increasing,Hiring Freeze,Loss,-19.09,198,78.14,56,Medium
TundraSystems P,Hospitality,China,2026,1705,Public/Post-IPO,80.1,Increasing,Active Hiring,Profit,7.05,136,7.97,1569,Low
EmberWorks B,Media & Entertainment,India,2023,7555,Bootstrapped,0.0,Stable,Selective Hiring,Profit,1.61,456,6.03,7099,Low
RidgeSystems S,Retail,United States,2026,6173,Public/Post-IPO,1879.7,Decreasing,Active Hiring,Loss,-45.12,2635,42.68,3538,High
BeaconAero,Education,France,2026,7331,Funded,32.3,Decreasing,Active Hiring,Loss,-14.88,751,10.25,6580,Low
DeltaSystems P,Consumer Goods,United States,2022,3869,Funded,0.0,Decreasing,Selective Hiring,Loss,-39.31,924,23.89,2945,High
CircuitAnalytics,Hospitality,Germany,2023,8689,Funded,14.6,Decreasing,Active Hiring,Loss,-22.12,1613,18.56,7076,High
ClaritySolutions,Energy,United States,2024,6856,Bootstrapped,0.0,Stable,Hiring Freeze,Profit,15.04,1674,24.41,5182,High
VantageRetail C,Hardware,Canada,2024,6456,Public/Post-IPO,14.8,Increasing,Hiring Freeze,Loss,9.59,3691,57.17,2765,High
LumenMotors Y,Hospitality,Poland,2025,7885,Funded,59.8,Decreasing,Selective Hiring,Profit,-43.88,265,3.36,7620,High
SolaceAnalytics Z,Hospitality,United States,2024,6805,Funded,84.5,Increasing,Selective Hiring,Profit,2.66,348,5.11,6457,Low
FusionFoods,Automotive,United States,2023,1497,Bootstrapped,0.0,Decreasing,Hiring Freeze,Profit,-10.17,230,15.38,1267,High
SolaceHoldings B,Automotive,Germany,2022,1759,Public/Post-IPO,31.7,Decreasing,Active Hiring,Profit,17.0,187,10.65,1572,Medium
CatalystRetail N,Hospitality,Australia,2023,259,Bootstrapped,0.0,Increasing,Active Hiring,Profit,22.83,31,11.82,228,Medium
WaveIndustries,Automotive,Netherlands,2022,9033,Bootstrapped,0.0,Increasing,Hiring Freeze,Profit,14.99,4072,45.08,4961,Low
MeridianFoods,Hardware,Brazil,2024,7276,Public/Post-IPO,1668.7,Increasing,Selective Hiring,Profit,-0.69,1152,15.83,6124,Low
BrightAnalytics C,Telecommunications,Poland,2024,6064,Bootstrapped,0.0,Decreasing,Selective Hiring,Loss,-7.7,1647,27.16,4417,High
DeltaHoldings E,Automotive,India,2023,6311,Funded,18.7,Increasing,Selective Hiring,Profit,54.75,1197,18.97,5114,Low
CascadeFoods P,Media & Entertainment,United States,2024,5821,Bootstrapped,0.0,Increasing,Hiring Freeze,Profit,20.12,614,10.54,5207,Low
IroncladDigital G,Crypto/Web3,United Kingdom,2024,394,Public/Post-IPO,225.4,Decreasing,Selective Hiring,Profit,-19.55,290,73.53,104,Medium
ApexGroup,Consumer Goods,Germany,2023,9152,Funded,5.2,Decreasing,Active Hiring,Profit,2.35,2632,28.76,6520,Medium
LumenRetail N,Manufacturing,India,2022,7390,Funded,9.4,Increasing,Hiring Freeze,Profit,19.33,1663,22.51,5727,Low
GlacierBio D,Finance,India,2024,9878,Bootstrapped,0.0,Increasing,Hiring Freeze,Profit,13.03,763,7.72,9115,High
EchoSoftware S,Finance,Singapore,2026,2170,Public/Post-IPO,1291.2,Stable,Active Hiring,Loss,14.0,487,22.43,1683,Low
DeltaWorks K,Biotech,Sweden,2026,4302,Public/Post-IPO,105.8,Increasing,Active Hiring,Profit,8.69,295,6.86,4007,Low
QuantumRetail J,Healthcare,France,2023,3811,Public/Post-IPO,58.6,Increasing,Hiring Freeze,Loss,-0.66,886,23.25,2925,High
QuantumVentures,Media & Entertainment,United States,2025,3422,Bootstrapped,0.0,Increasing,Hiring Freeze,Profit,34.91,1626,47.53,1796,Medium
ForgeDigital F,Crypto/Web3,United States,2022,9125,Funded,43.5,Increasing,Active Hiring,Profit,48.43,1124,12.32,8001,Low
NimbusFoods J,Biotech,Australia,2025,6795,Funded,117.7,Decreasing,Active Hiring,Profit,-9.34,3247,47.78,3548,High
StellarAero,Real Estate,India,2022,6925,Public/Post-IPO,212.4,Stable,Hiring Freeze,Profit,12.02,1977,28.55,4948,Low
NimbusRetail S,Crypto/Web3,Netherlands,2022,1435,Public/Post-IPO,1056.8,Stable,Hiring Freeze,Loss,25.7,790,55.04,645,High
NimbusIndustries E,Healthcare,India,2022,6318,Public/Post-IPO,49.4,Stable,Selective Hiring,Loss,-10.86,2707,42.85,3611,High
VertexCapital,Aerospace,Poland,2023,3889,Public/Post-IPO,1646.0,Stable,Hiring Freeze,Loss,35.78,2147,55.2,1742,High
SummitCapital,Education,United States,2025,6905,Funded,81.0,Decreasing,Active Hiring,Loss,-3.42,2292,33.19,4613,Medium
TundraRobotics V,Finance,Canada,2023,1209,Bootstrapped,0.0,Stable,Selective Hiring,Loss,25.67,259,21.45,950,High
HarborWorks,Automotive,China,2024,6168,Public/Post-IPO,237.2,Increasing,Active Hiring,Profit,3.07,548,8.88,5620,Low
CascadeCapital,Aerospace,United States,2022,3751,Bootstrapped,0.0,Stable,Hiring Freeze,Profit,-31.74,305,8.14,3446,Medium
ZenithSoftware,Retail,Germany,2022,2385,Bootstrapped,0.0,Increasing,Active Hiring,Loss,-28.45,291,12.19,2094,High
JasperSystems I,Healthcare,Canada,2022,3263,Public/Post-IPO,135.6,Decreasing,Selective Hiring,Loss,-5.31,1178,36.1,2085,High
WaveNetworks W,Finance,Canada,2023,122,Public/Post-IPO,32.8,Decreasing,Selective Hiring,Loss,-21.19,37,30.33,85,High
PioneerHealth J,Media & Entertainment,United Kingdom,2023,7747,Funded,45.1,Increasing,Active Hiring,Profit,28.38,1858,23.98,5889,Low
KeystoneHealth T,Biotech,United States,2023,4305,Funded,9.6,Increasing,Selective Hiring,Profit,-14.9,583,13.55,3722,Medium
TundraEnergy F,Finance,Sweden,2023,657,Bootstrapped,0.0,Increasing,Hiring Freeze,Profit,2.75,150,22.84,507,Medium
BeaconTechnologies Q,Education,Germany,2026,1632,Public/Post-IPO,281.7,Increasing,Active Hiring,Profit,57.57,140,8.58,1492,Low
AnchorWorks,Real Estate,Netherlands,2026,3312,Funded,85.7,Stable,Active Hiring,Loss,35.65,1466,44.25,1846,Low
DeltaRobotics S,Telecommunications,Singapore,2023,850,Funded,71.7,Decreasing,Selective Hiring,Profit,9.01,388,45.64,462,High
CatalystDigital,Energy,Brazil,2023,6963,Public/Post-IPO,30.2,Increasing,Hiring Freeze,Profit,3.58,2066,29.67,4897,Medium
DeltaCapital,Finance,Germany,2023,4279,Funded,10.7,Decreasing,Active Hiring,Profit,-9.67,782,18.28,3497,Medium
VantageLabs D,Logistics,China,2023,1879,Funded,29.0,Decreasing,Hiring Freeze,Loss,2.36,718,38.22,1161,High
ClarityMedia U,Biotech,United States,2022,6582,Funded,402.6,Increasing,Hiring Freeze,Profit,4.86,1187,18.04,5395,Low
NovaMotors E,Telecommunications,Brazil,2023,9511,Public/Post-IPO,321.5,Decreasing,Hiring Freeze,Loss,-19.61,5333,56.07,4178,High
VantageMotors Z,Logistics,United States,2022,542,Funded,99.9,Decreasing,Hiring Freeze,Profit,-17.98,212,39.15,330,High
VantageVentures S,Manufacturing,United Kingdom,2022,9546,Funded,31.1,Stable,Hiring Freeze,Loss,12.25,4536,47.52,5010,High
SolaceRobotics I,Hospitality,India,2024,9795,Public/Post-IPO,78.5,Increasing,Hiring Freeze,Loss,8.49,3647,37.23,6148,High
OrbitCapital X,Retail,United States,2025,502,Bootstrapped,0.0,Stable,Hiring Freeze,Profit,-14.53,169,33.71,333,High
TerraBio M,Consumer Goods,United Kingdom,2023,1338,Bootstrapped,0.0,Increasing,Hiring Freeze,Loss,19.89,399,29.8,939,High
StellarGroup P,Hardware,United States,2023,1651,Funded,0.0,Increasing,Active Hiring,Profit,51.23,240,14.55,1411,Low
PioneerBio,Retail,United States,2026,8410,Public/Post-IPO,97.7,Increasing,Active Hiring,Profit,-6.67,960,11.42,7450,Low
TerraLabs S,Logistics,Netherlands,2025,3288,Funded,37.3,Stable,Hiring Freeze,Loss,15.34,2659,80.88,629,High
EmberMedia A,Consumer Goods,Germany,2022,3422,Funded,2.7,Increasing,Active Hiring,Profit,-24.07,1024,29.92,2398,Medium
BeaconMotors P,Education,United States,2023,3523,Bootstrapped,0.0,Stable,Active Hiring,Profit,9.86,237,6.72,3286,Low
MeridianBio V,Media & Entertainment,India,2022,3681,Bootstrapped,0.0,Decreasing,Active Hiring,Loss,-23.57,989,26.87,2692,High
VertexVentures B,Technology,Brazil,2025,1758,Bootstrapped,0.0,Stable,Active Hiring,Profit,17.87,101,5.77,1657,Low
HorizonTechnologies M,Healthcare,France,2026,9929,Public/Post-IPO,87.7,Stable,Active Hiring,Loss,1.41,1277,12.86,8652,High
PioneerGroup W,Manufacturing,United Kingdom,2025,422,Funded,14.0,Increasing,Hiring Freeze,Profit,-7.87,155,36.81,267,Low
ForgeAnalytics W,Manufacturing,United Kingdom,2024,4426,Funded,30.2,Decreasing,Active Hiring,Profit,5.09,1291,29.17,3135,Low
VertexGroup Z,Telecommunications,United States,2024,3190,Bootstrapped,0.0,Increasing,Active Hiring,Profit,38.91,110,3.46,3080,Low
PioneerAero X,Media & Entertainment,Israel,2023,7011,Public/Post-IPO,0.0,Stable,Active Hiring,Profit,-14.0,957,13.65,6054,Low
HorizonTechnologies T,Automotive,United States,2023,7542,Public/Post-IPO,570.7,Decreasing,Hiring Freeze,Profit,-3.04,535,7.09,7007,Medium
VertexMedia,Biotech,United States,2024,1045,Public/Post-IPO,231.7,Decreasing,Active Hiring,Profit,-47.19,329,31.49,716,High
CobaltMotors W,Technology,United States,2025,8349,Public/Post-IPO,47.6,Increasing,Hiring Freeze,Profit,22.03,1045,12.52,7304,Low
VertexVentures R,Healthcare,United States,2023,1530,Funded,2.6,Increasing,Selective Hiring,Profit,12.78,200,13.06,1330,Low
NovaRetail H,Hardware,India,2023,9941,Public/Post-IPO,216.0,Increasing,Hiring Freeze,Profit,14.58,3661,36.83,6280,Medium
ForgeVentures,Consumer Goods,Singapore,2026,8423,Public/Post-IPO,92.6,Decreasing,Active Hiring,Profit,11.91,1851,21.98,6572,Low
CircuitDynamics Y,Media & Entertainment,United States,2022,8305,Funded,11.3,Increasing,Hiring Freeze,Profit,1.62,1816,21.87,6489,Low
DeltaLabs N,Healthcare,Sweden,2022,9536,Bootstrapped,0.0,Decreasing,Selective Hiring,Loss,23.85,5963,62.53,3573,High
WaveRobotics,Technology,Canada,2024,4706,Public/Post-IPO,4560.4,Increasing,Selective Hiring,Profit,7.3,864,18.35,3842,Low
PioneerTechnologies H,Manufacturing,United Kingdom,2024,5538,Bootstrapped,0.0,Stable,Active Hiring,Profit,29.93,532,9.61,5006,Low
DeltaEnergy,Healthcare,India,2024,8662,Funded,14.4,Stable,Hiring Freeze,Loss,-0.63,6293,72.65,2369,Medium
BrightHoldings W,Hardware,United States,2022,2658,Bootstrapped,0.0,Decreasing,Active Hiring,Profit,25.57,429,16.14,2229,Medium
OrbitFoods,Biotech,United States,2025,5517,Funded,15.1,Decreasing,Selective Hiring,Loss,-13.51,2626,47.6,2891,High
LumenTechnologies L,Real Estate,United States,2023,6707,Bootstrapped,0.0,Decreasing,Selective Hiring,Loss,2.74,1445,21.54,5262,Medium
VertexAnalytics,Education,Japan,2023,8455,Funded,15.8,Increasing,Hiring Freeze,Profit,28.52,6549,77.46,1906,Medium
OrbitMotors L,Hospitality,Brazil,2024,5008,Public/Post-IPO,126.7,Increasing,Hiring Freeze,Profit,-17.19,510,10.18,4498,Low
OrbitDigital,Technology,Poland,2022,9470,Public/Post-IPO,61.7,Increasing,Hiring Freeze,Profit,-23.45,3088,32.61,6382,Medium
EmberSoftware K,Hardware,Canada,2023,2137,Public/Post-IPO,336.7,Increasing,Active Hiring,Loss,20.06,737,34.51,1400,Medium
ClarityRobotics U,Telecommunications,India,2023,1550,Bootstrapped,0.0,Increasing,Active Hiring,Profit,24.98,331,21.36,1219,Low
CascadeSystems N,Crypto/Web3,United States,2026,4025,Funded,18.9,Increasing,Selective Hiring,Profit,10.56,308,7.65,3717,Low
SummitWorks,Biotech,Israel,2022,4631,Funded,22.5,Stable,Hiring Freeze,Loss,-16.15,314,6.79,4317,High
OrbitNetworks X,Hospitality,Poland,2022,103,Bootstrapped,0.0,Decreasing,Hiring Freeze,Loss,-10.56,67,65.44,36,High
MeridianIndustries,Aerospace,Sweden,2023,8935,Funded,28.5,Decreasing,Active Hiring,Loss,-5.69,1163,13.02,7772,High
QuantumWorks V,Technology,France,2024,1389,Funded,69.3,Increasing,Hiring Freeze,Profit,1.41,180,12.98,1209,Low
SummitSoftware,Energy,United Kingdom,2024,315,Bootstrapped,0.0,Increasing,Selective Hiring,Profit,2.85,6,2.0,309,Low
GraniteLogistics,Biotech,China,2023,278,Funded,41.5,Increasing,Hiring Freeze,Profit,4.86,45,16.19,233,Low
KeystoneCapital M,Biotech,Canada,2023,3993,Public/Post-IPO,91.2,Increasing,Selective Hiring,Profit,46.07,505,12.65,3488,Low
TerraHealth L,Education,India,2025,8388,Public/Post-IPO,129.0,Decreasing,Selective Hiring,Loss,-35.38,1239,14.77,7149,Medium
OrbitSystems D,Real Estate,India,2023,8408,Public/Post-IPO,215.5,Decreasing,Hiring Freeze,Loss,-7.92,3994,47.5,4414,High
RidgeSystems A,Consumer Goods,United States,2024,7000,Bootstrapped,0.0,Increasing,Selective Hiring,Loss,2.37,1611,23.01,5389,Medium
LumenDigital,Education,Australia,2023,8266,Funded,18.5,Increasing,Hiring Freeze,Loss,13.12,2343,28.35,5923,High
ZenithEnergy T,Technology,United Kingdom,2022,9453,Funded,69.8,Increasing,Selective Hiring,Profit,26.2,2551,26.99,6902,Medium
DriftDigital,Automotive,United States,2026,7714,Public/Post-IPO,876.4,Increasing,Active Hiring,Profit,18.02,422,5.47,7292,Low
TerraBio K,Telecommunications,Brazil,2024,1547,Bootstrapped,0.0,Decreasing,Selective Hiring,Loss,0.83,205,13.27,1342,High
VertexNetworks Y,Automotive,Netherlands,2022,838,Funded,55.7,Decreasing,Hiring Freeze,Loss,19.49,796,95.0,42,Medium
TerraSoftware,Real Estate,United States,2022,9829,Bootstrapped,0.0,Stable,Selective Hiring,Profit,-0.86,739,7.52,9090,Low
DriftAnalytics,Telecommunications,China,2023,6555,Bootstrapped,0.0,Decreasing,Active Hiring,Loss,-4.37,215,3.28,6340,Medium
JasperSoftware,Finance,United Kingdom,2026,3582,Funded,18.0,Decreasing,Hiring Freeze,Profit,-13.61,1030,28.75,2552,Medium
CircuitWorks I,Aerospace,United Kingdom,2022,2315,Public/Post-IPO,104.5,Decreasing,Active Hiring,Loss,-12.44,1808,78.08,507,Medium
MeridianMotors M,Technology,United States,2025,8918,Public/Post-IPO,58.1,Decreasing,Hiring Freeze,Loss,-1.27,7092,79.53,1826,High
ForgeLogistics V,Manufacturing,Germany,2023,5297,Public/Post-IPO,973.6,Increasing,Hiring Freeze,Profit,42.71,931,17.58,4366,Low
VertexSolutions S,Hardware,United States,2024,8154,Public/Post-IPO,74.2,Increasing,Hiring Freeze,Profit,6.4,627,7.69,7527,Low
KeystoneDigital I,Consumer Goods,Sweden,2024,5296,Public/Post-IPO,449.2,Stable,Hiring Freeze,Loss,9.88,1195,22.56,4101,Medium
NimbusSoftware,Retail,Sweden,2023,2982,Bootstrapped,0.0,Decreasing,Hiring Freeze,Loss,-27.99,832,27.9,2150,High
CrescentFoods,Manufacturing,United States,2022,5342,Public/Post-IPO,61.8,Increasing,Hiring Freeze,Profit,27.07,743,13.9,4599,Low
NovaSystems,Automotive,United States,2025,817,Public/Post-IPO,123.5,Increasing,Selective Hiring,Profit,-5.52,98,11.97,719,Low
VantageBio G,Telecommunications,India,2026,4747,Funded,18.5,Increasing,Selective Hiring,Loss,21.26,373,7.85,4374,Low
NimbusAero,Retail,India,2023,1671,Public/Post-IPO,25.4,Decreasing,Active Hiring,Profit,6.24,221,13.23,1450,Low
CobaltAero R,Healthcare,India,2023,3499,Public/Post-IPO,135.1,Decreasing,Active Hiring,Loss,3.07,378,10.79,3121,Medium
OrbitAero Y,Aerospace,Brazil,2022,7324,Public/Post-IPO,35.5,Decreasing,Selective Hiring,Profit,17.31,1344,18.35,5980,Low
VertexDigital P,Manufacturing,France,2022,3607,Public/Post-IPO,66.2,Decreasing,Active Hiring,Loss,-1.02,813,22.55,2794,Low
RidgeMotors,Crypto/Web3,United States,2024,5009,Public/Post-IPO,70.5,Increasing,Hiring Freeze,Profit,7.72,1338,26.71,3671,Low
AnchorHealth H,Automotive,Brazil,2025,9443,Public/Post-IPO,3456.1,Decreasing,Active Hiring,Loss,12.04,2297,24.33,7146,Low
AnchorLogistics,Aerospace,United States,2025,2730,Funded,25.5,Decreasing,Active Hiring,Profit,-19.9,1066,39.03,1664,Medium
VantageIndustries A,Consumer Goods,Canada,2024,1945,Public/Post-IPO,177.2,Stable,Selective Hiring,Profit,31.78,142,7.3,1803,Low
DeltaVentures G,Real Estate,Canada,2022,2452,Bootstrapped,0.0,Stable,Active Hiring,Profit,19.57,303,12.37,2149,Low
CrescentDynamics Q,Consumer Goods,Israel,2026,7808,Bootstrapped,0.0,Increasing,Selective Hiring,Profit,-7.61,2130,27.28,5678,Low
CatalystAero C,Biotech,Germany,2024,801,Bootstrapped,0.0,Decreasing,Active Hiring,Loss,20.94,328,41.0,473,Medium
StellarSolutions G,Technology,Australia,2026,2196,Funded,53.8,Decreasing,Hiring Freeze,Loss,27.45,151,6.87,2045,Medium
BeaconGroup A,Real Estate,United States,2022,3086,Funded,14.1,Decreasing,Hiring Freeze,Profit,-18.32,278,9.02,2808,High
JasperRetail Z,Energy,United States,2022,2647,Public/Post-IPO,22.9,Stable,Hiring Freeze,Profit,-8.21,1984,74.96,663,High
ApexSoftware U,Telecommunications,United States,2023,2733,Public/Post-IPO,165.9,Stable,Active Hiring,Profit,9.87,386,14.12,2347,Medium
TerraTechnologies,Hospitality,Poland,2022,9942,Funded,6.5,Increasing,Hiring Freeze,Profit,15.0,1154,11.61,8788,Low
TundraSolutions,Crypto/Web3,United States,2023,788,Funded,22.1,Increasing,Hiring Freeze,Profit,-27.02,446,56.59,342,High
MeridianDigital C,Telecommunications,India,2025,6110,Public/Post-IPO,60.4,Decreasing,Active Hiring,Loss,-17.62,58,0.95,6052,High
TerraHoldings N,Manufacturing,Israel,2022,4999,Bootstrapped,0.0,Increasing,Selective Hiring,Profit,18.09,491,9.82,4508,Medium
BrightCapital E,Education,Canada,2022,3287,Public/Post-IPO,80.5,Stable,Active Hiring,Profit,3.23,526,16.01,2761,Medium
HorizonSolutions Y,Aerospace,United States,2022,8186,Public/Post-IPO,96.7,Stable,Selective Hiring,Profit,-16.88,3982,48.64,4204,Low
FusionSolutions Z,Biotech,United States,2026,6321,Bootstrapped,0.0,Increasing,Selective Hiring,Profit,19.02,920,14.56,5401,Low
CircuitHealth T,Real Estate,United Kingdom,2023,5202,Bootstrapped,0.0,Decreasing,Active Hiring,Loss,-8.61,1223,23.51,3979,Medium
EchoVentures L,Automotive,Poland,2023,8006,Funded,10.7,Increasing,Active Hiring,Profit,-21.37,1428,17.84,6578,Low
BeaconCapital R,Crypto/Web3,United Kingdom,2024,7118,Public/Post-IPO,76.1,Increasing,Selective Hiring,Profit,22.76,2586,36.33,4532,Low
GlacierHoldings,Media & Entertainment,United Kingdom,2022,5672,Public/Post-IPO,206.4,Increasing,Hiring Freeze,Loss,-4.23,1421,25.05,4251,High
IroncladFoods K,Finance,United States,2023,5797,Funded,21.5,Increasing,Hiring Freeze,Profit,-9.44,1201,20.72,4596,Low
ForgeVentures X,Telecommunications,Japan,2023,5603,Funded,57.9,Increasing,Selective Hiring,Profit,22.17,746,13.31,4857,Low
BrightWorks,Manufacturing,United Kingdom,2022,2131,Public/Post-IPO,58.7,Stable,Selective Hiring,Loss,-28.66,366,17.18,1765,Medium
BeaconRobotics A,Automotive,Israel,2022,646,Public/Post-IPO,142.8,Increasing,Selective Hiring,Profit,24.08,110,17.03,536,Low
CascadeBio,Retail,United States,2023,9468,Public/Post-IPO,211.8,Increasing,Active Hiring,Loss,38.5,2537,26.8,6931,Low
DeltaEnergy W,Education,Poland,2023,7833,Funded,9.1,Stable,Hiring Freeze,Profit,0.28,1650,21.06,6183,Medium
StellarAero K,Media & Entertainment,China,2022,8011,Funded,24.6,Increasing,Selective Hiring,Profit,5.32,706,8.81,7305,Low
ClarityLabs L,Hardware,India,2022,2823,Public/Post-IPO,216.3,Increasing,Active Hiring,Profit,33.43,314,11.13,2509,Low
StellarGroup U,Automotive,United States,2023,834,Bootstrapped,0.0,Increasing,Active Hiring,Loss,24.12,57,6.84,777,Low
DriftLogistics M,Automotive,United States,2023,2397,Funded,7.5,Increasing,Hiring Freeze,Profit,-3.49,1461,60.95,936,Medium
NovaBio K,Manufacturing,United States,2023,257,Public/Post-IPO,20.1,Decreasing,Hiring Freeze,Profit,-19.13,62,24.31,195,High
LumenFoods E,Finance,India,2023,5906,Public/Post-IPO,18.3,Decreasing,Selective Hiring,Profit,-19.24,1249,21.15,4657,Low
DeltaEnergy X,Consumer Goods,Canada,2023,3546,Bootstrapped,0.0,Stable,Hiring Freeze,Profit,-5.21,1543,43.51,2003,High
EchoRobotics G,Logistics,United States,2022,9543,Funded,21.1,Stable,Active Hiring,Profit,-24.39,595,6.24,8948,Low
VantageLabs L,Telecommunications,United States,2022,4754,Bootstrapped,0.0,Decreasing,Active Hiring,Loss,22.37,1549,32.59,3205,Medium
CatalystRobotics,Hardware,Netherlands,2026,8403,Public/Post-IPO,0.0,Stable,Hiring Freeze,Profit,4.23,2555,30.4,5848,Low
KeystoneRetail P,Manufacturing,India,2024,5210,Bootstrapped,0.0,Stable,Active Hiring,Profit,18.07,1495,28.7,3715,Low
HorizonHealth,Retail,United States,2026,3336,Bootstrapped,0.0,Stable,Selective Hiring,Profit,5.08,647,19.4,2689,Low
ForgeDynamics J,Telecommunications,Germany,2023,3599,Public/Post-IPO,103.8,Increasing,Active Hiring,Profit,17.37,343,9.54,3256,Low
DeltaEnergy S,Healthcare,Israel,2024,4567,Public/Post-IPO,349.3,Decreasing,Hiring Freeze,Profit,-12.23,2791,61.12,1776,High
CobaltEnergy,Retail,United States,2022,7693,Bootstrapped,0.0,Increasing,Hiring Freeze,Profit,44.61,5301,68.91,2392,Low
AnchorRetail V,Retail,Singapore,2023,5290,Public/Post-IPO,152.2,Increasing,Hiring Freeze,Profit,37.49,573,10.83,4717,Low
SummitDigital U,Crypto/Web3,Sweden,2022,1014,Funded,16.2,Increasing,Active Hiring,Profit,15.65,16,1.61,998,Low
ClarityBio U,Crypto/Web3,Brazil,2022,2640,Bootstrapped,0.0,Increasing,Active Hiring,Loss,-20.85,734,27.79,1906,Low
TundraHoldings K,Retail,Germany,2022,4177,Public/Post-IPO,17.2,Decreasing,Active Hiring,Loss,14.15,1571,37.62,2606,High
BeaconDynamics,Finance,Singapore,2023,2442,Public/Post-IPO,82.1,Stable,Hiring Freeze,Loss,-12.73,238,9.73,2204,Medium
WaveHealth W,Technology,China,2024,8052,Public/Post-IPO,2815.8,Decreasing,Active Hiring,Loss,-4.4,2660,33.03,5392,High
EmberBio N,Media & Entertainment,Israel,2026,9380,Bootstrapped,0.0,Decreasing,Active Hiring,Loss,-11.41,8240,87.85,1140,High
OrbitWorks Z,Telecommunications,Germany,2023,1889,Funded,47.2,Decreasing,Hiring Freeze,Loss,-7.59,1009,53.39,880,High
GlacierNetworks V,Healthcare,Australia,2023,2444,Funded,155.1,Stable,Selective Hiring,Loss,29.86,214,8.76,2230,High
CrescentVentures W,Logistics,Sweden,2025,9172,Bootstrapped,0.0,Decreasing,Selective Hiring,Loss,5.34,650,7.09,8522,Low
LumenHealth J,Media & Entertainment,India,2024,2857,Public/Post-IPO,181.6,Increasing,Selective Hiring,Profit,32.04,648,22.69,2209,Low
NimbusLogistics,Hospitality,United States,2024,3884,Bootstrapped,0.0,Increasing,Active Hiring,Profit,-3.95,147,3.79,3737,Low
GlacierLabs I,Hardware,Singapore,2022,4096,Funded,9.1,Increasing,Active Hiring,Profit,46.67,333,8.14,3763,Low
CatalystRetail N,Aerospace,Germany,2022,783,Funded,18.8,Stable,Hiring Freeze,Profit,3.1,527,67.35,256,Medium
ZenithWorks J,Media & Entertainment,United States,2024,3516,Bootstrapped,0.0,Decreasing,Active Hiring,Loss,11.51,265,7.53,3251,Low
CircuitRetail,Finance,Australia,2026,6415,Bootstrapped,0.0,Increasing,Active Hiring,Profit,14.99,1223,19.07,5192,Low
TundraRobotics V,Automotive,Germany,2025,5697,Public/Post-IPO,157.3,Decreasing,Hiring Freeze,Loss,12.19,1611,28.28,4086,High
VantageLabs Y,Healthcare,India,2024,9236,Funded,214.7,Increasing,Active Hiring,Profit,24.67,2627,28.44,6609,Low
CircuitEnergy L,Hospitality,Canada,2025,6877,Funded,28.4,Increasing,Active Hiring,Profit,-6.82,1364,19.83,5513,Low
EchoNetworks,Crypto/Web3,United Kingdom,2023,820,Bootstrapped,0.0,Stable,Selective Hiring,Profit,26.09,297,36.24,523,Medium
EmberHoldings U,Retail,Japan,2023,9009,Public/Post-IPO,925.6,Decreasing,Selective Hiring,Loss,-7.2,3681,40.86,5328,Medium
ForgeLogistics V,Finance,United States,2026,4711,Funded,9.1,Increasing,Hiring Freeze,Loss,-5.91,2905,61.66,1806,Medium
GraniteRetail D,Automotive,United Kingdom,2025,3135,Bootstrapped,0.0,Decreasing,Hiring Freeze,Loss,-5.3,1861,59.37,1274,High
KeystoneDynamics N,Telecommunications,China,2022,5785,Bootstrapped,0.0,Stable,Active Hiring,Profit,41.99,2162,37.38,3623,Low
IroncladRetail P,Biotech,France,2026,6118,Funded,53.2,Increasing,Hiring Freeze,Loss,-9.95,4424,72.31,1694,High
QuantumFoods F,Energy,Canada,2022,1292,Funded,24.0,Stable,Active Hiring,Profit,29.2,608,47.09,684,Low
VantageCapital H,Logistics,United Kingdom,2022,4330,Funded,44.6,Decreasing,Active Hiring,Loss,4.08,2194,50.67,2136,Medium
WaveBio,Hospitality,France,2022,7529,Funded,12.8,Increasing,Active Hiring,Profit,-8.62,2648,35.17,4881,Low
IroncladBio L,Technology,United States,2024,540,Public/Post-IPO,48.6,Increasing,Active Hiring,Loss,18.6,144,26.75,396,Low
EchoAnalytics R,Hardware,Japan,2025,7265,Public/Post-IPO,326.0,Stable,Active Hiring,Profit,23.33,483,6.65,6782,Low
StellarNetworks,Aerospace,Brazil,2022,8973,Funded,22.4,Increasing,Active Hiring,Profit,13.2,2407,26.83,6566,Low
PioneerFoods Y,Hospitality,United Kingdom,2024,3352,Public/Post-IPO,324.9,Stable,Hiring Freeze,Profit,12.93,742,22.14,2610,Low
GlacierTechnologies M,Aerospace,Israel,2024,936,Public/Post-IPO,338.9,Stable,Selective Hiring,Profit,-19.78,45,4.85,891,Medium
SolaceTechnologies,Hardware,United States,2022,9185,Funded,118.4,Stable,Hiring Freeze,Loss,-15.94,660,7.19,8525,Medium
CobaltDigital P,Biotech,India,2024,2802,Bootstrapped,0.0,Increasing,Selective Hiring,Profit,9.13,597,21.3,2205,Low
RidgeRobotics,Hospitality,United States,2022,7965,Bootstrapped,0.0,Increasing,Hiring Freeze,Profit,-6.09,1294,16.24,6671,Low
GlacierRobotics H,Technology,United States,2022,9211,Public/Post-IPO,211.4,Increasing,Active Hiring,Profit,24.83,249,2.7,8962,Low
KeystoneRetail P,Education,United States,2025,3411,Public/Post-IPO,40.0,Stable,Hiring Freeze,Profit,8.63,887,26.01,2524,Medium
StellarLogistics F,Technology,United Kingdom,2023,4185,Bootstrapped,0.0,Decreasing,Selective Hiring,Profit,3.75,334,7.99,3851,High
CrescentIndustries R,Hospitality,Germany,2023,6080,Public/Post-IPO,514.0,Increasing,Selective Hiring,Loss,29.83,990,16.29,5090,Medium
PioneerHealth B,Energy,United States,2025,2865,Bootstrapped,0.0,Stable,Active Hiring,Profit,23.4,570,19.88,2295,Low
WaveHealth T,Automotive,Japan,2024,3420,Bootstrapped,0.0,Increasing,Active Hiring,Loss,-3.17,254,7.42,3166,Low
WaveMedia,Logistics,United States,2022,2332,Bootstrapped,0.0,Stable,Selective Hiring,Profit,-13.6,110,4.71,2222,Low
CircuitRetail D,Retail,Israel,2023,7120,Public/Post-IPO,12.7,Increasing,Selective Hiring,Profit,-5.6,612,8.59,6508,Low
JasperLogistics V,Education,France,2023,710,Funded,14.5,Increasing,Selective Hiring,Profit,12.23,526,74.08,184,Low
SummitNetworks C,Consumer Goods,United Kingdom,2025,8891,Funded,46.1,Decreasing,Selective Hiring,Loss,12.25,2364,26.59,6527,Medium
OrbitMotors L,Technology,India,2025,9955,Bootstrapped,0.0,Decreasing,Selective Hiring,Profit,26.54,4031,40.49,5924,Medium
CrescentHealth L,Consumer Goods,United States,2025,4175,Public/Post-IPO,65.3,Decreasing,Active Hiring,Profit,-2.48,519,12.42,3656,Low
PioneerLabs G,Automotive,United States,2023,5866,Funded,5.7,Decreasing,Active Hiring,Loss,-31.52,2525,43.04,3341,High
SolaceAnalytics Z,Manufacturing,India,2025,9226,Public/Post-IPO,0.0,Increasing,Hiring Freeze,Loss,38.18,817,8.85,8409,Low
FusionSolutions,Media & Entertainment,United Kingdom,2022,5265,Public/Post-IPO,24.7,Increasing,Hiring Freeze,Profit,6.77,489,9.29,4776,Low
HorizonDigital X,Consumer Goods,Singapore,2023,4804,Funded,13.6,Increasing,Active Hiring,Loss,32.81,1986,41.34,2818,Medium
CascadeLogistics V,Biotech,China,2022,4076,Bootstrapped,0.0,Decreasing,Hiring Freeze,Profit,1.83,721,17.68,3355,High
HorizonBio T,Education,United Kingdom,2026,3750,Public/Post-IPO,760.5,Increasing,Selective Hiring,Profit,-0.15,585,15.61,3165,Low
CircuitCapital,Finance,China,2026,6279,Funded,22.5,Decreasing,Hiring Freeze,Loss,-8.61,3428,54.59,2851,High
CascadeBio U,Media & Entertainment,India,2022,7869,Funded,14.2,Decreasing,Selective Hiring,Profit,46.38,1575,20.01,6294,Low
RidgeAnalytics W,Hardware,Poland,2024,5253,Bootstrapped,0.0,Stable,Active Hiring,Profit,19.16,552,10.51,4701,Low
ApexVentures D,Manufacturing,India,2024,2063,Public/Post-IPO,40.3,Increasing,Hiring Freeze,Profit,16.31,48,2.31,2015,Low
BeaconVentures U,Real Estate,United States,2025,3606,Public/Post-IPO,52.4,Decreasing,Active Hiring,Profit,-7.2,528,14.65,3078,Medium
CobaltDigital J,Healthcare,China,2022,242,Bootstrapped,0.0,Decreasing,Selective Hiring,Loss,-31.52,55,22.73,187,Medium
MeridianHoldings W,Healthcare,Japan,2023,4362,Public/Post-IPO,10.6,Increasing,Active Hiring,Loss,15.28,1009,23.14,3353,Low
DriftVentures H,Consumer Goods,United States,2022,3681,Funded,35.8,Increasing,Selective Hiring,Profit,-2.97,1100,29.87,2581,Medium
MeridianCapital X,Real Estate,Israel,2023,7803,Funded,3.6,Stable,Hiring Freeze,Loss,12.35,2623,33.62,5180,High
GlacierGroup W,Education,United States,2022,8763,Funded,48.2,Stable,Active Hiring,Profit,4.05,690,7.87,8073,Low
BrightTechnologies T,Manufacturing,India,2025,3650,Public/Post-IPO,38.0,Decreasing,Selective Hiring,Loss,-1.91,1551,42.49,2099,High
SummitSolutions,Biotech,Israel,2025,8555,Funded,6.3,Stable,Hiring Freeze,Loss,12.88,4447,51.98,4108,High
NimbusGroup,Technology,Australia,2024,4288,Bootstrapped,0.0,Increasing,Hiring Freeze,Loss,40.22,395,9.21,3893,Medium
EchoAnalytics G,Telecommunications,Canada,2026,6249,Funded,66.5,Increasing,Hiring Freeze,Profit,21.61,318,5.09,5931,Medium
AnchorBio Y,Manufacturing,Canada,2022,3756,Funded,10.3,Increasing,Selective Hiring,Profit,-11.15,728,19.38,3028,Low
SummitHealth,Manufacturing,India,2026,5490,Funded,7.9,Stable,Selective Hiring,Loss,24.34,1140,20.76,4350,Low
TundraAero,Aerospace,Netherlands,2024,1835,Funded,32.0,Stable,Hiring Freeze,Loss,18.19,409,22.29,1426,Low
PioneerCapital S,Aerospace,Brazil,2026,5330,Bootstrapped,0.0,Stable,Active Hiring,Profit,14.89,1052,19.74,4278,Low
StellarDynamics O,Media & Entertainment,China,2024,1480,Public/Post-IPO,349.2,Decreasing,Hiring Freeze,Loss,-42.55,444,30.03,1036,High
StellarRobotics,Telecommunications,United States,2022,7553,Funded,40.1,Decreasing,Hiring Freeze,Loss,-11.58,2551,33.77,5002,High
VantageMotors Z,Automotive,Sweden,2022,7432,Bootstrapped,0.0,Increasing,Selective Hiring,Profit,-9.07,4056,54.57,3376,Medium
VertexEnergy H,Technology,China,2023,9589,Public/Post-IPO,31.4,Increasing,Active Hiring,Profit,54.3,1084,11.3,8505,Low
VertexNetworks U,Biotech,India,2023,7388,Public/Post-IPO,28.1,Increasing,Hiring Freeze,Profit,30.66,488,6.6,6900,Medium
SolaceSoftware J,Consumer Goods,India,2022,2254,Bootstrapped,0.0,Decreasing,Active Hiring,Loss,-4.91,279,12.36,1975,Medium
SolaceSoftware W,Healthcare,China,2022,8651,Funded,23.4,Increasing,Selective Hiring,Profit,6.38,459,5.3,8192,Low
LumenAero,Biotech,United States,2023,2996,Funded,112.8,Stable,Hiring Freeze,Loss,-1.31,1634,54.53,1362,High
NimbusDynamics P,Automotive,Australia,2025,9033,Funded,8.9,Increasing,Hiring Freeze,Profit,32.67,1775,19.65,7258,Medium
BrightSolutions P,Logistics,Sweden,2023,1738,Public/Post-IPO,176.7,Stable,Active Hiring,Profit,4.63,175,10.06,1563,Low
CascadeLogistics V,Energy,Singapore,2022,6278,Bootstrapped,0.0,Increasing,Active Hiring,Loss,23.18,1463,23.3,4815,Low
CascadeSoftware,Logistics,Germany,2024,3430,Funded,13.3,Decreasing,Hiring Freeze,Profit,6.15,2160,62.98,1270,High
CircuitRobotics,Healthcare,United States,2023,1405,Funded,53.2,Increasing,Active Hiring,Profit,13.64,202,14.39,1203,Low
HorizonLabs O,Automotive,United States,2026,2901,Public/Post-IPO,192.7,Decreasing,Active Hiring,Loss,-7.37,1875,64.65,1026,High
VertexRetail R,Healthcare,United States,2023,1102,Public/Post-IPO,118.2,Stable,Active Hiring,Loss,1.88,424,38.44,678,High
SummitLabs,Real Estate,China,2023,7176,Public/Post-IPO,207.2,Stable,Active Hiring,Profit,4.43,1522,21.21,5654,Low
CobaltSolutions Q,Real Estate,Singapore,2022,1506,Public/Post-IPO,501.5,Decreasing,Active Hiring,Loss,-23.97,386,25.65,1120,Medium
JasperEnergy,Biotech,United States,2024,5717,Funded,0.0,Decreasing,Hiring Freeze,Loss,-9.98,2562,44.81,3155,High
RidgeRobotics X,Hospitality,United States,2022,5252,Public/Post-IPO,0.0,Decreasing,Active Hiring,Loss,-7.2,941,17.91,4311,Medium
IroncladCapital W,Energy,Japan,2026,2094,Public/Post-IPO,350.3,Stable,Hiring Freeze,Profit,1.36,213,10.17,1881,Medium
SummitMotors J,Hardware,Israel,2022,2430,Funded,18.3,Decreasing,Hiring Freeze,Loss,-23.44,502,20.66,1928,High
NovaLogistics G,Energy,Japan,2022,5922,Bootstrapped,0.0,Decreasing,Selective Hiring,Loss,-15.66,4479,75.64,1443,High
ClarityDigital D,Healthcare,United States,2022,6198,Funded,25.9,Decreasing,Active Hiring,Loss,-38.52,3774,60.89,2424,High
TundraSystems,Healthcare,United States,2022,3385,Funded,18.2,Increasing,Hiring Freeze,Profit,24.74,1996,58.96,1389,High
DriftLogistics G,Healthcare,Netherlands,2022,2465,Funded,119.4,Increasing,Selective Hiring,Profit,-6.96,1423,57.74,1042,Low
ForgeRobotics R,Education,United States,2022,2545,Funded,61.2,Decreasing,Hiring Freeze,Profit,-1.27,1890,74.25,655,High
NimbusRetail Z,Real Estate,United States,2023,6031,Public/Post-IPO,62.5,Increasing,Selective Hiring,Profit,-9.09,1909,31.66,4122,Low
DriftMedia,Manufacturing,United States,2022,1519,Public/Post-IPO,447.9,Increasing,Selective Hiring,Profit,17.95,140,9.23,1379,Low
MeridianDynamics M,Real Estate,China,2024,6722,Bootstrapped,0.0,Decreasing,Selective Hiring,Loss,14.85,1172,17.43,5550,High
HorizonAnalytics E,Real Estate,India,2024,3402,Bootstrapped,0.0,Increasing,Active Hiring,Profit,19.39,230,6.76,3172,Low
FusionMotors U,Retail,United States,2022,6754,Public/Post-IPO,501.0,Decreasing,Hiring Freeze,Loss,-11.76,3426,50.72,3328,High
ForgeAero,Technology,Germany,2023,2523,Bootstrapped,0.0,Decreasing,Selective Hiring,Profit,12.42,398,15.78,2125,Low
VantageMedia X,Biotech,China,2022,2536,Public/Post-IPO,111.3,Decreasing,Hiring Freeze,Profit,3.05,1319,52.0,1217,High
TerraIndustries F,Energy,Germany,2023,2080,Bootstrapped,0.0,Stable,Selective Hiring,Loss,17.09,357,17.17,1723,Medium
CrescentSoftware Y,Manufacturing,India,2023,3414,Funded,9.0,Stable,Active Hiring,Profit,26.54,283,8.29,3131,Low
HarborVentures H,Aerospace,United States,2025,4614,Public/Post-IPO,177.0,Stable,Active Hiring,Loss,2.08,2037,44.15,2577,High
ForgeSolutions T,Hospitality,United States,2023,6471,Bootstrapped,0.0,Stable,Active Hiring,Profit,-11.55,1119,17.29,5352,Low
IroncladSoftware,Real Estate,Japan,2026,9627,Funded,7.9,Decreasing,Active Hiring,Loss,-33.99,3326,34.55,6301,High
DriftGroup A,Finance,United States,2024,1740,Public/Post-IPO,313.4,Stable,Hiring Freeze,Profit,0.43,780,44.81,960,Low
BeaconHealth B,Aerospace,Sweden,2022,8451,Funded,10.5,Stable,Hiring Freeze,Profit,17.55,2661,31.49,5790,Medium
CobaltAero O,Consumer Goods,Canada,2025,7930,Public/Post-IPO,67.5,Increasing,Hiring Freeze,Loss,30.57,1182,14.91,6748,Medium
WaveDynamics U,Manufacturing,United States,2023,2665,Bootstrapped,0.0,Increasing,Hiring Freeze,Profit,51.99,361,13.53,2304,Medium
ZenithSystems B,Healthcare,Singapore,2022,1720,Funded,4.4,Increasing,Active Hiring,Profit,17.61,94,5.48,1626,Low
TundraAero,Media & Entertainment,United States,2026,3890,Public/Post-IPO,41.3,Decreasing,Hiring Freeze,Loss,8.31,782,20.1,3108,High
IroncladHoldings B,Hardware,United States,2024,766,Public/Post-IPO,21.5,Decreasing,Hiring Freeze,Profit,-12.12,52,6.79,714,Low
ZenithAnalytics C,Education,United States,2026,1458,Funded,40.8,Stable,Selective Hiring,Profit,-7.28,567,38.91,891,High
CrescentEnergy K,Manufacturing,France,2025,2896,Public/Post-IPO,366.2,Stable,Hiring Freeze,Profit,9.56,233,8.05,2663,Low
StellarAnalytics,Technology,United Kingdom,2023,9254,Funded,11.0,Increasing,Active Hiring,Profit,7.37,1321,14.27,7933,Low
KeystoneMotors,Manufacturing,United States,2023,1809,Bootstrapped,0.0,Decreasing,Hiring Freeze,Loss,15.73,759,41.93,1050,High
RidgeMotors Y,Automotive,United States,2026,8448,Public/Post-IPO,148.5,Increasing,Selective Hiring,Loss,35.28,808,9.57,7640,Low
TundraMotors W,Finance,United States,2023,1004,Public/Post-IPO,110.2,Increasing,Selective Hiring,Profit,-1.57,351,34.95,653,High
JasperGroup Y,Technology,Germany,2024,9372,Public/Post-IPO,342.0,Increasing,Hiring Freeze,Profit,35.51,1679,17.91,7693,Low
NimbusIndustries E,Media & Entertainment,Israel,2022,5056,Funded,8.9,Increasing,Selective Hiring,Profit,-13.54,2986,59.05,2070,High
NimbusTechnologies U,Hardware,United States,2022,8025,Public/Post-IPO,278.8,Stable,Hiring Freeze,Profit,-4.44,2633,32.81,5392,Medium
PioneerSolutions S,Telecommunications,United States,2024,9930,Public/Post-IPO,582.6,Increasing,Hiring Freeze,Profit,9.09,4293,43.23,5637,High
HorizonVentures L,Aerospace,Canada,2024,4095,Funded,8.7,Decreasing,Active Hiring,Loss,34.21,1190,29.05,2905,Low
TundraMedia L,Education,United States,2026,2436,Funded,148.1,Decreasing,Hiring Freeze,Profit,-33.39,662,27.18,1774,High
BrightCapital E,Consumer Goods,Australia,2023,6703,Bootstrapped,0.0,Increasing,Hiring Freeze,Profit,38.48,955,14.25,5748,Low
ClarityRobotics,Telecommunications,United States,2022,865,Public/Post-IPO,584.6,Increasing,Active Hiring,Profit,73.34,29,3.33,836,Low
NimbusNetworks N,Hospitality,Singapore,2022,4294,Public/Post-IPO,295.1,Decreasing,Hiring Freeze,Loss,-32.83,455,10.6,3839,High
StellarHealth,Manufacturing,India,2024,8486,Public/Post-IPO,151.2,Decreasing,Hiring Freeze,Loss,7.44,7295,85.96,1191,High
StellarAnalytics A,Hospitality,India,2024,7761,Funded,146.8,Decreasing,Active Hiring,Loss,-31.55,6724,86.64,1037,High
PioneerHoldings J,Aerospace,Sweden,2024,3783,Funded,3.4,Increasing,Active Hiring,Profit,10.41,1050,27.75,2733,Low
HarborMedia,Telecommunications,United States,2026,3616,Bootstrapped,0.0,Increasing,Active Hiring,Profit,-7.65,842,23.28,2774,Low
LumenSystems V,Energy,United States,2023,5959,Bootstrapped,0.0,Decreasing,Hiring Freeze,Loss,2.48,3090,51.86,2869,High
ForgeAero R,Biotech,United States,2023,7653,Public/Post-IPO,918.0,Increasing,Hiring Freeze,Profit,-9.58,1093,14.28,6560,Low
CascadeCapital,Crypto/Web3,Israel,2026,436,Bootstrapped,0.0,Stable,Hiring Freeze,Profit,11.0,257,58.99,179,High
EmberSoftware K,Consumer Goods,Germany,2023,9945,Public/Post-IPO,16.4,Stable,Active Hiring,Profit,12.29,354,3.56,9591,Low
SummitEnergy,Crypto/Web3,Canada,2024,9417,Public/Post-IPO,1186.0,Decreasing,Active Hiring,Loss,27.65,2238,23.77,7179,Medium
BrightCapital P,Finance,Israel,2022,5891,Bootstrapped,0.0,Stable,Active Hiring,Loss,29.33,555,9.42,5336,Low
ZenithHealth U,Education,United States,2025,9829,Public/Post-IPO,318.1,Increasing,Hiring Freeze,Profit,48.55,580,5.9,9249,Low
JasperMedia B,Healthcare,Brazil,2025,8911,Public/Post-IPO,337.0,Decreasing,Active Hiring,Loss,-3.3,3226,36.2,5685,High
KeystoneTechnologies S,Hospitality,United States,2026,633,Bootstrapped,0.0,Stable,Active Hiring,Profit,28.44,92,14.47,541,Low
QuantumRobotics V,Retail,Canada,2023,6779,Public/Post-IPO,113.8,Stable,Active Hiring,Loss,32.63,1340,19.77,5439,Low
TerraLabs Y,Consumer Goods,Sweden,2022,7322,Funded,72.0,Decreasing,Active Hiring,Profit,15.41,1992,27.2,5330,Low
HarborIndustries,Media & Entertainment,United States,2023,3550,Public/Post-IPO,71.8,Decreasing,Active Hiring,Profit,14.55,2228,62.76,1322,High
PioneerTechnologies E,Manufacturing,Singapore,2025,8604,Bootstrapped,0.0,Decreasing,Selective Hiring,Loss,21.11,1911,22.21,6693,Medium
ForgeRetail,Education,Brazil,2023,4598,Bootstrapped,0.0,Stable,Selective Hiring,Profit,12.47,599,13.02,3999,Low
DeltaLogistics I,Finance,United States,2025,678,Funded,41.3,Increasing,Hiring Freeze,Profit,51.91,252,37.17,426,Low
CatalystLogistics,Energy,United States,2023,2865,Funded,2.6,Decreasing,Hiring Freeze,Profit,4.59,673,23.49,2192,High
BeaconAnalytics D,Telecommunications,India,2024,7925,Bootstrapped,0.0,Stable,Hiring Freeze,Profit,-0.17,2483,31.33,5442,Medium
DriftBio O,Manufacturing,China,2023,1312,Funded,4.8,Stable,Hiring Freeze,Profit,14.55,110,8.36,1202,Low
VertexIndustries Y,Hardware,Germany,2022,2285,Bootstrapped,0.0,Stable,Hiring Freeze,Loss,18.45,846,37.01,1439,High
DriftGroup Y,Telecommunications,United States,2024,3258,Public/Post-IPO,1573.4,Increasing,Selective Hiring,Profit,-0.21,772,23.71,2486,High
EchoLogistics L,Media & Entertainment,Canada,2022,5295,Funded,21.0,Decreasing,Selective Hiring,Profit,-19.74,815,15.4,4480,Medium
StellarAnalytics,Logistics,United States,2026,8453,Public/Post-IPO,207.3,Stable,Selective Hiring,Profit,-7.26,568,6.72,7885,Medium
EchoIndustries,Automotive,France,2024,7896,Funded,35.0,Decreasing,Active Hiring,Loss,-7.35,1961,24.84,5935,High
QuantumDigital,Logistics,Netherlands,2026,1215,Bootstrapped,0.0,Increasing,Selective Hiring,Profit,33.08,170,13.99,1045,Low
AnchorDigital Z,Consumer Goods,United States,2023,7763,Bootstrapped,0.0,Stable,Hiring Freeze,Loss,-6.27,1580,20.35,6183,High
CrescentTechnologies N,Technology,United States,2023,3323,Funded,7.4,Increasing,Selective Hiring,Profit,-0.46,174,5.23,3149,Low
BeaconHoldings F,Biotech,United States,2023,363,Bootstrapped,0.0,Increasing,Hiring Freeze,Loss,3.69,340,93.54,23,High
RidgeHoldings Q,Real Estate,United States,2024,5812,Bootstrapped,0.0,Stable,Active Hiring,Profit,-6.58,767,13.2,5045,Low
WaveFoods,Finance,United States,2023,6641,Public/Post-IPO,39.4,Increasing,Selective Hiring,Profit,6.92,1055,15.89,5586,Low
DeltaCapital,Media & Entertainment,India,2025,8145,Bootstrapped,0.0,Decreasing,Active Hiring,Profit,-24.12,1156,14.19,6989,Low
VertexLogistics Z,Logistics,China,2025,6708,Public/Post-IPO,153.5,Increasing,Active Hiring,Profit,-9.94,217,3.23,6491,Low
ApexEnergy D,Crypto/Web3,Brazil,2022,3959,Funded,1.3,Decreasing,Active Hiring,Loss,-7.14,209,5.29,3750,Medium
CascadeRobotics S,Retail,United States,2023,3645,Funded,0.0,Stable,Active Hiring,Loss,25.39,503,13.81,3142,Low
CrescentSolutions,Biotech,China,2025,9915,Funded,0.0,Decreasing,Active Hiring,Loss,-37.1,2173,21.92,7742,High
HarborAnalytics L,Consumer Goods,India,2023,7291,Funded,11.0,Increasing,Hiring Freeze,Profit,3.33,677,9.28,6614,Low
TundraWorks E,Education,United States,2025,6121,Bootstrapped,0.0,Increasing,Selective Hiring,Profit,28.55,596,9.73,5525,Low
KeystoneSolutions C,Real Estate,United Kingdom,2023,1978,Funded,5.9,Increasing,Selective Hiring,Profit,40.73,40,2.01,1938,Low
StellarRobotics,Crypto/Web3,United States,2023,7079,Bootstrapped,0.0,Stable,Hiring Freeze,Loss,48.05,526,7.43,6553,Low
DeltaFoods E,Education,Germany,2024,5467,Bootstrapped,0.0,Increasing,Active Hiring,Profit,36.07,1108,20.26,4359,Low
GlacierFoods,Healthcare,United States,2025,1930,Public/Post-IPO,34.8,Decreasing,Active Hiring,Loss,-10.98,1284,66.55,646,High
FusionNetworks,Healthcare,France,2026,5903,Public/Post-IPO,10.7,Decreasing,Selective Hiring,Loss,-21.95,1672,28.32,4231,High
JasperAero L,Technology,Germany,2023,6358,Funded,12.3,Stable,Selective Hiring,Profit,46.78,773,12.16,5585,Low
EchoIndustries,Crypto/Web3,United States,2024,3851,Bootstrapped,0.0,Increasing,Hiring Freeze,Profit,-5.51,2095,54.4,1756,High
MeridianCapital,Finance,India,2026,1529,Funded,41.0,Increasing,Selective Hiring,Profit,20.21,205,13.44,1324,Medium
PioneerNetworks O,Crypto/Web3,United States,2024,7200,Bootstrapped,0.0,Decreasing,Active Hiring,Loss,-21.84,4086,56.75,3114,High
KeystoneRetail,Telecommunications,Singapore,2022,1405,Bootstrapped,0.0,Increasing,Hiring Freeze,Loss,6.28,407,28.94,998,Medium
DeltaEnergy W,Automotive,Germany,2023,4753,Public/Post-IPO,16.9,Stable,Hiring Freeze,Profit,14.16,1201,25.27,3552,Low
VantageWorks D,Biotech,Sweden,2024,7511,Funded,20.3,Decreasing,Selective Hiring,Profit,-37.38,257,3.42,7254,Low
QuantumAero X,Finance,Japan,2023,2876,Funded,66.0,Decreasing,Selective Hiring,Loss,20.56,1467,51.02,1409,Medium
AnchorDigital N,Hardware,Japan,2023,9917,Public/Post-IPO,281.2,Increasing,Active Hiring,Profit,30.12,2486,25.07,7431,Low
HarborSystems,Media & Entertainment,France,2024,5757,Bootstrapped,0.0,Increasing,Hiring Freeze,Profit,38.18,53,0.92,5704,Low
DriftHealth T,Healthcare,India,2022,3575,Bootstrapped,0.0,Increasing,Active Hiring,Profit,21.11,40,1.11,3535,Low
QuantumLogistics P,Education,United States,2022,5996,Public/Post-IPO,94.3,Increasing,Selective Hiring,Profit,22.94,1256,20.95,4740,Low
HarborSoftware F,Aerospace,Sweden,2022,6272,Funded,54.5,Increasing,Active Hiring,Loss,41.38,172,2.74,6100,Low
OrbitAero G,Aerospace,China,2022,5549,Public/Post-IPO,45.9,Decreasing,Active Hiring,Loss,-22.46,489,8.81,5060,Medium
BeaconAero V,Biotech,China,2023,735,Public/Post-IPO,307.5,Decreasing,Active Hiring,Loss,5.16,282,38.35,453,Medium
WaveDynamics J,Education,Singapore,2022,4422,Funded,22.9,Increasing,Hiring Freeze,Profit,44.16,1089,24.62,3333,Low
KeystoneBio,Crypto/Web3,Sweden,2023,5800,Funded,9.5,Increasing,Active Hiring,Profit,7.84,1306,22.51,4494,Low
HorizonFoods X,Technology,India,2024,1132,Bootstrapped,0.0,Increasing,Hiring Freeze,Loss,-4.57,25,2.22,1107,Medium
HorizonSolutions Y,Logistics,United States,2026,2369,Funded,87.8,Increasing,Hiring Freeze,Profit,6.34,780,32.94,1589,Medium
ClaritySolutions,Biotech,France,2025,6273,Bootstrapped,0.0,Increasing,Active Hiring,Profit,-12.67,252,4.01,6021,Low
IroncladRetail P,Biotech,United States,2024,4206,Funded,71.5,Decreasing,Selective Hiring,Profit,21.65,163,3.87,4043,Low
FusionRetail,Healthcare,United Kingdom,2022,2310,Public/Post-IPO,93.4,Increasing,Selective Hiring,Loss,53.54,480,20.76,1830,Low
PioneerGroup K,Technology,United States,2022,5324,Funded,75.3,Decreasing,Hiring Freeze,Loss,-6.94,3168,59.51,2156,High
ForgeGroup B,Biotech,United States,2023,1893,Public/Post-IPO,459.1,Increasing,Selective Hiring,Profit,11.42,19,0.98,1874,Low
ClarityRobotics P,Hospitality,United States,2025,478,Public/Post-IPO,28.9,Increasing,Active Hiring,Loss,-6.68,48,9.98,430,Low
FusionVentures W,Media & Entertainment,United States,2022,4889,Funded,16.4,Increasing,Hiring Freeze,Profit,6.19,1011,20.68,3878,Low
QuantumDynamics M,Crypto/Web3,Canada,2023,9661,Public/Post-IPO,78.8,Increasing,Hiring Freeze,Loss,-6.3,1437,14.87,8224,High
PioneerAnalytics W,Real Estate,Germany,2022,881,Bootstrapped,0.0,Decreasing,Hiring Freeze,Profit,-16.72,338,38.38,543,High
EmberTechnologies U,Healthcare,United Kingdom,2026,340,Public/Post-IPO,428.3,Decreasing,Selective Hiring,Loss,-8.55,228,67.09,112,High
VantageBio U,Energy,Netherlands,2022,3299,Funded,34.8,Increasing,Selective Hiring,Profit,-4.01,721,21.84,2578,Low
KeystoneWorks A,Real Estate,United States,2023,3237,Bootstrapped,0.0,Decreasing,Selective Hiring,Loss,-33.02,1777,54.89,1460,High
ClaritySystems P,Aerospace,Canada,2025,3974,Public/Post-IPO,125.5,Increasing,Selective Hiring,Profit,-5.3,651,16.39,3323,Low
CrescentSolutions U,Hardware,United States,2022,9858,Public/Post-IPO,14.9,Stable,Selective Hiring,Profit,4.97,3814,38.69,6044,Low
HorizonFoods K,Education,United States,2024,1822,Bootstrapped,0.0,Decreasing,Hiring Freeze,Loss,-23.23,1687,92.61,135,High
VantageSoftware X,Real Estate,France,2026,3922,Funded,29.5,Stable,Hiring Freeze,Profit,-4.11,835,21.28,3087,Medium
CrescentRetail,Retail,United States,2025,4404,Funded,12.1,Stable,Hiring Freeze,Loss,27.34,1725,39.18,2679,High
IroncladLabs Y,Retail,United States,2024,6762,Bootstrapped,0.0,Decreasing,Active Hiring,Profit,0.07,1119,16.55,5643,Medium
ForgeNetworks C,Telecommunications,United States,2022,2499,Public/Post-IPO,59.1,Decreasing,Selective Hiring,Loss,-5.21,684,27.37,1815,Medium
QuantumMotors E,Aerospace,India,2022,1466,Funded,74.2,Decreasing,Selective Hiring,Profit,-23.37,644,43.94,822,High
ForgeDynamics W,Real Estate,Australia,2022,3788,Funded,115.7,Increasing,Hiring Freeze,Profit,-13.8,1101,29.07,2687,Low
VantageSolutions,Automotive,Israel,2024,2352,Funded,5.4,Stable,Hiring Freeze,Profit,-25.03,1440,61.23,912,Low
GlacierRetail E,Biotech,China,2024,9544,Public/Post-IPO,270.3,Stable,Hiring Freeze,Loss,5.15,1988,20.83,7556,Medium
IroncladRetail K,Finance,India,2022,643,Funded,28.3,Stable,Hiring Freeze,Profit,1.28,113,17.6,530,Low
IroncladTechnologies U,Manufacturing,Singapore,2024,7783,Funded,15.4,Increasing,Hiring Freeze,Loss,19.95,1177,15.12,6606,Low
JasperMedia,Aerospace,United Kingdom,2025,8796,Bootstrapped,0.0,Increasing,Hiring Freeze,Loss,38.82,276,3.14,8520,Low
RidgeAnalytics Z,Manufacturing,Canada,2024,5259,Funded,24.4,Decreasing,Selective Hiring,Loss,2.25,886,16.85,4373,Medium
PioneerWorks,Education,Germany,2025,1421,Bootstrapped,0.0,Increasing,Active Hiring,Loss,-16.37,554,38.96,867,Low
FusionLogistics,Hospitality,United States,2025,1627,Funded,18.4,Decreasing,Selective Hiring,Loss,1.12,1046,64.29,581,Medium
BrightSolutions F,Automotive,Japan,2023,6041,Funded,25.2,Stable,Active Hiring,Profit,-5.55,365,6.04,5676,Low
EmberEnergy,Consumer Goods,Sweden,2022,5798,Bootstrapped,0.0,Stable,Active Hiring,Profit,-6.85,2531,43.65,3267,Medium
SummitTechnologies,Manufacturing,Australia,2025,2033,Public/Post-IPO,189.9,Increasing,Selective Hiring,Profit,60.63,37,1.84,1996,Low
JasperAero,Retail,Brazil,2022,8683,Bootstrapped,0.0,Decreasing,Hiring Freeze,Loss,17.34,2720,31.32,5963,High
EchoMedia Y,Aerospace,United States,2025,7191,Bootstrapped,0.0,Stable,Hiring Freeze,Profit,33.2,713,9.92,6478,Medium
VantageVentures G,Retail,Japan,2026,9803,Funded,131.1,Decreasing,Active Hiring,Loss,-26.77,4076,41.58,5727,Medium
FusionFoods,Consumer Goods,France,2022,2531,Funded,5.3,Increasing,Selective Hiring,Profit,16.91,330,13.05,2201,Low
StellarRobotics,Automotive,United States,2023,3290,Bootstrapped,0.0,Stable,Hiring Freeze,Loss,15.83,71,2.15,3219,Medium
LumenRetail T,Hospitality,United Kingdom,2022,8718,Public/Post-IPO,115.4,Stable,Selective Hiring,Loss,34.48,3063,35.13,5655,Low
SummitIndustries L,Real Estate,United States,2023,4255,Bootstrapped,0.0,Decreasing,Hiring Freeze,Profit,-17.29,1444,33.94,2811,High
BeaconCapital J,Logistics,United States,2023,7237,Funded,97.5,Stable,Active Hiring,Loss,-7.09,1206,16.66,6031,Medium
EmberHealth W,Healthcare,Israel,2024,491,Public/Post-IPO,69.5,Increasing,Active Hiring,Profit,23.36,73,14.91,418,Low
BeaconMotors C,Real Estate,India,2026,8705,Bootstrapped,0.0,Increasing,Selective Hiring,Profit,35.02,627,7.2,8078,Low
WaveBio A,Hardware,United States,2025,6007,Bootstrapped,0.0,Stable,Hiring Freeze,Profit,4.3,1851,30.82,4156,Medium
VertexRetail Y,Logistics,United States,2024,9469,Funded,6.9,Increasing,Selective Hiring,Profit,25.7,779,8.23,8690,Low
AnchorSolutions Y,Education,Singapore,2025,6024,Public/Post-IPO,4.8,Increasing,Hiring Freeze,Loss,42.16,1916,31.8,4108,Medium
VantageGroup,Healthcare,France,2023,1098,Bootstrapped,0.0,Decreasing,Hiring Freeze,Loss,10.15,640,58.33,458,High
ForgeDigital F,Biotech,United States,2024,6593,Funded,28.2,Stable,Selective Hiring,Profit,19.26,741,11.24,5852,Medium
GraniteDigital T,Manufacturing,India,2022,5053,Funded,15.7,Increasing,Hiring Freeze,Loss,-11.11,1272,25.17,3781,High
LumenLogistics Z,Biotech,Netherlands,2025,8521,Public/Post-IPO,503.8,Decreasing,Active Hiring,Profit,15.76,1063,12.47,7458,Medium
AnchorSolutions Y,Finance,Australia,2025,6372,Bootstrapped,0.0,Decreasing,Hiring Freeze,Loss,0.77,3218,50.5,3154,High
ForgeSystems B,Biotech,Canada,2023,4125,Bootstrapped,0.0,Increasing,Hiring Freeze,Profit,8.42,579,14.03,3546,Medium
HarborDynamics R,Energy,Germany,2025,4743,Bootstrapped,0.0,Increasing,Selective Hiring,Profit,-31.47,1245,26.25,3498,Medium
SummitMotors B,Energy,France,2025,7845,Public/Post-IPO,746.0,Increasing,Active Hiring,Loss,29.51,1136,14.48,6709,Low
ZenithAnalytics S,Logistics,United States,2024,3855,Bootstrapped,0.0,Increasing,Selective Hiring,Profit,20.19,631,16.38,3224,Low
TerraAnalytics S,Biotech,India,2022,650,Bootstrapped,0.0,Stable,Hiring Freeze,Loss,-4.69,80,12.24,570,Low
GlacierFoods D,Retail,United States,2025,3710,Public/Post-IPO,73.0,Increasing,Hiring Freeze,Loss,3.39,2479,66.83,1231,High
GlacierMedia R,Finance,Poland,2024,1551,Funded,87.3,Decreasing,Active Hiring,Profit,7.99,569,36.69,982,Low
NimbusGroup,Healthcare,United States,2025,4465,Public/Post-IPO,40.3,Stable,Hiring Freeze,Loss,-6.24,2644,59.21,1821,High
JasperRobotics D,Crypto/Web3,Sweden,2025,7683,Bootstrapped,0.0,Increasing,Active Hiring,Loss,18.94,1254,16.32,6429,Low
BrightSoftware,Manufacturing,India,2023,2305,Bootstrapped,0.0,Stable,Active Hiring,Loss,-5.72,990,42.95,1315,Medium
CircuitHoldings Y,Real Estate,China,2024,8528,Public/Post-IPO,0.0,Increasing,Active Hiring,Profit,4.38,74,0.87,8454,Low
EmberHoldings J,Consumer Goods,France,2025,9715,Public/Post-IPO,174.8,Increasing,Hiring Freeze,Profit,9.95,2556,26.31,7159,Low
TundraAero U,Telecommunications,United States,2026,7011,Bootstrapped,0.0,Decreasing,Hiring Freeze,Loss,-4.71,332,4.74,6679,High
TerraMedia S,Healthcare,Poland,2022,2228,Bootstrapped,0.0,Increasing,Active Hiring,Profit,-9.51,279,12.54,1949,Low
EchoHealth B,Hospitality,India,2023,1940,Bootstrapped,0.0,Increasing,Hiring Freeze,Profit,27.47,447,23.05,1493,Low
BeaconFoods P,Aerospace,United Kingdom,2023,9447,Public/Post-IPO,399.1,Increasing,Active Hiring,Profit,6.41,1096,11.6,8351,Low
CrescentSolutions N,Technology,France,2024,3058,Bootstrapped,0.0,Decreasing,Selective Hiring,Profit,-9.97,1061,34.69,1997,Medium
PioneerHealth J,Consumer Goods,United States,2023,9292,Funded,2.9,Increasing,Selective Hiring,Profit,20.55,1562,16.81,7730,High
RidgeLogistics,Biotech,United States,2024,6525,Public/Post-IPO,84.3,Increasing,Hiring Freeze,Profit,11.08,1225,18.78,5300,Medium
ZenithAnalytics X,Consumer Goods,Japan,2022,388,Funded,201.5,Stable,Hiring Freeze,Profit,30.5,69,17.86,319,Low
FusionIndustries S,Automotive,United States,2023,4993,Funded,19.6,Increasing,Hiring Freeze,Profit,8.93,496,9.93,4497,Low
PioneerBio H,Crypto/Web3,Australia,2023,3213,Funded,105.8,Stable,Active Hiring,Profit,5.21,524,16.31,2689,Low
VantageTechnologies,Hardware,France,2024,8952,Funded,4.0,Increasing,Selective Hiring,Profit,8.77,808,9.03,8144,Low
MeridianTechnologies L,Real Estate,China,2022,9072,Bootstrapped,0.0,Increasing,Hiring Freeze,Profit,-3.4,2196,24.21,6876,Low
CobaltAero,Education,Sweden,2022,6925,Public/Post-IPO,0.0,Increasing,Active Hiring,Profit,18.51,458,6.62,6467,Low
CircuitLabs J,Retail,United Kingdom,2023,5944,Public/Post-IPO,58.7,Increasing,Active Hiring,Profit,30.68,394,6.63,5550,Low
StellarNetworks C,Hardware,United States,2026,3392,Funded,0.0,Stable,Hiring Freeze,Profit,-24.83,41,1.22,3351,Low
CrescentAnalytics V,Aerospace,Australia,2022,221,Funded,26.0,Stable,Selective Hiring,Profit,-36.58,52,23.58,169,Low
CircuitSolutions,Hardware,United States,2025,8434,Public/Post-IPO,194.9,Increasing,Hiring Freeze,Profit,40.93,893,10.59,7541,Low
IroncladCapital V,Real Estate,United States,2025,386,Bootstrapped,0.0,Increasing,Hiring Freeze,Profit,-2.52,76,19.76,310,Medium
SolaceMedia U,Hospitality,United States,2026,7522,Funded,28.7,Stable,Selective Hiring,Loss,-3.88,1180,15.69,6342,Low
ForgeHoldings,Hardware,United Kingdom,2024,3767,Bootstrapped,0.0,Increasing,Active Hiring,Profit,38.96,339,8.99,3428,Low
ZenithVentures,Telecommunications,Japan,2024,9793,Funded,70.8,Increasing,Selective Hiring,Loss,-4.17,2907,29.68,6886,Medium
FusionMotors N,Aerospace,United Kingdom,2024,6005,Public/Post-IPO,391.6,Increasing,Hiring Freeze,Loss,32.05,1618,26.95,4387,Low
GraniteVentures A,Healthcare,Singapore,2023,3996,Public/Post-IPO,111.8,Increasing,Active Hiring,Profit,-4.11,282,7.05,3714,Low
VertexAnalytics,Automotive,Netherlands,2025,5410,Public/Post-IPO,5.6,Stable,Active Hiring,Loss,21.96,2302,42.56,3108,Medium
NovaBio S,Education,United Kingdom,2024,3752,Funded,8.5,Increasing,Hiring Freeze,Profit,2.64,362,9.66,3390,Low
NovaCapital,Energy,United States,2023,4138,Bootstrapped,0.0,Decreasing,Selective Hiring,Loss,-6.05,1079,26.07,3059,Medium
CircuitRetail D,Manufacturing,China,2024,9708,Funded,6.9,Stable,Hiring Freeze,Profit,18.94,535,5.51,9173,Low
SummitMotors V,Biotech,Brazil,2023,3691,Bootstrapped,0.0,Increasing,Selective Hiring,Profit,7.91,610,16.53,3081,Medium
BeaconHoldings I,Finance,Sweden,2025,4884,Bootstrapped,0.0,Stable,Selective Hiring,Loss,-13.67,1245,25.5,3639,High
ApexRetail V,Hardware,Germany,2023,2597,Public/Post-IPO,50.6,Decreasing,Hiring Freeze,Loss,-17.18,1127,43.38,1470,High
IroncladSoftware M,Hardware,India,2024,6264,Funded,51.5,Increasing,Selective Hiring,Profit,15.2,653,10.42,5611,Low
PioneerVentures V,Healthcare,United States,2023,2276,Public/Post-IPO,58.0,Stable,Active Hiring,Loss,14.45,774,33.99,1502,Medium
ForgeSystems J,Automotive,Japan,2026,6074,Funded,5.4,Decreasing,Selective Hiring,Loss,-31.92,2875,47.34,3199,High
ClarityDynamics A,Technology,India,2026,1969,Funded,7.6,Stable,Hiring Freeze,Profit,33.4,924,46.91,1045,Medium
ForgeAnalytics V,Aerospace,Australia,2023,772,Bootstrapped,0.0,Stable,Hiring Freeze,Loss,2.22,167,21.59,605,High
HarborVentures H,Finance,France,2022,5151,Public/Post-IPO,44.5,Decreasing,Hiring Freeze,Loss,-31.28,1942,37.71,3209,High
PioneerHealth R,Consumer Goods,United States,2025,5936,Funded,29.1,Increasing,Active Hiring,Profit,2.3,1324,22.31,4612,Low
EchoSolutions I,Retail,United States,2025,2597,Bootstrapped,0.0,Decreasing,Hiring Freeze,Loss,5.69,287,11.06,2310,Low
VertexTechnologies,Biotech,United States,2023,7635,Bootstrapped,0.0,Increasing,Hiring Freeze,Profit,23.11,229,3.0,7406,Medium
DeltaAnalytics,Hospitality,United States,2023,294,Funded,11.2,Decreasing,Hiring Freeze,Loss,-14.64,80,27.29,214,Medium
CatalystCapital,Media & Entertainment,France,2026,1516,Bootstrapped,0.0,Increasing,Hiring Freeze,Loss,10.2,894,58.96,622,High
EchoLabs W,Healthcare,France,2024,6246,Public/Post-IPO,217.7,Decreasing,Hiring Freeze,Profit,-2.89,2572,41.18,3674,High
GraniteRobotics E,Hardware,Australia,2026,3929,Public/Post-IPO,0.0,Stable,Active Hiring,Loss,16.89,2075,52.82,1854,Medium
RidgeMedia,Energy,Sweden,2022,9384,Bootstrapped,0.0,Increasing,Active Hiring,Profit,24.81,2140,22.81,7244,Low
PioneerMedia,Hardware,United Kingdom,2022,7223,Public/Post-IPO,22.0,Stable,Hiring Freeze,Loss,-4.82,2957,40.94,4266,Medium
NimbusHoldings A,Hospitality,United States,2026,458,Public/Post-IPO,57.1,Decreasing,Hiring Freeze,Loss,-32.82,111,24.26,347,High
EmberAnalytics,Real Estate,United Kingdom,2022,5604,Funded,15.0,Increasing,Selective Hiring,Loss,-1.94,491,8.76,5113,Low
MeridianBio S,Biotech,United States,2022,3299,Funded,31.6,Decreasing,Active Hiring,Loss,-1.23,842,25.52,2457,High
CrescentCapital X,Automotive,Canada,2023,4844,Funded,2.5,Stable,Hiring Freeze,Profit,-0.57,559,11.54,4285,High
QuantumSystems L,Retail,Canada,2026,4965,Funded,2.8,Increasing,Active Hiring,Loss,9.78,1178,23.73,3787,Low
KeystoneWorks A,Crypto/Web3,Canada,2023,1755,Bootstrapped,0.0,Decreasing,Active Hiring,Loss,-10.23,452,25.76,1303,Medium
LumenHoldings Y,Energy,United States,2023,1272,Funded,80.8,Stable,Selective Hiring,Profit,-9.43,177,13.95,1095,Low
HorizonHealth,Logistics,United States,2023,4944,Public/Post-IPO,26.3,Decreasing,Active Hiring,Loss,-25.52,2284,46.2,2660,High
DriftFoods J,Education,Israel,2022,1526,Bootstrapped,0.0,Increasing,Hiring Freeze,Profit,36.0,525,34.41,1001,Low
TerraWorks V,Finance,United States,2025,7462,Bootstrapped,0.0,Increasing,Active Hiring,Loss,18.77,500,6.7,6962,Low
SummitLogistics,Healthcare,United States,2024,9185,Public/Post-IPO,21.2,Increasing,Active Hiring,Loss,8.71,2205,24.01,6980,Low
BeaconAnalytics Z,Hospitality,United States,2022,8221,Bootstrapped,0.0,Decreasing,Selective Hiring,Loss,-12.84,2343,28.5,5878,High
HarborSoftware,Biotech,Israel,2022,2849,Public/Post-IPO,30.7,Increasing,Selective Hiring,Profit,34.39,965,33.87,1884,Low
PioneerHealth R,Aerospace,Japan,2023,4367,Bootstrapped,0.0,Stable,Selective Hiring,Loss,8.96,3881,88.86,486,High
ClarityBio U,Automotive,United States,2023,7651,Funded,3.4,Stable,Selective Hiring,Profit,-23.01,3939,51.49,3712,High
GlacierMotors,Media & Entertainment,Australia,2022,8405,Bootstrapped,0.0,Stable,Active Hiring,Profit,26.09,461,5.49,7944,Low
IroncladFoods,Consumer Goods,France,2023,4280,Public/Post-IPO,287.5,Increasing,Hiring Freeze,Profit,-3.05,587,13.71,3693,Medium
SummitLogistics J,Aerospace,United States,2023,6800,Public/Post-IPO,326.2,Decreasing,Hiring Freeze,Profit,-21.24,6460,95.0,340,High
RidgeHoldings P,Finance,United States,2023,638,Funded,8.5,Stable,Active Hiring,Profit,1.74,150,23.49,488,Low
BeaconTechnologies,Manufacturing,Canada,2024,8429,Public/Post-IPO,187.0,Stable,Selective Hiring,Profit,8.2,1644,19.51,6785,Medium
GlacierHoldings V,Media & Entertainment,India,2024,6450,Public/Post-IPO,106.1,Decreasing,Active Hiring,Loss,-11.0,780,12.1,5670,Medium
DriftVentures,Media & Entertainment,Israel,2022,5057,Bootstrapped,0.0,Decreasing,Selective Hiring,Loss,2.29,651,12.87,4406,High
MeridianCapital X,Education,United States,2022,7098,Public/Post-IPO,57.0,Decreasing,Active Hiring,Profit,-10.18,2919,41.12,4179,High
CircuitNetworks,Consumer Goods,Japan,2022,3626,Funded,62.4,Decreasing,Hiring Freeze,Loss,23.43,1692,46.65,1934,High
BrightSoftware Y,Crypto/Web3,United States,2023,6771,Funded,74.8,Increasing,Hiring Freeze,Loss,16.46,2886,42.63,3885,Medium
HarborHoldings X,Aerospace,United States,2023,907,Public/Post-IPO,946.3,Stable,Active Hiring,Profit,14.67,115,12.73,792,Low
NovaAnalytics,Hardware,China,2025,3504,Bootstrapped,0.0,Increasing,Selective Hiring,Loss,-14.42,888,25.33,2616,Medium
BrightVentures Z,Manufacturing,United States,2022,1608,Bootstrapped,0.0,Stable,Active Hiring,Loss,-4.41,279,17.33,1329,Medium
PioneerAnalytics O,Technology,United States,2025,1817,Bootstrapped,0.0,Increasing,Active Hiring,Loss,-3.61,427,23.52,1390,Medium
SolaceMotors P,Logistics,United States,2026,9768,Funded,31.0,Increasing,Active Hiring,Profit,-6.62,1807,18.5,7961,Low
ClarityFoods Z,Finance,United Kingdom,2026,5530,Public/Post-IPO,191.6,Stable,Active Hiring,Loss,1.96,450,8.13,5080,Low
CobaltMedia,Biotech,Australia,2022,9622,Bootstrapped,0.0,Increasing,Hiring Freeze,Profit,37.86,1131,11.75,8491,Low
AnchorRobotics,Aerospace,United States,2026,4050,Bootstrapped,0.0,Increasing,Hiring Freeze,Profit,-14.62,1117,27.57,2933,Medium
QuantumFoods E,Technology,United States,2025,8439,Bootstrapped,0.0,Increasing,Hiring Freeze,Loss,30.19,1181,14.0,7258,Low
HarborRobotics E,Hardware,Australia,2023,3243,Funded,142.6,Decreasing,Active Hiring,Loss,-2.91,2233,68.85,1010,High
QuantumMedia,Consumer Goods,United States,2025,8867,Public/Post-IPO,73.9,Decreasing,Selective Hiring,Profit,-18.2,4952,55.85,3915,High
RidgeCapital,Media & Entertainment,France,2024,5970,Public/Post-IPO,999.6,Decreasing,Active Hiring,Loss,-14.11,3070,51.42,2900,High
LumenNetworks E,Energy,Canada,2023,8900,Funded,18.8,Increasing,Selective Hiring,Profit,2.12,3140,35.28,5760,Low
EmberRetail,Finance,United States,2025,4966,Bootstrapped,0.0,Decreasing,Hiring Freeze,Loss,-19.61,2297,46.26,2669,High
CrescentMotors C,Retail,Brazil,2024,2424,Bootstrapped,0.0,Stable,Selective Hiring,Loss,-14.55,523,21.56,1901,Low
ClarityGroup S,Crypto/Web3,India,2022,3646,Funded,122.6,Increasing,Hiring Freeze,Loss,-16.07,1400,38.41,2246,High
QuantumTechnologies G,Finance,United States,2025,7912,Funded,7.1,Increasing,Hiring Freeze,Profit,12.6,3022,38.2,4890,Medium
ClarityDynamics A,Crypto/Web3,Singapore,2023,1766,Public/Post-IPO,74.1,Stable,Selective Hiring,Profit,-13.83,685,38.76,1081,Medium
ZenithBio X,Finance,France,2024,8557,Funded,193.4,Increasing,Hiring Freeze,Profit,24.45,2513,29.37,6044,Low
ClarityTechnologies Y,Aerospace,Japan,2022,1909,Funded,8.8,Decreasing,Active Hiring,Profit,-7.83,853,44.66,1056,Low
VertexSystems,Aerospace,United States,2024,3617,Public/Post-IPO,81.2,Stable,Hiring Freeze,Loss,30.85,657,18.16,2960,Medium
HorizonDigital G,Biotech,Poland,2023,7679,Bootstrapped,0.0,Decreasing,Selective Hiring,Loss,-1.94,4008,52.2,3671,High
VantageLabs D,Healthcare,Germany,2024,7874,Public/Post-IPO,1544.9,Increasing,Active Hiring,Profit,4.37,376,4.77,7498,Low
DriftSolutions O,Energy,United States,2024,4122,Funded,54.9,Increasing,Hiring Freeze,Profit,-5.67,325,7.88,3797,Low
OrbitLabs K,Media & Entertainment,Poland,2025,6950,Funded,23.9,Decreasing,Hiring Freeze,Profit,-15.32,465,6.69,6485,Medium
CobaltLogistics,Consumer Goods,France,2022,9115,Funded,28.2,Increasing,Active Hiring,Profit,-8.27,236,2.59,8879,Medium
GraniteRobotics,Telecommunications,Germany,2024,4459,Bootstrapped,0.0,Decreasing,Hiring Freeze,Loss,0.04,1395,31.29,3064,High
BrightDynamics,Retail,United States,2023,3239,Funded,6.6,Stable,Selective Hiring,Profit,2.22,162,5.0,3077,Low
ApexFoods M,Consumer Goods,Australia,2024,9606,Public/Post-IPO,2135.8,Increasing,Hiring Freeze,Profit,-15.05,356,3.71,9250,Low
CircuitAero,Aerospace,Australia,2024,6654,Funded,23.5,Stable,Selective Hiring,Profit,4.69,1852,27.84,4802,Low
CascadeWorks,Hospitality,Israel,2023,7070,Funded,4.5,Increasing,Hiring Freeze,Profit,-7.48,1432,20.25,5638,Medium
ForgeSoftware X,Media & Entertainment,India,2022,5097,Public/Post-IPO,1359.0,Increasing,Hiring Freeze,Loss,6.73,1164,22.83,3933,Low
VantageLabs L,Real Estate,United States,2022,1270,Bootstrapped,0.0,Increasing,Selective Hiring,Loss,-6.05,357,28.13,913,Medium
TerraRobotics F,Energy,Canada,2026,3014,Public/Post-IPO,481.9,Stable,Active Hiring,Profit,36.97,549,18.2,2465,Low
RidgeSolutions J,Telecommunications,India,2025,7390,Public/Post-IPO,165.4,Decreasing,Active Hiring,Profit,19.43,357,4.83,7033,Low
ApexTechnologies,Biotech,Poland,2023,2307,Public/Post-IPO,37.3,Decreasing,Active Hiring,Loss,-21.95,678,29.37,1629,Low
CascadeFoods A,Retail,United Kingdom,2023,9737,Public/Post-IPO,254.0,Increasing,Active Hiring,Loss,24.42,720,7.39,9017,Low
StellarAero,Retail,China,2023,8403,Funded,32.2,Decreasing,Active Hiring,Loss,-20.71,4557,54.23,3846,High
TerraGroup L,Consumer Goods,United States,2022,5673,Bootstrapped,0.0,Decreasing,Hiring Freeze,Profit,-31.84,3749,66.09,1924,High
QuantumMotors,Biotech,China,2025,9298,Bootstrapped,0.0,Decreasing,Active Hiring,Loss,2.78,367,3.95,8931,Medium
CascadeRetail U,Real Estate,United States,2022,9437,Bootstrapped,0.0,Stable,Hiring Freeze,Loss,-15.27,1144,12.12,8293,Low
RidgeSoftware K,Consumer Goods,Germany,2023,1879,Funded,38.2,Decreasing,Active Hiring,Profit,0.66,115,6.12,1764,Low
LumenDigital U,Biotech,United Kingdom,2022,4820,Funded,0.0,Decreasing,Hiring Freeze,Loss,-4.32,2963,61.47,1857,High
StellarGroup P,Biotech,Israel,2025,3166,Public/Post-IPO,240.0,Increasing,Active Hiring,Profit,1.93,375,11.85,2791,Low
StellarIndustries U,Crypto/Web3,Brazil,2025,5252,Funded,2.7,Decreasing,Hiring Freeze,Loss,-20.06,4989,95.0,263,High
GlacierIndustries,Crypto/Web3,Sweden,2024,8627,Funded,60.3,Stable,Selective Hiring,Profit,-12.39,3954,45.83,4673,High
SummitMedia X,Consumer Goods,United States,2022,7386,Bootstrapped,0.0,Stable,Selective Hiring,Profit,-22.75,4616,62.49,2770,Low
ApexLabs D,Technology,United States,2024,5760,Bootstrapped,0.0,Stable,Hiring Freeze,Loss,-25.14,1832,31.8,3928,High
EmberSolutions L,Hardware,India,2022,341,Bootstrapped,0.0,Stable,Hiring Freeze,Loss,26.1,46,13.46,295,Low
CascadeNetworks D,Hardware,United States,2024,2236,Public/Post-IPO,3123.2,Decreasing,Active Hiring,Loss,-13.26,78,3.5,2158,High
FusionSoftware Z,Real Estate,China,2023,9648,Bootstrapped,0.0,Stable,Selective Hiring,Profit,15.04,452,4.69,9196,Low
NimbusLabs W,Aerospace,United Kingdom,2024,3989,Funded,32.4,Decreasing,Hiring Freeze,Loss,-7.2,3302,82.79,687,High
SolaceFoods D,Consumer Goods,Israel,2022,2082,Funded,5.5,Stable,Hiring Freeze,Profit,5.875,524,25.19,1558,High
TundraHealth Y,Hospitality,Netherlands,2025,9610,Funded,38.7,Stable,Hiring Freeze,Profit,-15.11,3635,37.83,5975,Medium
JasperSystems E,Crypto/Web3,Canada,2026,2361,Public/Post-IPO,1225.7,Decreasing,Hiring Freeze,Loss,-23.05,958,40.58,1403,High
QuantumDynamics,Real Estate,Germany,2024,6951,Funded,64.5,Increasing,Active Hiring,Profit,29.87,494,7.1,6457,Low
SummitAnalytics,Education,United States,2023,3992,Funded,17.9,Decreasing,Hiring Freeze,Loss,-10.81,1391,34.84,2601,High
NimbusRetail S,Hospitality,Israel,2025,3456,Public/Post-IPO,433.0,Stable,Hiring Freeze,Loss,-40.52,574,16.62,2882,High
DriftRetail,Education,Japan,2025,4532,Funded,29.1,Stable,Active Hiring,Loss,56.52,210,4.63,4322,Low
DriftSolutions O,Telecommunications,United States,2023,7314,Bootstrapped,0.0,Decreasing,Selective Hiring,Loss,10.15,371,5.07,6943,Medium
BeaconAero Z,Crypto/Web3,United States,2024,1307,Funded,12.3,Increasing,Hiring Freeze,Loss,12.8,664,50.82,643,High
BeaconRetail T,Retail,Netherlands,2023,5063,Public/Post-IPO,20.6,Decreasing,Selective Hiring,Loss,-18.56,2720,53.73,2343,High
FusionSolutions,Automotive,India,2023,5337,Funded,63.6,Increasing,Active Hiring,Loss,8.03,1539,28.83,3798,Low
MeridianDynamics A,Real Estate,Japan,2026,5592,Bootstrapped,0.0,Stable,Active Hiring,Profit,-0.18,2770,49.53,2822,High
AnchorCapital V,Education,United States,2022,6561,Bootstrapped,0.0,Stable,Hiring Freeze,Profit,53.4,697,10.62,5864,Low
VantageBio Z,Media & Entertainment,United Kingdom,2023,1287,Bootstrapped,0.0,Decreasing,Active Hiring,Loss,-19.63,289,22.48,998,Medium
EchoWorks P,Biotech,Brazil,2023,1650,Public/Post-IPO,46.3,Decreasing,Hiring Freeze,Profit,1.1,587,35.58,1063,Medium
IroncladDigital,Healthcare,Sweden,2023,5031,Public/Post-IPO,918.6,Decreasing,Hiring Freeze,Loss,-4.04,1843,36.63,3188,High
OrbitSoftware O,Real Estate,United States,2022,2240,Bootstrapped,0.0,Increasing,Active Hiring,Profit,24.58,871,38.89,1369,Low
QuantumGroup S,Energy,United States,2025,8979,Bootstrapped,0.0,Decreasing,Hiring Freeze,Loss,-46.32,8530,95.0,449,High
ForgeRobotics H,Hospitality,United Kingdom,2024,1291,Funded,18.8,Stable,Active Hiring,Profit,-2.04,447,34.61,844,Medium
BeaconAnalytics,Technology,Germany,2023,7949,Public/Post-IPO,15.6,Increasing,Hiring Freeze,Profit,31.49,2117,26.63,5832,Medium
ZenithGroup H,Crypto/Web3,Australia,2022,233,Public/Post-IPO,69.9,Decreasing,Active Hiring,Profit,30.27,49,21.0,184,Medium
PioneerAnalytics M,Education,France,2024,8146,Public/Post-IPO,67.3,Decreasing,Active Hiring,Loss,-7.15,2735,33.58,5411,High
QuantumSolutions X,Manufacturing,India,2025,8964,Bootstrapped,0.0,Decreasing,Selective Hiring,Loss,-8.0,1967,21.94,6997,High
CascadeHoldings V,Hospitality,Netherlands,2022,1649,Funded,33.9,Increasing,Active Hiring,Profit,41.74,307,18.62,1342,Low
AnchorEnergy O,Technology,India,2024,8019,Bootstrapped,0.0,Increasing,Selective Hiring,Profit,6.92,627,7.82,7392,Low
AnchorWorks,Healthcare,India,2023,9101,Funded,15.8,Stable,Active Hiring,Profit,4.44,1102,12.11,7999,Low
SummitNetworks X,Education,United States,2024,5769,Funded,30.7,Decreasing,Active Hiring,Loss,-2.46,1881,32.61,3888,High
LumenTechnologies L,Telecommunications,United Kingdom,2026,4305,Funded,42.5,Stable,Active Hiring,Loss,13.9,157,3.64,4148,Low
KeystoneDigital I,Biotech,China,2022,6217,Public/Post-IPO,91.9,Stable,Active Hiring,Loss,-40.26,3261,52.45,2956,High
HorizonDynamics K,Finance,United States,2023,8186,Funded,17.7,Stable,Selective Hiring,Profit,-8.52,4679,57.16,3507,Medium
CascadeCapital Y,Healthcare,France,2023,9091,Funded,37.6,Increasing,Active Hiring,Profit,3.59,1739,19.13,7352,Medium
OrbitRobotics J,Real Estate,China,2024,7641,Public/Post-IPO,91.8,Increasing,Hiring Freeze,Profit,22.16,1624,21.25,6017,Low
RidgeHoldings,Media & Entertainment,United States,2025,596,Public/Post-IPO,45.4,Increasing,Active Hiring,Profit,41.01,94,15.81,502,Low
PioneerAnalytics Q,Healthcare,India,2022,9766,Funded,19.2,Increasing,Hiring Freeze,Loss,9.28,2494,25.54,7272,High
NimbusIndustries,Energy,United States,2024,3709,Bootstrapped,0.0,Increasing,Hiring Freeze,Profit,10.21,18,0.49,3691,Medium
CascadeGroup K,Healthcare,China,2022,2750,Funded,69.6,Decreasing,Hiring Freeze,Loss,9.32,1885,68.55,865,High
ZenithAero,Automotive,Japan,2024,151,Bootstrapped,0.0,Increasing,Active Hiring,Profit,39.29,20,13.51,131,Low
MeridianDigital D,Hardware,United States,2025,1805,Bootstrapped,0.0,Decreasing,Hiring Freeze,Profit,-8.74,710,39.32,1095,High
CascadeSystems O,Telecommunications,United Kingdom,2022,9212,Funded,6.9,Increasing,Hiring Freeze,Loss,14.93,6616,71.82,2596,High
CobaltNetworks N,Hardware,Canada,2023,1931,Public/Post-IPO,59.0,Increasing,Hiring Freeze,Loss,33.88,182,9.43,1749,Medium
CircuitCapital,Biotech,United States,2025,9411,Funded,80.1,Increasing,Hiring Freeze,Profit,-10.44,2561,27.21,6850,High
HarborMotors,Retail,Australia,2023,4220,Bootstrapped,0.0,Increasing,Hiring Freeze,Profit,17.46,873,20.69,3347,High
AnchorVentures D,Education,United States,2022,3300,Public/Post-IPO,56.8,Stable,Active Hiring,Profit,-25.77,271,8.2,3029,Low
ForgeNetworks X,Healthcare,China,2022,3313,Funded,22.5,Increasing,Hiring Freeze,Profit,21.66,876,26.44,2437,Medium
ZenithTechnologies K,Real Estate,United Kingdom,2023,8819,Bootstrapped,0.0,Decreasing,Hiring Freeze,Profit,-7.2,1620,18.37,7199,High
TerraLabs S,Retail,China,2026,8131,Public/Post-IPO,6.3,Increasing,Selective Hiring,Loss,40.18,1497,18.41,6634,High
VantageAero,Real Estate,Brazil,2024,6914,Bootstrapped,0.0,Decreasing,Hiring Freeze,Profit,11.61,1001,14.48,5913,High
ForgeVentures R,Media & Entertainment,United States,2024,1622,Public/Post-IPO,89.7,Increasing,Active Hiring,Profit,-11.99,390,24.03,1232,Low
IroncladDigital G,Hospitality,United States,2022,300,Funded,25.8,Increasing,Active Hiring,Profit,19.39,18,5.86,282,Low
ApexNetworks H,Biotech,United States,2024,6417,Bootstrapped,0.0,Stable,Selective Hiring,Loss,26.04,955,14.88,5462,Medium
TundraLogistics E,Automotive,United States,2022,206,Bootstrapped,0.0,Decreasing,Hiring Freeze,Profit,-17.56,43,20.66,163,Medium
ZenithAero Q,Media & Entertainment,Canada,2024,9081,Funded,6.3,Decreasing,Hiring Freeze,Loss,-0.18,4205,46.31,4876,High
PioneerWorks I,Technology,Israel,2026,5351,Funded,26.8,Decreasing,Hiring Freeze,Profit,12.62,2858,53.41,2493,High
EmberGroup,Real Estate,United States,2022,3561,Public/Post-IPO,1807.7,Decreasing,Hiring Freeze,Profit,-18.93,1866,52.39,1695,High
AnchorDynamics,Automotive,Brazil,2022,5901,Bootstrapped,0.0,Stable,Hiring Freeze,Profit,1.46,1076,18.24,4825,Low
ApexEnergy,Retail,United States,2023,1784,Funded,27.6,Increasing,Hiring Freeze,Profit,33.84,333,18.69,1451,Low
StellarGroup L,Hardware,United States,2025,1511,Public/Post-IPO,9.3,Stable,Active Hiring,Profit,5.57,323,21.4,1188,Low
ClarityLabs L,Consumer Goods,India,2025,214,Funded,45.0,Increasing,Selective Hiring,Loss,12.33,40,18.73,174,Medium
RidgeDigital,Crypto/Web3,United States,2023,3716,Bootstrapped,0.0,Increasing,Hiring Freeze,Profit,23.42,891,23.99,2825,Low
ForgeSoftware X,Manufacturing,United States,2025,8373,Public/Post-IPO,418.6,Increasing,Active Hiring,Profit,3.15,49,0.59,8324,Low
FusionDynamics H,Healthcare,Singapore,2024,3713,Bootstrapped,0.0,Decreasing,Hiring Freeze,Loss,32.24,997,26.84,2716,Medium
BrightDynamics,Education,United States,2024,359,Public/Post-IPO,48.0,Increasing,Active Hiring,Loss,-2.42,8,2.34,351,Low
ClarityRobotics P,Crypto/Web3,China,2023,8317,Funded,7.1,Decreasing,Active Hiring,Loss,-14.46,3545,42.62,4772,Medium
FusionLogistics V,Automotive,United States,2022,2692,Public/Post-IPO,69.0,Decreasing,Selective Hiring,Loss,11.24,550,20.42,2142,High
AnchorLogistics C,Technology,India,2025,1636,Bootstrapped,0.0,Stable,Hiring Freeze,Loss,11.67,561,34.27,1075,Medium
MeridianLabs Y,Real Estate,India,2022,7520,Funded,32.0,Stable,Active Hiring,Profit,-7.95,728,9.68,6792,Low
WaveWorks,Telecommunications,Japan,2025,3909,Public/Post-IPO,91.5,Decreasing,Hiring Freeze,Loss,5.18,865,22.13,3044,High
CobaltLabs,Consumer Goods,United States,2024,243,Funded,7.9,Increasing,Active Hiring,Loss,39.75,15,6.17,228,Low
ForgeMedia,Logistics,Australia,2025,342,Bootstrapped,0.0,Decreasing,Selective Hiring,Loss,3.34,73,21.29,269,High
ApexCapital,Finance,United Kingdom,2022,2614,Bootstrapped,0.0,Decreasing,Active Hiring,Loss,-21.78,652,24.96,1962,High
BrightIndustries,Crypto/Web3,United States,2023,5864,Bootstrapped,0.0,Increasing,Active Hiring,Profit,-0.67,184,3.14,5680,Low
BeaconLabs O,Aerospace,France,2022,3601,Public/Post-IPO,76.0,Increasing,Hiring Freeze,Loss,27.26,1008,27.99,2593,High
AnchorHoldings,Retail,China,2022,6480,Bootstrapped,0.0,Stable,Active Hiring,Loss,-7.08,1458,22.5,5022,Low
OrbitLabs O,Technology,India,2023,3648,Public/Post-IPO,50.0,Stable,Active Hiring,Profit,-2.89,319,8.75,3329,Low
CascadeBio A,Logistics,United States,2024,2808,Funded,7.9,Decreasing,Active Hiring,Loss,11.93,371,13.21,2437,Medium
ClarityGroup V,Crypto/Web3,Brazil,2023,7071,Public/Post-IPO,109.4,Increasing,Hiring Freeze,Profit,8.57,1401,19.81,5670,High
JasperLogistics M,Hospitality,United States,2022,5422,Bootstrapped,0.0,Increasing,Hiring Freeze,Profit,13.41,1034,19.07,4388,Medium
JasperEnergy C,Logistics,United States,2024,7719,Public/Post-IPO,147.6,Increasing,Active Hiring,Profit,-9.0,803,10.4,6916,Low
CatalystVentures F,Finance,Singapore,2024,7024,Public/Post-IPO,261.7,Stable,Hiring Freeze,Loss,19.72,3566,50.77,3458,Medium
VertexCapital D,Energy,United States,2023,7216,Bootstrapped,0.0,Decreasing,Selective Hiring,Loss,-2.85,3967,54.98,3249,High
BeaconHealth B,Energy,United Kingdom,2025,8582,Bootstrapped,0.0,Increasing,Selective Hiring,Loss,-0.24,726,8.46,7856,Low
GlacierDynamics,Aerospace,United States,2023,6909,Bootstrapped,0.0,Increasing,Hiring Freeze,Loss,-6.96,1025,14.84,5884,Low
TundraHealth B,Hospitality,United States,2022,9246,Bootstrapped,0.0,Decreasing,Hiring Freeze,Loss,-8.91,7178,77.63,2068,High
SolaceHoldings,Real Estate,Canada,2026,6099,Bootstrapped,0.0,Increasing,Active Hiring,Profit,14.99,1094,17.93,5005,Low
BeaconBio,Automotive,India,2023,1500,Funded,20.0,Increasing,Selective Hiring,Profit,42.98,200,13.36,1300,Low
VantageIndustries U,Media & Entertainment,United Kingdom,2026,6039,Funded,46.1,Increasing,Active Hiring,Profit,-2.6,1178,19.51,4861,Low
VertexAnalytics F,Retail,Australia,2026,7945,Funded,27.4,Increasing,Active Hiring,Profit,9.79,1396,17.57,6549,Low
KeystoneTechnologies,Logistics,Japan,2026,757,Funded,22.3,Decreasing,Hiring Freeze,Profit,-7.88,143,18.9,614,Medium
SolaceWorks R,Hardware,Sweden,2025,1777,Public/Post-IPO,464.7,Decreasing,Hiring Freeze,Loss,-21.57,831,46.77,946,Medium
PioneerSolutions S,Consumer Goods,United States,2025,1156,Public/Post-IPO,15.4,Stable,Selective Hiring,Loss,13.64,595,51.46,561,High
VertexVentures D,Biotech,Singapore,2025,3390,Public/Post-IPO,171.5,Decreasing,Selective Hiring,Loss,-9.01,743,21.92,2647,Medium
BrightMedia X,Hardware,United Kingdom,2024,6845,Bootstrapped,0.0,Decreasing,Active Hiring,Loss,-12.97,2301,33.61,4544,Medium
OrbitSystems D,Technology,India,2022,3669,Bootstrapped,0.0,Decreasing,Selective Hiring,Loss,-33.29,933,25.44,2736,Medium
ApexFoods F,Aerospace,India,2022,3202,Funded,284.7,Decreasing,Selective Hiring,Loss,12.26,1381,43.13,1821,High
BrightSoftware,Finance,China,2023,2131,Bootstrapped,0.0,Decreasing,Selective Hiring,Profit,-27.86,1381,64.79,750,High
EmberVentures,Automotive,Sweden,2024,9605,Funded,23.9,Stable,Active Hiring,Loss,-9.78,1921,20.0,7684,High
DriftHoldings Z,Real Estate,United Kingdom,2026,2650,Bootstrapped,0.0,Increasing,Hiring Freeze,Loss,31.04,328,12.39,2322,Medium
CatalystDigital H,Technology,Australia,2024,8827,Public/Post-IPO,401.4,Increasing,Selective Hiring,Profit,32.39,2381,26.97,6446,Low
OrbitNetworks E,Healthcare,Canada,2026,7146,Funded,61.3,Decreasing,Hiring Freeze,Profit,-37.33,4185,58.56,2961,High
KeystoneMedia Z,Education,United States,2025,9573,Funded,163.5,Increasing,Hiring Freeze,Profit,2.67,1966,20.54,7607,Medium
VertexSoftware L,Real Estate,Japan,2023,7659,Funded,62.4,Increasing,Hiring Freeze,Loss,6.75,2837,37.04,4822,High
DeltaHealth K,Technology,India,2025,2823,Public/Post-IPO,2316.5,Decreasing,Selective Hiring,Loss,-36.1,1097,38.85,1726,High
CircuitHealth V,Automotive,India,2024,9080,Funded,27.2,Increasing,Hiring Freeze,Loss,36.06,1509,16.62,7571,Low
SolaceRetail,Aerospace,France,2024,9350,Bootstrapped,0.0,Stable,Active Hiring,Profit,17.43,2073,22.17,7277,Low
ClarityMedia,Hardware,China,2023,6962,Public/Post-IPO,1210.2,Stable,Active Hiring,Profit,-3.59,1867,26.82,5095,Medium
NovaDigital,Real Estate,United States,2024,9802,Bootstrapped,0.0,Increasing,Active Hiring,Profit,5.32,1413,14.42,8389,Low
GraniteRetail W,Finance,Canada,2026,6115,Public/Post-IPO,131.9,Stable,Selective Hiring,Loss,-20.24,973,15.91,5142,Low
JasperEnergy,Retail,India,2026,903,Bootstrapped,0.0,Decreasing,Hiring Freeze,Profit,-17.05,508,56.26,395,High
PioneerTechnologies H,Energy,Australia,2025,3663,Bootstrapped,0.0,Increasing,Hiring Freeze,Profit,-22.54,1018,27.78,2645,Medium
PioneerDynamics,Retail,United States,2023,7025,Public/Post-IPO,198.7,Increasing,Active Hiring,Profit,25.43,532,7.57,6493,Low
CascadeRobotics,Logistics,India,2022,8360,Bootstrapped,0.0,Increasing,Active Hiring,Profit,17.27,2831,33.86,5529,Low
WaveAero,Technology,France,2023,6296,Funded,3.3,Decreasing,Selective Hiring,Loss,15.04,461,7.32,5835,High
EmberFoods C,Retail,United States,2023,1023,Bootstrapped,0.0,Increasing,Selective Hiring,Loss,20.08,57,5.62,966,Low
CircuitMotors,Biotech,United States,2026,676,Funded,14.3,Increasing,Selective Hiring,Loss,-22.2,199,29.37,477,High
PioneerLabs C,Healthcare,United States,2022,2444,Public/Post-IPO,108.3,Stable,Hiring Freeze,Profit,12.58,1187,48.56,1257,Medium
EchoSoftware,Logistics,Poland,2024,1323,Funded,24.9,Stable,Active Hiring,Profit,23.16,128,9.7,1195,Low
CircuitSoftware V,Telecommunications,India,2024,6245,Bootstrapped,0.0,Stable,Active Hiring,Loss,22.82,1100,17.61,5145,High
QuantumAero S,Real Estate,Brazil,2022,968,Public/Post-IPO,143.9,Stable,Active Hiring,Profit,11.41,56,5.83,912,Low
EchoIndustries N,Real Estate,United States,2023,7343,Public/Post-IPO,13.7,Decreasing,Hiring Freeze,Loss,-7.71,1616,22.01,5727,High
CobaltBio V,Education,United States,2024,1638,Funded,4.8,Decreasing,Active Hiring,Loss,-6.05,547,33.39,1091,High
GraniteDynamics R,Consumer Goods,United States,2025,4442,Public/Post-IPO,585.6,Increasing,Hiring Freeze,Profit,29.17,243,5.46,4199,Low
CircuitNetworks K,Healthcare,Germany,2026,5916,Public/Post-IPO,294.2,Stable,Active Hiring,Profit,21.24,566,9.57,5350,Low
WaveVentures E,Technology,India,2022,8389,Funded,20.0,Increasing,Hiring Freeze,Loss,15.03,1685,20.09,6704,Low
KeystoneAnalytics X,Consumer Goods,United States,2025,6790,Public/Post-IPO,243.8,Stable,Selective Hiring,Loss,8.82,2301,33.89,4489,Medium
OrbitBio E,Media & Entertainment,India,2023,4099,Funded,31.5,Decreasing,Hiring Freeze,Loss,-4.05,3472,84.7,627,High
DeltaSystems J,Manufacturing,United States,2023,2293,Public/Post-IPO,36.4,Stable,Hiring Freeze,Loss,35.39,584,25.47,1709,High
JasperWorks,Healthcare,Germany,2025,2480,Bootstrapped,0.0,Stable,Active Hiring,Loss,6.23,1324,53.37,1156,Medium
CascadeRetail U,Hardware,Australia,2026,6544,Public/Post-IPO,312.4,Stable,Hiring Freeze,Loss,-7.69,3228,49.32,3316,High
CrescentRobotics,Technology,United Kingdom,2022,7740,Public/Post-IPO,153.6,Increasing,Active Hiring,Loss,-9.43,337,4.35,7403,Low
IroncladSoftware S,Technology,United States,2025,4389,Funded,24.3,Decreasing,Active Hiring,Profit,14.08,891,20.3,3498,Low
OrbitBio,Real Estate,Canada,2025,685,Public/Post-IPO,20.2,Stable,Active Hiring,Profit,19.23,175,25.59,510,Low
WaveHealth Y,Real Estate,United Kingdom,2022,7001,Funded,90.8,Stable,Selective Hiring,Profit,13.81,1672,23.88,5329,High
TerraBio L,Technology,United States,2024,9033,Funded,4.8,Increasing,Hiring Freeze,Profit,-7.35,2356,26.08,6677,Low
ForgeSystems B,Education,Sweden,2026,8224,Bootstrapped,0.0,Increasing,Selective Hiring,Profit,39.76,584,7.1,7640,Low
IroncladDigital G,Technology,United States,2022,4092,Bootstrapped,0.0,Stable,Selective Hiring,Profit,-8.41,558,13.63,3534,Medium
FusionHealth L,Hardware,United States,2024,4830,Funded,38.3,Decreasing,Selective Hiring,Profit,2.71,1067,22.1,3763,Medium
KeystoneMedia I,Energy,China,2023,7968,Public/Post-IPO,760.8,Increasing,Hiring Freeze,Profit,31.1,5160,64.76,2808,Medium
CircuitRobotics S,Aerospace,Brazil,2023,384,Funded,13.1,Decreasing,Selective Hiring,Loss,11.18,255,66.42,129,High
ClarityRobotics U,Finance,Singapore,2023,4860,Public/Post-IPO,27.0,Increasing,Selective Hiring,Profit,30.66,272,5.59,4588,Low
ForgeCapital,Logistics,United States,2026,6572,Funded,8.5,Decreasing,Hiring Freeze,Loss,-12.65,2094,31.86,4478,Medium
ForgeRobotics Q,Hospitality,China,2025,1963,Bootstrapped,0.0,Increasing,Hiring Freeze,Profit,5.16,580,29.53,1383,Low
SolaceRetail X,Media & Entertainment,United States,2026,8874,Bootstrapped,0.0,Stable,Active Hiring,Loss,5.34,1173,13.22,7701,Low
VertexVentures W,Technology,Netherlands,2023,5165,Public/Post-IPO,55.2,Increasing,Hiring Freeze,Profit,15.47,727,14.07,4438,Medium
DriftNetworks W,Biotech,Netherlands,2026,1106,Bootstrapped,0.0,Increasing,Selective Hiring,Profit,20.06,468,42.33,638,Low
ForgeCapital S,Crypto/Web3,France,2025,4480,Funded,22.5,Stable,Active Hiring,Loss,6.01,3494,77.98,986,High
MeridianBio O,Real Estate,United States,2023,1627,Funded,32.2,Decreasing,Active Hiring,Loss,-5.54,399,24.54,1228,High
HorizonWorks H,Retail,Canada,2023,4632,Funded,63.5,Stable,Active Hiring,Loss,1.85,1694,36.58,2938,Medium
NovaTechnologies C,Education,United States,2026,2436,Funded,22.3,Increasing,Hiring Freeze,Profit,10.17,172,7.08,2264,Low
PioneerTechnologies,Healthcare,United Kingdom,2024,4722,Public/Post-IPO,99.2,Decreasing,Selective Hiring,Loss,-2.86,341,7.22,4381,High
HorizonIndustries W,Real Estate,China,2023,297,Bootstrapped,0.0,Stable,Hiring Freeze,Profit,28.94,63,21.11,234,Medium
NimbusSolutions C,Education,United States,2025,3679,Bootstrapped,0.0,Decreasing,Selective Hiring,Loss,1.85,137,3.73,3542,Low
HarborSoftware O,Finance,United States,2024,8376,Public/Post-IPO,100.3,Increasing,Active Hiring,Profit,-10.31,1307,15.61,7069,Low
DriftHoldings K,Hospitality,Germany,2023,1476,Funded,20.8,Decreasing,Hiring Freeze,Loss,-7.45,598,40.54,878,High
MeridianAnalytics,Consumer Goods,Israel,2023,1551,Public/Post-IPO,86.0,Increasing,Hiring Freeze,Loss,31.93,536,34.54,1015,Medium
MeridianBio V,Manufacturing,Japan,2023,6707,Bootstrapped,0.0,Decreasing,Hiring Freeze,Loss,-23.38,1546,23.05,5161,High
JasperEnergy A,Finance,United States,2023,3219,Public/Post-IPO,430.8,Decreasing,Selective Hiring,Loss,-7.87,2236,69.47,983,High
RidgeHoldings P,Manufacturing,United States,2023,8326,Bootstrapped,0.0,Increasing,Active Hiring,Profit,-2.55,1189,14.28,7137,Low
JasperMotors J,Finance,Germany,2026,2381,Funded,44.8,Increasing,Hiring Freeze,Loss,19.76,1199,50.34,1182,High
MeridianAnalytics,Telecommunications,Germany,2023,8472,Funded,6.2,Decreasing,Selective Hiring,Profit,19.65,1252,14.78,7220,Low
VertexRobotics U,Finance,United States,2023,659,Funded,57.7,Decreasing,Hiring Freeze,Loss,-21.42,53,7.99,606,High
LumenTechnologies Y,Biotech,United States,2023,1016,Funded,24.5,Increasing,Active Hiring,Loss,26.1,59,5.83,957,Low
GraniteBio,Hardware,United States,2025,5580,Public/Post-IPO,77.1,Increasing,Selective Hiring,Profit,19.55,690,12.36,4890,Low
ApexHoldings,Consumer Goods,United States,2022,2892,Public/Post-IPO,30.5,Increasing,Active Hiring,Profit,30.0,180,6.22,2712,Low
WaveEnergy Q,Retail,United States,2022,3238,Bootstrapped,0.0,Increasing,Hiring Freeze,Loss,30.27,1223,37.77,2015,High
CobaltGroup,Biotech,Singapore,2025,2409,Bootstrapped,0.0,Decreasing,Active Hiring,Loss,3.04,187,7.76,2222,Medium
VertexDigital,Consumer Goods,United States,2023,1947,Funded,859.9,Decreasing,Hiring Freeze,Profit,16.35,415,21.33,1532,High
ZenithWorks,Automotive,United States,2026,9570,Bootstrapped,0.0,Decreasing,Hiring Freeze,Loss,6.03,1382,14.44,8188,High
GraniteHoldings J,Real Estate,United States,2022,7956,Public/Post-IPO,1172.9,Increasing,Active Hiring,Profit,32.98,1393,17.51,6563,Low
AnchorDigital Y,Technology,Australia,2024,3040,Public/Post-IPO,356.1,Decreasing,Hiring Freeze,Profit,-7.15,967,31.81,2073,High
HarborHealth K,Energy,United States,2024,4449,Bootstrapped,0.0,Stable,Active Hiring,Loss,7.98,1730,38.88,2719,Medium
TundraFoods Q,Education,United Kingdom,2022,4206,Funded,69.9,Increasing,Hiring Freeze,Profit,17.48,535,12.71,3671,Low
NovaSolutions,Healthcare,United States,2023,2943,Funded,42.6,Stable,Hiring Freeze,Profit,37.11,488,16.59,2455,Medium
NovaSystems,Biotech,United States,2023,299,Public/Post-IPO,148.5,Stable,Active Hiring,Profit,-6.3,18,5.94,281,Low
RidgeWorks,Technology,Israel,2022,9993,Public/Post-IPO,6.3,Decreasing,Selective Hiring,Loss,1.63,6083,60.87,3910,High
GraniteNetworks,Manufacturing,United States,2023,5137,Public/Post-IPO,212.4,Increasing,Selective Hiring,Profit,21.72,124,2.41,5013,Low
IroncladCapital,Biotech,India,2023,5299,Bootstrapped,0.0,Decreasing,Active Hiring,Loss,-26.05,502,9.47,4797,High
PioneerVentures,Manufacturing,United States,2023,2985,Bootstrapped,0.0,Increasing,Active Hiring,Profit,9.64,484,16.23,2501,Low
VertexAero W,Real Estate,Canada,2025,9989,Public/Post-IPO,726.5,Decreasing,Selective Hiring,Loss,6.85,1505,15.07,8484,High
TerraSoftware W,Consumer Goods,India,2025,9614,Public/Post-IPO,298.0,Increasing,Active Hiring,Profit,37.91,739,7.69,8875,Low
TundraAero,Retail,Japan,2022,9936,Public/Post-IPO,547.7,Decreasing,Active Hiring,Profit,5.43,2653,26.7,7283,Medium
ClarityAnalytics U,Logistics,Sweden,2023,1641,Funded,10.9,Stable,Hiring Freeze,Profit,16.59,346,21.11,1295,Medium
TundraDynamics T,Aerospace,Canada,2023,5548,Funded,5.9,Increasing,Selective Hiring,Profit,39.64,418,7.53,5130,Low
IroncladAnalytics,Energy,United States,2023,720,Funded,13.4,Stable,Hiring Freeze,Loss,-4.52,379,52.58,341,High
SummitRobotics D,Manufacturing,United States,2026,5237,Public/Post-IPO,29.9,Decreasing,Hiring Freeze,Profit,5.29,626,11.95,4611,High
BrightLogistics Y,Logistics,India,2024,5604,Public/Post-IPO,1897.0,Stable,Active Hiring,Profit,0.09,1320,23.55,4284,Low
LumenSolutions P,Finance,United States,2023,320,Bootstrapped,0.0,Increasing,Selective Hiring,Profit,25.22,101,31.61,219,Low
BeaconBio,Consumer Goods,United States,2022,6578,Public/Post-IPO,136.2,Increasing,Hiring Freeze,Profit,22.0,1560,23.72,5018,Low
MeridianRetail,Crypto/Web3,Poland,2023,762,Bootstrapped,0.0,Increasing,Hiring Freeze,Profit,4.69,104,13.67,658,Low
HorizonSolutions A,Aerospace,India,2022,6971,Bootstrapped,0.0,Decreasing,Hiring Freeze,Loss,2.9,4352,62.43,2619,High
SummitNetworks O,Technology,Brazil,2024,3897,Bootstrapped,0.0,Increasing,Hiring Freeze,Loss,-1.51,428,10.99,3469,High
ClarityAnalytics,Manufacturing,United States,2026,353,Funded,36.5,Increasing,Active Hiring,Loss,15.37,49,13.77,304,Low
RidgeBio X,Manufacturing,Canada,2022,1317,Funded,5.4,Decreasing,Selective Hiring,Loss,-17.16,265,20.1,1052,High
VertexCapital D,Education,United Kingdom,2023,6826,Public/Post-IPO,14.1,Increasing,Hiring Freeze,Profit,1.25,228,3.34,6598,Low
CascadeHoldings F,Crypto/Web3,Germany,2023,5758,Funded,11.3,Increasing,Active Hiring,Profit,15.48,952,16.54,4806,Low
MeridianBio O,Media & Entertainment,Japan,2023,6249,Public/Post-IPO,108.8,Decreasing,Hiring Freeze,Loss,-34.19,1329,21.26,4920,Medium
TerraHoldings N,Education,France,2025,2958,Funded,33.0,Decreasing,Selective Hiring,Profit,-2.7,766,25.9,2192,Medium
ZenithAero,Hospitality,United States,2025,949,Funded,68.7,Increasing,Selective Hiring,Loss,9.54,281,29.56,668,Low
TundraWorks N,Media & Entertainment,Germany,2023,4541,Public/Post-IPO,125.8,Stable,Hiring Freeze,Loss,-8.28,280,6.16,4261,Medium
KeystoneAero Q,Consumer Goods,United States,2022,4839,Funded,22.0,Decreasing,Active Hiring,Profit,-8.7,239,4.93,4600,Medium
VantageSoftware D,Manufacturing,United States,2023,4916,Funded,191.7,Increasing,Active Hiring,Profit,38.48,494,10.05,4422,Low
PioneerCapital A,Aerospace,United States,2024,9920,Funded,14.3,Increasing,Selective Hiring,Loss,7.73,876,8.83,9044,Low
BeaconNetworks P,Technology,United Kingdom,2023,2312,Bootstrapped,0.0,Decreasing,Hiring Freeze,Profit,-2.33,186,8.03,2126,High
ZenithBio W,Retail,Netherlands,2024,348,Funded,17.5,Stable,Hiring Freeze,Loss,-19.84,142,40.92,206,High
CrescentCapital,Healthcare,Japan,2024,138,Funded,19.1,Increasing,Selective Hiring,Profit,7.7,15,10.76,123,Low
HarborLabs,Crypto/Web3,Japan,2024,926,Funded,29.7,Increasing,Selective Hiring,Profit,1.64,170,18.35,756,Low
JasperFoods S,Energy,Singapore,2026,7339,Bootstrapped,0.0,Decreasing,Hiring Freeze,Loss,-24.82,1303,17.76,6036,High
WaveFoods,Consumer Goods,United States,2023,8422,Public/Post-IPO,117.6,Decreasing,Hiring Freeze,Profit,-2.54,3231,38.36,5191,High
CobaltAnalytics D,Media & Entertainment,United States,2024,6281,Funded,9.5,Increasing,Selective Hiring,Profit,23.64,242,3.85,6039,Medium
SolaceHoldings Q,Hospitality,Canada,2022,2264,Funded,54.7,Increasing,Hiring Freeze,Profit,36.29,1463,64.62,801,High
PioneerLogistics W,Technology,United States,2026,2735,Public/Post-IPO,0.0,Increasing,Active Hiring,Profit,-4.07,308,11.27,2427,Low
BrightAnalytics Z,Hospitality,Japan,2025,2122,Bootstrapped,0.0,Increasing,Active Hiring,Profit,7.65,63,2.99,2059,Low
SummitCapital,Healthcare,France,2025,6691,Funded,154.8,Increasing,Hiring Freeze,Loss,-29.01,380,5.68,6311,Medium
ForgeTechnologies,Media & Entertainment,United Kingdom,2023,3426,Public/Post-IPO,755.4,Decreasing,Selective Hiring,Loss,-6.64,2377,69.39,1049,High
ForgeRetail R,Consumer Goods,China,2022,2135,Public/Post-IPO,487.2,Stable,Hiring Freeze,Profit,22.18,492,23.06,1643,Medium
GlacierEnergy E,Healthcare,United States,2023,6570,Public/Post-IPO,34.2,Stable,Hiring Freeze,Loss,23.5,558,8.5,6012,Medium
TundraHoldings,Real Estate,United States,2022,3418,Funded,28.8,Decreasing,Hiring Freeze,Loss,15.19,1757,51.4,1661,High
KeystoneRobotics F,Retail,United States,2022,8163,Public/Post-IPO,41.1,Increasing,Active Hiring,Loss,33.38,2491,30.51,5672,Low
VantageRetail O,Hardware,India,2024,5321,Funded,39.2,Decreasing,Hiring Freeze,Loss,-21.21,5055,95.0,266,High
FusionHoldings,Technology,China,2023,4314,Bootstrapped,0.0,Increasing,Hiring Freeze,Profit,24.97,369,8.56,3945,Low
WaveMotors,Logistics,United Kingdom,2024,6325,Funded,10.7,Increasing,Active Hiring,Loss,27.23,1851,29.26,4474,High
HorizonHealth M,Retail,Poland,2023,2155,Bootstrapped,0.0,Decreasing,Hiring Freeze,Loss,-16.67,745,34.58,1410,High
SolaceLabs,Energy,United Kingdom,2026,7373,Funded,8.7,Decreasing,Selective Hiring,Loss,-26.57,2305,31.26,5068,High
AnchorTechnologies,Crypto/Web3,United States,2023,2936,Funded,41.2,Increasing,Selective Hiring,Profit,33.81,143,4.87,2793,Low
HorizonFoods O,Real Estate,United States,2024,8080,Public/Post-IPO,565.6,Decreasing,Active Hiring,Loss,0.43,3624,44.85,4456,High
LumenDigital,Telecommunications,United States,2026,8190,Public/Post-IPO,210.4,Decreasing,Hiring Freeze,Profit,-20.78,2844,34.73,5346,High
LumenDigital,Logistics,United States,2024,3178,Funded,29.4,Decreasing,Active Hiring,Profit,0.22,486,15.28,2692,Low
JasperRobotics D,Education,France,2023,8459,Funded,35.0,Stable,Selective Hiring,Loss,-2.9,958,11.33,7501,Low
CatalystMotors Z,Consumer Goods,Brazil,2023,4763,Bootstrapped,0.0,Stable,Active Hiring,Profit,5.98,1893,39.74,2870,Low
WaveAero,Hardware,United States,2023,2428,Bootstrapped,0.0,Increasing,Active Hiring,Profit,-9.4,624,25.7,1804,Low
KeystoneSolutions C,Retail,United States,2022,1981,Bootstrapped,0.0,Stable,Active Hiring,Profit,-11.8,119,6.03,1862,Low
VantageBio A,Crypto/Web3,United States,2023,726,Bootstrapped,0.0,Decreasing,Active Hiring,Loss,-12.14,486,66.89,240,High
GraniteSystems,Telecommunications,India,2023,2001,Bootstrapped,0.0,Decreasing,Selective Hiring,Loss,1.96,744,37.17,1257,High
CrescentRobotics,Media & Entertainment,United States,2022,3470,Bootstrapped,0.0,Decreasing,Hiring Freeze,Profit,5.02,1449,41.76,2021,High
VertexNetworks U,Technology,United States,2023,5905,Public/Post-IPO,212.8,Increasing,Active Hiring,Profit,11.09,703,11.91,5202,Low
PioneerCapital B,Energy,Brazil,2022,7821,Funded,2.1,Increasing,Selective Hiring,Profit,6.82,666,8.52,7155,Low
LumenTechnologies O,Healthcare,Canada,2024,4289,Bootstrapped,0.0,Stable,Hiring Freeze,Profit,33.84,1572,36.65,2717,Medium
GlacierWorks V,Retail,Netherlands,2026,6520,Bootstrapped,0.0,Increasing,Selective Hiring,Profit,3.29,1207,18.51,5313,High
LumenVentures Z,Technology,Australia,2023,7843,Public/Post-IPO,299.1,Decreasing,Selective Hiring,Loss,1.35,6472,82.52,1371,High
OrbitWorks,Media & Entertainment,India,2024,6542,Funded,37.1,Decreasing,Selective Hiring,Loss,-32.11,3274,50.04,3268,High
CircuitWorks,Healthcare,United States,2022,8696,Funded,53.2,Increasing,Selective Hiring,Loss,-13.46,6508,74.84,2188,High
QuantumSolutions X,Real Estate,Canada,2025,4308,Public/Post-IPO,120.1,Increasing,Hiring Freeze,Profit,11.57,257,5.96,4051,High
EchoDigital N,Education,Singapore,2025,2404,Public/Post-IPO,1531.7,Decreasing,Selective Hiring,Loss,6.35,1130,46.99,1274,High
OrbitSoftware W,Consumer Goods,Australia,2023,8992,Funded,56.6,Increasing,Hiring Freeze,Profit,-10.71,3501,38.93,5491,Medium
ForgeRobotics,Biotech,United States,2026,1423,Funded,154.6,Decreasing,Hiring Freeze,Profit,22.51,335,23.53,1088,Low
HorizonBio T,Real Estate,United States,2022,7048,Funded,32.0,Decreasing,Active Hiring,Loss,-10.91,3292,46.71,3756,Low
VertexEnergy C,Finance,India,2022,4710,Funded,12.5,Increasing,Hiring Freeze,Profit,0.49,819,17.39,3891,Low
EchoCapital I,Retail,China,2025,165,Funded,4.2,Decreasing,Active Hiring,Profit,-13.36,38,22.85,127,Low
SummitSolutions Q,Consumer Goods,United Kingdom,2023,3404,Public/Post-IPO,0.0,Decreasing,Active Hiring,Loss,-29.7,1278,37.53,2126,High
GlacierMedia D,Finance,India,2022,6052,Public/Post-IPO,430.6,Decreasing,Hiring Freeze,Loss,-38.0,4575,75.6,1477,High
NovaVentures N,Automotive,United States,2022,639,Bootstrapped,0.0,Decreasing,Active Hiring,Loss,-40.2,111,17.42,528,High
IroncladBio R,Telecommunications,Netherlands,2026,4202,Public/Post-IPO,84.9,Decreasing,Active Hiring,Profit,-26.7,1388,33.04,2814,Low
ApexVentures Z,Telecommunications,Canada,2022,8233,Funded,14.9,Stable,Active Hiring,Profit,-17.86,2238,27.18,5995,Low
VertexDigital U,Hardware,United States,2023,2230,Funded,5.5,Decreasing,Active Hiring,Profit,3.41,156,6.98,2074,Low
VantageBio Z,Hospitality,Netherlands,2026,7034,Funded,254.0,Increasing,Selective Hiring,Profit,-0.99,1597,22.71,5437,Low
CascadeLabs P,Telecommunications,United States,2023,8172,Funded,11.1,Stable,Active Hiring,Profit,10.66,1719,21.04,6453,High
WaveMotors,Healthcare,India,2023,9679,Public/Post-IPO,557.6,Increasing,Active Hiring,Loss,15.3,1340,13.84,8339,Low
TundraHoldings K,Consumer Goods,France,2023,2858,Public/Post-IPO,43.1,Decreasing,Hiring Freeze,Loss,-7.11,1602,56.04,1256,High
ApexLabs,Manufacturing,United States,2022,9769,Funded,72.8,Decreasing,Selective Hiring,Profit,5.66,3283,33.61,6486,Medium
VertexEnergy H,Media & Entertainment,India,2023,9273,Bootstrapped,0.0,Decreasing,Hiring Freeze,Profit,-8.7,784,8.45,8489,Medium
MeridianDynamics,Media & Entertainment,India,2024,7423,Funded,6.9,Stable,Hiring Freeze,Loss,9.23,373,5.03,7050,High
QuantumFoods,Finance,Japan,2022,6767,Funded,11.1,Decreasing,Hiring Freeze,Loss,16.27,1581,23.36,5186,Medium
JasperGroup Y,Retail,Canada,2022,9595,Public/Post-IPO,119.2,Decreasing,Selective Hiring,Loss,-13.14,3411,35.55,6184,High
BeaconRobotics K,Retail,Germany,2022,1294,Bootstrapped,0.0,Increasing,Hiring Freeze,Profit,7.12,238,18.37,1056,Low
MeridianTechnologies H,Aerospace,Brazil,2026,9205,Public/Post-IPO,75.0,Increasing,Hiring Freeze,Profit,-6.41,763,8.29,8442,High
TerraDigital O,Hospitality,Singapore,2022,1911,Funded,17.6,Increasing,Hiring Freeze,Profit,44.44,119,6.24,1792,Low
FusionMotors,Logistics,India,2025,4412,Bootstrapped,0.0,Decreasing,Selective Hiring,Profit,-7.26,479,10.86,3933,Low
TundraNetworks,Aerospace,United States,2023,7127,Funded,23.5,Decreasing,Selective Hiring,Profit,-8.4,892,12.52,6235,Low
NimbusSystems,Biotech,India,2024,8066,Public/Post-IPO,279.9,Increasing,Active Hiring,Profit,14.34,77,0.96,7989,Low
FusionLabs A,Manufacturing,United States,2022,8952,Bootstrapped,0.0,Increasing,Active Hiring,Loss,7.19,322,3.6,8630,Medium
EchoCapital Z,Media & Entertainment,Germany,2024,899,Funded,4.1,Decreasing,Active Hiring,Loss,10.98,250,27.86,649,Low
ClarityDigital D,Automotive,United States,2023,1480,Funded,175.9,Stable,Hiring Freeze,Loss,-19.63,465,31.42,1015,Medium
MeridianAnalytics,Hardware,United States,2024,1087,Bootstrapped,0.0,Increasing,Selective Hiring,Profit,80.0,35,3.26,1052,Low
ZenithRobotics V,Hospitality,United States,2026,2955,Funded,48.9,Decreasing,Hiring Freeze,Profit,2.93,221,7.47,2734,High
CobaltAero R,Logistics,United States,2025,1118,Funded,19.0,Increasing,Selective Hiring,Profit,14.99,209,18.7,909,Low
CatalystDigital E,Crypto/Web3,China,2026,8587,Funded,39.6,Increasing,Selective Hiring,Profit,-9.9,1853,21.58,6734,Low
RidgeFoods J,Logistics,Canada,2022,9897,Funded,25.6,Increasing,Active Hiring,Loss,13.77,1118,11.3,8779,Low
ApexEnergy D,Energy,United States,2025,6775,Bootstrapped,0.0,Increasing,Selective Hiring,Loss,-3.69,3062,45.2,3713,Medium
ZenithGroup H,Automotive,United States,2023,777,Public/Post-IPO,34.9,Stable,Active Hiring,Loss,11.15,63,8.14,714,Low
NovaVentures N,Energy,United States,2025,289,Bootstrapped,0.0,Increasing,Selective Hiring,Loss,-3.39,24,8.14,265,Low
VantageBio J,Media & Entertainment,United Kingdom,2025,1396,Funded,45.7,Decreasing,Selective Hiring,Loss,-33.49,169,12.14,1227,Low
ForgeSolutions J,Crypto/Web3,India,2022,3212,Public/Post-IPO,95.8,Increasing,Hiring Freeze,Loss,14.99,418,13.02,2794,Medium
CascadeLogistics Q,Hospitality,United States,2025,8820,Funded,22.7,Increasing,Hiring Freeze,Profit,24.99,1195,13.55,7625,Low
CatalystSolutions K,Telecommunications,United States,2023,3375,Public/Post-IPO,7.3,Stable,Active Hiring,Profit,6.06,288,8.52,3087,Low
BeaconDigital D,Retail,United States,2026,5390,Public/Post-IPO,208.7,Increasing,Selective Hiring,Loss,22.28,1496,27.76,3894,Low
WaveRetail E,Education,India,2025,4209,Public/Post-IPO,15.4,Increasing,Selective Hiring,Profit,23.87,881,20.94,3328,Low
GlacierSystems,Manufacturing,Singapore,2024,5839,Funded,2.3,Increasing,Hiring Freeze,Profit,-9.04,2480,42.47,3359,Medium
ForgeDynamics W,Media & Entertainment,Australia,2023,1129,Funded,13.3,Decreasing,Hiring Freeze,Loss,-28.98,761,67.43,368,High
NimbusAero,Hardware,United States,2023,291,Funded,29.3,Stable,Active Hiring,Profit,15.95,51,17.66,240,Low
ApexDynamics O,Finance,United States,2026,1548,Funded,26.7,Increasing,Hiring Freeze,Profit,-14.99,73,4.74,1475,Low
OrbitEnergy,Education,United States,2024,5420,Funded,29.5,Decreasing,Active Hiring,Loss,-12.33,1502,27.71,3918,Medium
ForgeWorks S,Retail,Singapore,2023,7485,Public/Post-IPO,138.6,Decreasing,Active Hiring,Profit,-16.12,1853,24.75,5632,Low
MeridianAero J,Automotive,Japan,2026,9744,Bootstrapped,0.0,Decreasing,Hiring Freeze,Loss,-23.28,4166,42.75,5578,High
SummitRobotics M,Logistics,United Kingdom,2025,8486,Bootstrapped,0.0,Decreasing,Active Hiring,Loss,18.1,2654,31.28,5832,Medium
ApexVentures B,Energy,United Kingdom,2024,9482,Bootstrapped,0.0,Stable,Hiring Freeze,Profit,14.96,7073,74.59,2409,Medium
RidgeLabs X,Energy,China,2023,1968,Bootstrapped,0.0,Increasing,Selective Hiring,Profit,49.13,426,21.66,1542,Low
GraniteRetail W,Manufacturing,United States,2022,1531,Funded,14.7,Decreasing,Active Hiring,Profit,-8.13,206,13.46,1325,High
AnchorMedia T,Telecommunications,Netherlands,2022,8937,Public/Post-IPO,676.5,Increasing,Hiring Freeze,Profit,80.0,1563,17.49,7374,Low
ForgeWorks S,Technology,United States,2024,761,Funded,88.7,Increasing,Hiring Freeze,Loss,14.08,140,18.37,621,Low
DriftDigital L,Automotive,United States,2026,8078,Bootstrapped,0.0,Stable,Active Hiring,Profit,9.23,1082,13.39,6996,Low
DeltaDynamics P,Finance,United States,2022,7288,Public/Post-IPO,47.6,Decreasing,Hiring Freeze,Loss,-13.53,3617,49.63,3671,High
BeaconAero V,Energy,United States,2022,5056,Bootstrapped,0.0,Increasing,Selective Hiring,Loss,16.75,1088,21.52,3968,Medium
ForgeIndustries T,Aerospace,Canada,2022,1205,Bootstrapped,0.0,Stable,Hiring Freeze,Profit,9.65,314,26.05,891,Medium
JasperLabs B,Automotive,Netherlands,2025,2149,Bootstrapped,0.0,Stable,Hiring Freeze,Loss,20.3,150,6.99,1999,Medium
PioneerAero W,Media & Entertainment,Germany,2023,3862,Funded,380.7,Increasing,Hiring Freeze,Profit,8.22,254,6.57,3608,Medium
TundraTechnologies,Telecommunications,United States,2022,5005,Funded,22.8,Increasing,Selective Hiring,Profit,40.13,795,15.88,4210,Low
BrightLogistics,Energy,China,2025,3116,Funded,13.1,Decreasing,Selective Hiring,Profit,-7.23,667,21.41,2449,Medium
RidgeSystems O,Telecommunications,United States,2022,3996,Funded,68.5,Increasing,Active Hiring,Profit,2.96,963,24.11,3033,Low
CascadeHoldings F,Real Estate,United States,2022,6955,Funded,1.2,Stable,Active Hiring,Loss,23.39,4330,62.26,2625,High
IroncladDynamics A,Retail,Israel,2022,1167,Funded,47.6,Decreasing,Selective Hiring,Profit,13.87,164,14.04,1003,Low
VertexBio,Media & Entertainment,United States,2023,5608,Public/Post-IPO,1787.5,Decreasing,Hiring Freeze,Profit,-24.1,1703,30.36,3905,High
DeltaDigital,Healthcare,Singapore,2022,7689,Bootstrapped,0.0,Stable,Active Hiring,Profit,7.84,1417,18.43,6272,Low
AnchorWorks C,Automotive,Sweden,2023,5841,Funded,20.4,Stable,Active Hiring,Loss,10.67,1226,20.99,4615,Low
CascadeMedia I,Retail,United Kingdom,2026,896,Bootstrapped,0.0,Stable,Selective Hiring,Loss,9.99,170,19.0,726,Medium
ForgeHealth W,Technology,United States,2023,9055,Funded,18.0,Decreasing,Hiring Freeze,Loss,-24.2,5740,63.39,3315,High
RidgeAnalytics,Healthcare,United States,2022,1114,Bootstrapped,0.0,Decreasing,Hiring Freeze,Loss,0.89,596,53.47,518,High
RidgeHealth Y,Aerospace,France,2024,5460,Bootstrapped,0.0,Decreasing,Hiring Freeze,Profit,-2.0,3827,70.09,1633,High
DriftHoldings Z,Automotive,Israel,2023,4843,Public/Post-IPO,59.8,Increasing,Hiring Freeze,Profit,-2.44,1538,31.76,3305,High
ZenithRetail M,Real Estate,United States,2022,1540,Public/Post-IPO,1710.6,Decreasing,Active Hiring,Profit,-14.76,418,27.17,1122,Low
CobaltAero T,Technology,India,2023,4557,Public/Post-IPO,3207.5,Decreasing,Hiring Freeze,Loss,-0.05,3927,86.18,630,High
RidgeAnalytics D,Consumer Goods,Japan,2023,5942,Funded,22.5,Increasing,Hiring Freeze,Profit,16.57,1131,19.04,4811,Low
ApexIndustries G,Hospitality,Netherlands,2024,4628,Bootstrapped,0.0,Increasing,Hiring Freeze,Profit,38.39,957,20.68,3671,Low
CrescentSolutions U,Consumer Goods,Israel,2024,3971,Bootstrapped,0.0,Increasing,Hiring Freeze,Loss,0.43,1171,29.48,2800,Low
CircuitCapital V,Aerospace,United Kingdom,2023,7167,Public/Post-IPO,58.1,Stable,Active Hiring,Loss,23.64,423,5.9,6744,Low
SolaceHoldings Z,Logistics,United States,2024,6242,Bootstrapped,0.0,Stable,Hiring Freeze,Profit,-1.88,850,13.61,5392,Low
HorizonSolutions H,Logistics,United States,2022,3769,Funded,0.0,Increasing,Selective Hiring,Profit,41.98,329,8.73,3440,Low
GlacierEnergy,Biotech,India,2026,8284,Public/Post-IPO,291.2,Increasing,Selective Hiring,Profit,5.13,2078,25.08,6206,Medium
JasperDigital,Media & Entertainment,Sweden,2026,4333,Public/Post-IPO,72.8,Stable,Selective Hiring,Loss,0.93,969,22.36,3364,Low
ForgeRetail,Retail,United States,2022,4022,Bootstrapped,0.0,Stable,Active Hiring,Loss,-14.02,1833,45.58,2189,High
TerraIndustries S,Education,Netherlands,2023,9163,Bootstrapped,0.0,Decreasing,Hiring Freeze,Profit,14.61,6816,74.39,2347,Low
BrightDigital R,Education,Germany,2023,7460,Bootstrapped,0.0,Decreasing,Selective Hiring,Profit,-14.9,144,1.93,7316,Low
CobaltNetworks N,Biotech,France,2022,8099,Bootstrapped,0.0,Increasing,Active Hiring,Profit,-5.17,2243,27.69,5856,Low
WaveWorks U,Logistics,China,2022,9776,Funded,25.8,Decreasing,Active Hiring,Profit,-9.26,1218,12.46,8558,Medium
WaveIndustries L,Logistics,Germany,2022,3973,Public/Post-IPO,503.5,Decreasing,Hiring Freeze,Loss,-7.07,1761,44.32,2212,High
JasperRetail W,Logistics,United States,2024,7887,Funded,18.2,Stable,Selective Hiring,Profit,45.71,963,12.21,6924,Low
BeaconSystems U,Manufacturing,Poland,2023,7929,Bootstrapped,0.0,Stable,Selective Hiring,Profit,-21.08,243,3.07,7686,Low
CobaltAero O,Finance,India,2022,1156,Funded,26.0,Decreasing,Hiring Freeze,Loss,-26.44,269,23.23,887,High
NovaRetail A,Real Estate,Germany,2024,6354,Public/Post-IPO,200.1,Decreasing,Hiring Freeze,Loss,-2.15,2804,44.13,3550,Medium
WaveMotors N,Consumer Goods,Canada,2023,9683,Public/Post-IPO,70.4,Decreasing,Active Hiring,Profit,-27.61,5515,56.96,4168,High
JasperGroup Y,Retail,India,2025,7029,Funded,21.5,Increasing,Hiring Freeze,Profit,13.81,159,2.26,6870,Low
PioneerHoldings A,Logistics,United States,2024,8728,Funded,544.3,Decreasing,Active Hiring,Loss,-10.12,6899,79.04,1829,Medium
IroncladBio U,Manufacturing,Germany,2023,6510,Public/Post-IPO,102.7,Decreasing,Active Hiring,Loss,-2.38,3641,55.93,2869,Medium
IroncladEnergy E,Energy,Germany,2022,4962,Funded,508.4,Stable,Selective Hiring,Loss,11.6,1216,24.5,3746,Medium
VantageHoldings E,Education,United States,2026,5105,Funded,6.6,Increasing,Hiring Freeze,Profit,14.81,4409,86.37,696,High
TerraSystems,Crypto/Web3,India,2023,8111,Funded,49.1,Decreasing,Active Hiring,Loss,-23.76,920,11.34,7191,High
WaveLogistics E,Telecommunications,France,2023,8763,Funded,91.5,Stable,Active Hiring,Loss,-9.09,6891,78.64,1872,High
MeridianLogistics,Finance,Australia,2024,9551,Bootstrapped,0.0,Stable,Hiring Freeze,Loss,-33.95,4445,46.54,5106,High
DriftIndustries N,Finance,India,2024,8727,Bootstrapped,0.0,Stable,Hiring Freeze,Profit,4.02,4916,56.33,3811,Medium
WaveEnergy Q,Biotech,Sweden,2023,3218,Bootstrapped,0.0,Stable,Hiring Freeze,Profit,11.85,946,29.4,2272,Low
StellarIndustries B,Biotech,Germany,2023,9371,Public/Post-IPO,50.5,Increasing,Active Hiring,Profit,11.92,1819,19.41,7552,Low
CrescentCapital X,Hospitality,United States,2026,5376,Funded,259.8,Increasing,Hiring Freeze,Loss,19.96,498,9.26,4878,Low
QuantumDigital W,Healthcare,United States,2022,4218,Funded,138.0,Stable,Hiring Freeze,Profit,19.05,3043,72.14,1175,High
DeltaNetworks U,Crypto/Web3,United States,2024,769,Bootstrapped,0.0,Decreasing,Selective Hiring,Loss,-22.83,81,10.54,688,High
GraniteWorks,Logistics,United States,2022,5560,Funded,19.8,Stable,Hiring Freeze,Loss,9.08,2461,44.27,3099,High
MeridianHealth,Hospitality,Brazil,2025,6403,Public/Post-IPO,382.8,Decreasing,Selective Hiring,Profit,10.49,1227,19.17,5176,Low
BrightBio S,Technology,United Kingdom,2025,2095,Bootstrapped,0.0,Stable,Hiring Freeze,Loss,15.79,677,32.31,1418,High
IroncladBio,Hospitality,China,2024,4411,Funded,63.8,Increasing,Active Hiring,Loss,6.52,535,12.12,3876,Low
GraniteEnergy,Automotive,India,2023,6451,Funded,120.0,Increasing,Active Hiring,Profit,50.63,619,9.59,5832,Low
FusionLogistics E,Finance,Poland,2024,7897,Funded,12.0,Increasing,Hiring Freeze,Profit,28.65,1792,22.69,6105,Low
WaveSolutions D,Retail,Japan,2024,2999,Bootstrapped,0.0,Stable,Selective Hiring,Loss,32.55,2244,74.81,755,High
EchoIndustries V,Finance,United States,2022,2327,Funded,16.6,Increasing,Hiring Freeze,Profit,38.04,886,38.07,1441,Low
RidgeSystems,Aerospace,China,2025,2001,Bootstrapped,0.0,Decreasing,Selective Hiring,Loss,20.74,730,36.46,1271,High
KeystoneRetail H,Automotive,United States,2022,4618,Funded,27.6,Increasing,Selective Hiring,Profit,39.86,505,10.94,4113,Low
CatalystNetworks,Education,Sweden,2023,6504,Funded,13.3,Stable,Hiring Freeze,Loss,3.99,4640,71.34,1864,High
WaveLogistics Y,Healthcare,United States,2025,2304,Funded,0.0,Stable,Hiring Freeze,Profit,19.64,2006,87.05,298,High
KeystoneRobotics S,Real Estate,France,2023,4373,Funded,13.8,Decreasing,Active Hiring,Loss,-17.51,564,12.89,3809,Low
FusionSolutions B,Hardware,Sweden,2023,2522,Bootstrapped,0.0,Increasing,Hiring Freeze,Loss,18.44,655,25.99,1867,Medium
CatalystMotors J,Crypto/Web3,Singapore,2023,7069,Funded,15.2,Increasing,Hiring Freeze,Loss,19.39,986,13.95,6083,Medium
StellarIndustries U,Healthcare,India,2024,668,Public/Post-IPO,73.6,Decreasing,Selective Hiring,Loss,-6.21,205,30.69,463,High
DeltaSolutions O,Consumer Goods,United States,2023,1184,Funded,23.4,Decreasing,Selective Hiring,Loss,-30.12,848,71.62,336,High
JasperWorks X,Finance,France,2026,3995,Funded,157.0,Stable,Hiring Freeze,Loss,-4.99,1478,37.0,2517,High
GraniteIndustries,Technology,United States,2022,8284,Funded,37.8,Decreasing,Hiring Freeze,Profit,-2.12,1670,20.16,6614,High
ClarityTechnologies Y,Biotech,United Kingdom,2022,1519,Funded,22.6,Decreasing,Active Hiring,Loss,-22.73,227,14.94,1292,High
LumenAnalytics,Healthcare,Israel,2026,1711,Bootstrapped,0.0,Decreasing,Selective Hiring,Loss,-12.3,352,20.56,1359,Low
JasperLogistics V,Biotech,United Kingdom,2023,2735,Funded,3.0,Stable,Hiring Freeze,Loss,7.87,1342,49.07,1393,High
CobaltHoldings,Biotech,Canada,2024,1306,Bootstrapped,0.0,Increasing,Selective Hiring,Profit,0.93,87,6.64,1219,High
FusionHealth J,Manufacturing,China,2023,7784,Funded,13.8,Increasing,Hiring Freeze,Profit,14.48,1553,19.95,6231,Low
HorizonLabs W,Hospitality,France,2024,5767,Funded,15.9,Increasing,Hiring Freeze,Profit,13.05,46,0.8,5721,Medium
IroncladAero N,Finance,China,2024,2212,Funded,16.0,Increasing,Selective Hiring,Loss,17.65,625,28.26,1587,Low
CrescentDynamics G,Energy,Canada,2026,2401,Funded,61.6,Increasing,Selective Hiring,Loss,17.12,339,14.12,2062,Low
ForgeCapital S,Retail,France,2026,1071,Bootstrapped,0.0,Increasing,Hiring Freeze,Profit,5.48,64,5.97,1007,Low
OrbitRobotics G,Healthcare,China,2023,938,Public/Post-IPO,358.0,Stable,Hiring Freeze,Profit,28.69,61,6.54,877,Low
SummitNetworks X,Logistics,Australia,2022,2436,Bootstrapped,0.0,Stable,Active Hiring,Loss,-32.02,271,11.11,2165,High
CatalystSolutions U,Telecommunications,United Kingdom,2022,7303,Bootstrapped,0.0,Stable,Hiring Freeze,Loss,-6.38,4304,58.93,2999,High
SolaceTechnologies V,Automotive,Poland,2025,1328,Bootstrapped,0.0,Decreasing,Selective Hiring,Loss,1.05,380,28.63,948,High
EmberVentures J,Finance,United States,2023,7051,Funded,125.7,Increasing,Hiring Freeze,Profit,2.52,1190,16.87,5861,Low
ForgeRetail Y,Healthcare,India,2023,6013,Public/Post-IPO,1403.0,Increasing,Hiring Freeze,Profit,43.55,181,3.01,5832,Low
CrescentDigital V,Technology,United States,2022,2704,Bootstrapped,0.0,Stable,Hiring Freeze,Loss,19.97,1220,45.11,1484,High
CircuitHoldings,Hospitality,Japan,2024,5952,Public/Post-IPO,672.3,Stable,Hiring Freeze,Profit,-34.2,2093,35.16,3859,High
AnchorBio,Telecommunications,India,2022,7828,Bootstrapped,0.0,Decreasing,Hiring Freeze,Profit,-7.2,3150,40.24,4678,High
SolaceMedia U,Finance,United Kingdom,2025,7604,Funded,9.5,Stable,Active Hiring,Loss,17.4,1227,16.13,6377,Low
HarborVentures H,Aerospace,Canada,2024,9940,Funded,47.3,Stable,Selective Hiring,Profit,24.16,3340,33.6,6600,Low
NimbusGroup,Healthcare,India,2024,2659,Funded,65.3,Decreasing,Active Hiring,Loss,9.22,708,26.63,1951,Medium
HarborTechnologies,Media & Entertainment,Netherlands,2025,6357,Public/Post-IPO,276.0,Increasing,Hiring Freeze,Profit,24.47,2545,40.03,3812,Low
StellarMedia K,Hardware,India,2022,8794,Funded,11.7,Decreasing,Active Hiring,Profit,7.48,2782,31.64,6012,Low
CrescentIndustries,Telecommunications,United States,2025,3597,Public/Post-IPO,26.4,Stable,Hiring Freeze,Profit,1.35,2300,63.93,1297,High
SolaceCapital J,Crypto/Web3,China,2025,2242,Public/Post-IPO,206.8,Stable,Selective Hiring,Loss,29.47,1176,52.44,1066,High
SolaceMedia U,Logistics,United States,2023,9273,Bootstrapped,0.0,Decreasing,Hiring Freeze,Loss,-25.12,4216,45.47,5057,High
StellarCapital M,Energy,United States,2026,8888,Public/Post-IPO,131.2,Decreasing,Selective Hiring,Loss,-21.35,4772,53.69,4116,High
GlacierDynamics N,Aerospace,Canada,2024,3153,Bootstrapped,0.0,Decreasing,Hiring Freeze,Loss,-25.67,1636,51.88,1517,High
VantageIndustries A,Logistics,United Kingdom,2024,2999,Funded,80.4,Stable,Active Hiring,Loss,-1.56,2096,69.9,903,High
OrbitCapital,Hospitality,Germany,2024,1405,Public/Post-IPO,17.5,Stable,Hiring Freeze,Profit,17.08,260,18.54,1145,Low
VantageRetail O,Hospitality,Germany,2024,2734,Funded,2.0,Stable,Hiring Freeze,Profit,18.54,655,23.97,2079,Medium
QuantumSystems M,Technology,Japan,2022,1831,Public/Post-IPO,787.3,Decreasing,Active Hiring,Loss,-0.03,917,50.08,914,Medium
CascadeGroup X,Hardware,France,2022,4028,Bootstrapped,0.0,Decreasing,Active Hiring,Profit,-22.64,684,16.98,3344,High
IroncladLabs Y,Hardware,Australia,2025,9142,Public/Post-IPO,673.7,Stable,Selective Hiring,Profit,-1.78,2596,28.4,6546,Medium
JasperSystems E,Aerospace,United Kingdom,2026,9683,Bootstrapped,0.0,Increasing,Selective Hiring,Loss,-4.79,4531,46.79,5152,Low
IroncladHoldings X,Biotech,India,2024,9791,Public/Post-IPO,497.7,Increasing,Active Hiring,Profit,32.92,182,1.86,9609,Low
CircuitSoftware L,Finance,India,2023,4598,Funded,17.2,Decreasing,Hiring Freeze,Loss,-0.94,4368,95.0,230,High
FusionSolutions Q,Technology,Australia,2023,1936,Funded,6.1,Increasing,Active Hiring,Profit,-11.74,532,27.47,1404,Low
VertexEnergy T,Energy,Poland,2025,1569,Funded,55.1,Stable,Hiring Freeze,Profit,14.73,555,35.36,1014,Medium
KeystoneLogistics O,Hardware,United Kingdom,2026,1184,Funded,32.9,Stable,Selective Hiring,Profit,2.56,572,48.3,612,Low
StellarSoftware P,Energy,United States,2023,4366,Public/Post-IPO,71.5,Increasing,Active Hiring,Profit,17.56,2431,55.69,1935,Medium
BeaconHoldings,Technology,United States,2022,2856,Funded,37.6,Decreasing,Active Hiring,Loss,-6.73,382,13.36,2474,Medium
HorizonNetworks,Real Estate,Singapore,2023,1286,Bootstrapped,0.0,Increasing,Selective Hiring,Profit,11.92,58,4.5,1228,Low
StellarDynamics F,Finance,India,2023,4099,Funded,11.5,Increasing,Hiring Freeze,Profit,17.75,925,22.56,3174,Medium
QuantumSystems,Crypto/Web3,Germany,2023,8234,Funded,41.9,Decreasing,Active Hiring,Loss,-23.71,1577,19.15,6657,Low
ClarityRobotics X,Logistics,Germany,2022,5737,Public/Post-IPO,225.0,Stable,Active Hiring,Profit,2.08,1909,33.27,3828,Low
WaveDynamics L,Retail,Singapore,2022,3000,Funded,47.7,Increasing,Active Hiring,Profit,42.54,107,3.56,2893,Low
ClarityLabs C,Telecommunications,India,2026,7480,Funded,16.1,Increasing,Hiring Freeze,Loss,10.18,1051,14.05,6429,Low
JasperMedia Q,Biotech,Sweden,2024,1397,Public/Post-IPO,27.4,Stable,Hiring Freeze,Loss,12.72,181,12.98,1216,Medium
TerraIndustries B,Healthcare,Japan,2025,5832,Bootstrapped,0.0,Decreasing,Selective Hiring,Loss,-39.41,1810,31.03,4022,Medium
AnchorNetworks T,Energy,India,2025,3113,Funded,11.8,Increasing,Active Hiring,Profit,-12.84,961,30.88,2152,Low
BeaconWorks U,Logistics,Germany,2022,4225,Public/Post-IPO,1073.1,Decreasing,Active Hiring,Loss,-34.85,4014,95.0,211,High
BrightHealth M,Energy,Canada,2023,4117,Funded,3.4,Increasing,Selective Hiring,Profit,22.72,207,5.04,3910,Low
CascadeSystems X,Technology,India,2025,1097,Bootstrapped,0.0,Stable,Hiring Freeze,Loss,33.6,31,2.83,1066,High
CircuitBio,Education,United States,2023,2997,Bootstrapped,0.0,Increasing,Hiring Freeze,Profit,48.55,357,11.9,2640,Low
TerraIndustries,Crypto/Web3,Singapore,2023,7595,Bootstrapped,0.0,Increasing,Hiring Freeze,Profit,37.87,890,11.72,6705,Low
LumenDynamics P,Finance,Canada,2022,6332,Public/Post-IPO,271.4,Decreasing,Selective Hiring,Loss,-12.68,267,4.21,6065,Low
EmberRetail Y,Hardware,Sweden,2024,6145,Funded,20.1,Decreasing,Selective Hiring,Loss,-26.19,3824,62.23,2321,High
GraniteLabs K,Healthcare,India,2024,6499,Funded,14.7,Decreasing,Selective Hiring,Profit,-32.81,1594,24.53,4905,High
StellarRobotics H,Real Estate,United States,2026,940,Bootstrapped,0.0,Decreasing,Hiring Freeze,Profit,4.08,182,19.33,758,Low
WaveMotors L,Biotech,Poland,2022,9261,Public/Post-IPO,112.2,Increasing,Selective Hiring,Profit,32.69,1923,20.76,7338,Low
KeystoneRobotics Y,Real Estate,United Kingdom,2024,8063,Public/Post-IPO,100.7,Stable,Active Hiring,Profit,-14.94,1325,16.43,6738,Low
GlacierIndustries B,Biotech,Canada,2022,6660,Funded,70.9,Stable,Hiring Freeze,Profit,3.02,376,5.64,6284,Low
HarborSoftware V,Real Estate,Singapore,2026,6737,Bootstrapped,0.0,Decreasing,Hiring Freeze,Loss,-31.03,6034,89.57,703,High
ApexBio Q,Energy,France,2025,1277,Funded,118.7,Stable,Active Hiring,Profit,14.7,55,4.3,1222,Low
DriftMotors W,Automotive,India,2023,7175,Bootstrapped,0.0,Stable,Active Hiring,Loss,30.61,744,10.37,6431,Low
ForgeAero R,Automotive,India,2022,8661,Public/Post-IPO,795.2,Increasing,Hiring Freeze,Profit,23.01,3144,36.3,5517,High
AnchorCapital H,Hardware,Singapore,2023,6577,Funded,31.0,Stable,Hiring Freeze,Profit,32.67,590,8.97,5987,Low
SummitRetail G,Hardware,France,2024,1426,Bootstrapped,0.0,Increasing,Hiring Freeze,Profit,14.99,481,33.72,945,Low
NimbusHoldings A,Crypto/Web3,India,2023,4814,Funded,26.2,Increasing,Hiring Freeze,Loss,-25.43,699,14.51,4115,Medium
NimbusDigital U,Technology,United States,2025,2404,Bootstrapped,0.0,Increasing,Hiring Freeze,Profit,40.65,421,17.51,1983,Low
QuantumCapital S,Healthcare,Canada,2024,7430,Bootstrapped,0.0,Stable,Selective Hiring,Loss,12.45,2276,30.63,5154,Medium
OrbitMotors L,Automotive,United States,2022,1373,Funded,14.0,Decreasing,Selective Hiring,Loss,-4.8,341,24.85,1032,Medium
SummitWorks K,Telecommunications,China,2026,4506,Public/Post-IPO,140.3,Increasing,Hiring Freeze,Loss,21.2,1278,28.36,3228,Low
BrightDynamics X,Consumer Goods,United States,2024,4331,Funded,27.4,Stable,Active Hiring,Loss,19.22,104,2.4,4227,Medium
BrightDigital X,Logistics,Japan,2024,7666,Funded,20.5,Increasing,Hiring Freeze,Profit,9.29,1233,16.09,6433,Low
NimbusDynamics P,Retail,United States,2022,8538,Bootstrapped,0.0,Stable,Hiring Freeze,Loss,3.81,3493,40.91,5045,Medium
ApexHoldings,Energy,India,2022,3343,Public/Post-IPO,183.0,Decreasing,Selective Hiring,Loss,-18.21,492,14.72,2851,High
ApexEnergy,Hardware,United States,2024,3161,Bootstrapped,0.0,Increasing,Active Hiring,Profit,2.36,274,8.66,2887,Low
StellarAnalytics A,Biotech,Germany,2023,1032,Funded,117.9,Increasing,Selective Hiring,Profit,33.03,27,2.61,1005,Low
RidgeSystems S,Aerospace,India,2024,5952,Funded,5.6,Increasing,Selective Hiring,Profit,27.96,858,14.41,5094,Low
SolaceWorks I,Automotive,China,2022,8406,Bootstrapped,0.0,Increasing,Hiring Freeze,Loss,-6.02,4489,53.4,3917,Medium
NimbusGroup O,Real Estate,United States,2024,3139,Bootstrapped,0.0,Increasing,Selective Hiring,Profit,26.08,463,14.75,2676,Low
IroncladDynamics,Retail,United States,2024,6711,Bootstrapped,0.0,Stable,Active Hiring,Loss,-28.51,1211,18.05,5500,Medium
JasperAero L,Technology,India,2024,5927,Public/Post-IPO,581.2,Decreasing,Hiring Freeze,Profit,16.78,3944,66.54,1983,Medium
CrescentSoftware,Manufacturing,Sweden,2022,3326,Bootstrapped,0.0,Decreasing,Selective Hiring,Loss,-0.66,1353,40.67,1973,Medium
VertexHealth L,Technology,United States,2025,9135,Bootstrapped,0.0,Increasing,Hiring Freeze,Loss,15.1,5625,61.58,3510,High
BeaconHoldings V,Consumer Goods,United Kingdom,2023,2998,Public/Post-IPO,6.7,Decreasing,Selective Hiring,Loss,2.92,754,25.14,2244,Medium
ForgeRobotics,Hospitality,China,2022,293,Public/Post-IPO,30.6,Decreasing,Active Hiring,Profit,-7.28,17,5.73,276,Medium
DriftHealth F,Aerospace,United States,2023,5877,Bootstrapped,0.0,Increasing,Hiring Freeze,Profit,4.46,1458,24.81,4419,Low
FusionIndustries,Hospitality,United States,2022,1068,Funded,12.3,Increasing,Active Hiring,Profit,11.81,44,4.16,1024,Low
ForgeAero R,Crypto/Web3,United States,2023,3335,Bootstrapped,0.0,Increasing,Active Hiring,Profit,35.93,212,6.37,3123,Low
HarborAnalytics L,Biotech,India,2024,3862,Bootstrapped,0.0,Decreasing,Hiring Freeze,Loss,9.29,896,23.2,2966,High
ApexRobotics,Manufacturing,United States,2022,7953,Bootstrapped,0.0,Stable,Active Hiring,Profit,-12.01,3141,39.49,4812,Low
TundraHoldings Y,Technology,Israel,2023,451,Bootstrapped,0.0,Decreasing,Hiring Freeze,Loss,7.15,73,16.22,378,Medium
VantageDynamics D,Education,Netherlands,2026,8898,Funded,8.3,Stable,Active Hiring,Profit,42.39,573,6.44,8325,Low
TundraAnalytics T,Retail,United States,2024,8093,Funded,37.3,Stable,Hiring Freeze,Profit,11.72,7688,95.0,405,High
AnchorNetworks R,Automotive,United States,2023,837,Bootstrapped,0.0,Stable,Selective Hiring,Loss,-36.61,588,70.3,249,High
LumenSystems,Technology,United States,2026,365,Bootstrapped,0.0,Increasing,Hiring Freeze,Profit,-24.6,36,9.78,329,Low
BeaconSolutions B,Healthcare,India,2023,1546,Public/Post-IPO,111.6,Stable,Selective Hiring,Loss,7.07,488,31.55,1058,Low
ForgeHealth W,Manufacturing,United States,2024,8397,Bootstrapped,0.0,Decreasing,Active Hiring,Profit,-15.88,4293,51.13,4104,Medium
LumenFoods W,Finance,Poland,2022,2231,Bootstrapped,0.0,Stable,Hiring Freeze,Loss,-27.45,187,8.37,2044,High
CatalystSoftware I,Technology,Brazil,2022,5634,Funded,41.3,Decreasing,Hiring Freeze,Loss,-11.18,2961,52.55,2673,High
CrescentHoldings,Education,United States,2025,7422,Bootstrapped,0.0,Decreasing,Hiring Freeze,Loss,-5.41,3592,48.39,3830,High
VertexGroup O,Consumer Goods,United States,2022,2201,Public/Post-IPO,80.0,Increasing,Selective Hiring,Profit,10.64,407,18.5,1794,Medium
ApexDynamics K,Media & Entertainment,Australia,2022,5848,Bootstrapped,0.0,Decreasing,Active Hiring,Loss,11.88,977,16.7,4871,Low
AnchorRetail V,Hospitality,Australia,2023,7661,Public/Post-IPO,49.4,Decreasing,Hiring Freeze,Loss,25.1,2042,26.66,5619,High
NovaBio S,Energy,China,2022,3984,Public/Post-IPO,272.5,Stable,Active Hiring,Loss,0.62,2116,53.1,1868,High
NimbusEnergy,Aerospace,United States,2026,600,Funded,71.7,Increasing,Hiring Freeze,Profit,14.99,59,9.84,541,Low
NovaFoods E,Education,France,2024,9759,Funded,16.4,Increasing,Active Hiring,Profit,7.59,241,2.47,9518,Low
CascadeLogistics J,Automotive,Germany,2023,4628,Bootstrapped,0.0,Increasing,Hiring Freeze,Loss,34.29,1194,25.8,3434,High
TerraNetworks H,Consumer Goods,India,2026,6182,Public/Post-IPO,79.8,Increasing,Hiring Freeze,Profit,25.61,2248,36.36,3934,Medium
KeystoneMedia I,Retail,Singapore,2026,9710,Bootstrapped,0.0,Decreasing,Hiring Freeze,Profit,-16.22,3676,37.86,6034,Medium
GraniteAnalytics E,Media & Entertainment,United States,2022,8184,Public/Post-IPO,8.0,Decreasing,Hiring Freeze,Profit,-36.16,7775,95.0,409,High
KeystoneIndustries,Telecommunications,United States,2023,8343,Funded,17.2,Decreasing,Hiring Freeze,Profit,-12.16,2257,27.05,6086,High
HarborEnergy D,Hospitality,United States,2022,7890,Funded,23.2,Increasing,Hiring Freeze,Profit,-1.32,1700,21.54,6190,Low
NovaSystems M,Hospitality,United States,2022,8344,Funded,33.7,Stable,Hiring Freeze,Profit,5.875,894,10.72,7450,Medium
FusionBio B,Finance,France,2023,363,Bootstrapped,0.0,Increasing,Hiring Freeze,Profit,-10.91,137,37.86,226,Low
TerraSoftware,Hardware,Israel,2026,5747,Public/Post-IPO,244.9,Increasing,Selective Hiring,Profit,-1.97,562,9.78,5185,Low
CascadeNetworks,Energy,United States,2026,3179,Funded,51.4,Decreasing,Hiring Freeze,Loss,-18.37,1024,32.21,2155,High
AnchorVentures I,Aerospace,Brazil,2022,3078,Bootstrapped,0.0,Increasing,Hiring Freeze,Loss,6.18,428,13.92,2650,Medium
VantageCapital R,Consumer Goods,United States,2026,1287,Funded,26.7,Increasing,Active Hiring,Loss,-2.19,480,37.31,807,Low
FusionMotors X,Hospitality,India,2023,7055,Bootstrapped,0.0,Increasing,Selective Hiring,Loss,23.59,2611,37.01,4444,Medium
IroncladHoldings L,Technology,Israel,2026,6523,Bootstrapped,0.0,Decreasing,Active Hiring,Loss,-24.49,4278,65.58,2245,High
SummitNetworks C,Logistics,United Kingdom,2022,5067,Public/Post-IPO,505.1,Increasing,Hiring Freeze,Profit,15.59,1472,29.06,3595,Low
CrescentMedia,Automotive,China,2026,2392,Funded,21.8,Decreasing,Active Hiring,Loss,-4.76,248,10.38,2144,Low
RidgeMedia,Hardware,United States,2023,4570,Funded,55.7,Increasing,Active Hiring,Profit,59.51,835,18.28,3735,Low
TundraSystems Z,Real Estate,Canada,2022,1322,Bootstrapped,0.0,Stable,Hiring Freeze,Loss,22.59,190,14.38,1132,High
MeridianEnergy,Media & Entertainment,France,2026,9795,Public/Post-IPO,85.0,Decreasing,Hiring Freeze,Loss,-27.27,9305,95.0,490,High
DeltaCapital,Healthcare,United States,2026,4779,Funded,30.1,Increasing,Selective Hiring,Profit,39.95,1021,21.37,3758,Low
HorizonIndustries W,Manufacturing,Germany,2026,9029,Public/Post-IPO,79.7,Increasing,Active Hiring,Loss,-5.28,2053,22.74,6976,Low
GlacierSystems,Consumer Goods,China,2023,7361,Bootstrapped,0.0,Decreasing,Selective Hiring,Loss,1.74,537,7.29,6824,Medium
BrightHealth M,Consumer Goods,United States,2026,4778,Funded,15.8,Decreasing,Selective Hiring,Loss,-2.32,2876,60.2,1902,High
SummitVentures M,Biotech,Germany,2023,5494,Funded,8.2,Increasing,Active Hiring,Profit,50.52,826,15.03,4668,Low
SummitHealth E,Media & Entertainment,United States,2022,7815,Public/Post-IPO,93.2,Increasing,Active Hiring,Profit,11.57,792,10.14,7023,Low
KeystoneCapital,Energy,United States,2024,8294,Bootstrapped,0.0,Increasing,Active Hiring,Loss,33.37,1430,17.24,6864,Low
ForgeVentures W,Automotive,United States,2023,4423,Funded,30.1,Decreasing,Selective Hiring,Loss,-21.91,1186,26.82,3237,Medium
GlacierRetail Y,Manufacturing,United States,2022,6459,Public/Post-IPO,284.9,Stable,Active Hiring,Loss,20.72,481,7.44,5978,Low
BrightDigital F,Consumer Goods,Canada,2022,826,Public/Post-IPO,302.8,Increasing,Hiring Freeze,Profit,27.1,90,10.95,736,Medium
KeystoneHealth T,Real Estate,United States,2024,4208,Funded,5.3,Stable,Active Hiring,Loss,23.53,425,10.11,3783,High
TundraAero G,Education,United States,2023,2683,Public/Post-IPO,152.3,Increasing,Hiring Freeze,Profit,23.33,2194,81.76,489,High
AnchorGroup A,Telecommunications,Canada,2025,4463,Public/Post-IPO,1289.9,Increasing,Hiring Freeze,Profit,27.17,470,10.53,3993,Low
DriftEnergy P,Manufacturing,Germany,2024,2810,Funded,100.5,Stable,Active Hiring,Profit,-12.78,518,18.42,2292,Low
FusionBio,Energy,Japan,2022,8633,Funded,5.7,Increasing,Selective Hiring,Loss,60.1,1280,14.83,7353,Low
TundraRobotics J,Energy,United Kingdom,2024,5640,Funded,59.2,Increasing,Hiring Freeze,Profit,34.89,1649,29.23,3991,Medium
CircuitMedia,Manufacturing,Germany,2024,3748,Public/Post-IPO,90.0,Stable,Hiring Freeze,Profit,-11.36,538,14.35,3210,Low
MeridianHealth S,Hospitality,Canada,2025,4712,Funded,41.6,Decreasing,Selective Hiring,Loss,-19.53,1487,31.56,3225,High
StellarLogistics,Retail,United States,2025,5740,Funded,4.1,Increasing,Hiring Freeze,Profit,48.72,3040,52.97,2700,Medium
AnchorEnergy O,Technology,Singapore,2025,6059,Bootstrapped,0.0,Increasing,Hiring Freeze,Profit,28.5,395,6.52,5664,High
IroncladNetworks C,Finance,United States,2024,5639,Public/Post-IPO,53.5,Decreasing,Hiring Freeze,Loss,8.9,1117,19.81,4522,Medium
ApexMotors,Crypto/Web3,Poland,2025,8924,Public/Post-IPO,53.6,Increasing,Selective Hiring,Profit,2.5,2170,24.32,6754,Low
QuantumAero X,Manufacturing,Canada,2026,3434,Bootstrapped,0.0,Stable,Hiring Freeze,Profit,-3.33,496,14.43,2938,Medium
BrightRobotics,Technology,Australia,2023,641,Funded,27.5,Increasing,Hiring Freeze,Profit,41.75,54,8.44,587,Low
CrescentSoftware Y,Real Estate,Germany,2022,573,Funded,11.8,Increasing,Active Hiring,Profit,-4.27,26,4.49,547,Medium
EchoAero T,Aerospace,Australia,2022,2178,Bootstrapped,0.0,Decreasing,Selective Hiring,Loss,-15.2,703,32.28,1475,Medium
WaveDynamics U,Logistics,United States,2025,1270,Bootstrapped,0.0,Increasing,Active Hiring,Loss,37.36,335,26.37,935,Medium
NovaDynamics,Logistics,United States,2023,6741,Funded,9.1,Decreasing,Hiring Freeze,Loss,-7.52,1182,17.54,5559,High
HarborHoldings N,Hospitality,Germany,2026,105,Public/Post-IPO,47.7,Stable,Active Hiring,Loss,6.07,37,35.59,68,Medium
QuantumRobotics P,Telecommunications,Canada,2024,3934,Bootstrapped,0.0,Increasing,Active Hiring,Profit,-6.87,426,10.84,3508,Low
BrightGroup F,Energy,United States,2024,9991,Bootstrapped,0.0,Stable,Hiring Freeze,Loss,-37.23,5162,51.67,4829,High
BrightDigital,Manufacturing,Singapore,2022,8509,Bootstrapped,0.0,Stable,Active Hiring,Loss,1.58,1157,13.6,7352,Low
EchoGroup,Healthcare,India,2024,8820,Public/Post-IPO,16.5,Stable,Hiring Freeze,Loss,-0.83,1640,18.59,7180,Medium
FusionMotors H,Automotive,United States,2022,5594,Funded,202.5,Decreasing,Hiring Freeze,Loss,-2.91,2278,40.73,3316,High
HarborHoldings O,Real Estate,Poland,2022,9179,Public/Post-IPO,172.6,Stable,Hiring Freeze,Loss,1.39,1518,16.54,7661,High
GraniteTechnologies A,Manufacturing,Brazil,2022,4002,Bootstrapped,0.0,Decreasing,Active Hiring,Loss,19.68,719,17.97,3283,Low
SummitLogistics A,Media & Entertainment,United States,2026,7123,Funded,70.4,Increasing,Active Hiring,Profit,26.02,473,6.64,6650,Low
SummitWorks L,Real Estate,United States,2022,9513,Funded,47.5,Increasing,Active Hiring,Profit,10.95,2531,26.61,6982,Low
VantageIndustries Y,Logistics,India,2023,8675,Public/Post-IPO,1066.2,Stable,Selective Hiring,Profit,22.41,1510,17.41,7165,Low
SummitRetail G,Biotech,Israel,2025,8005,Public/Post-IPO,808.1,Decreasing,Selective Hiring,Loss,6.57,5457,68.17,2548,High
EchoCapital,Hospitality,Singapore,2024,9958,Bootstrapped,0.0,Increasing,Active Hiring,Profit,39.32,867,8.71,9091,Low
GlacierMedia R,Manufacturing,Germany,2023,3396,Funded,141.4,Stable,Hiring Freeze,Profit,5.47,643,18.92,2753,Medium
CrescentCapital,Crypto/Web3,United Kingdom,2024,8365,Public/Post-IPO,1096.4,Increasing,Hiring Freeze,Profit,29.31,2320,27.73,6045,Low
ApexSolutions X,Automotive,Germany,2022,8636,Public/Post-IPO,126.3,Stable,Selective Hiring,Loss,-27.11,1324,15.33,7312,High
CatalystGroup Z,Real Estate,Singapore,2022,7139,Bootstrapped,0.0,Decreasing,Active Hiring,Loss,24.15,1437,20.13,5702,Low
PioneerCapital Y,Consumer Goods,Japan,2024,4169,Bootstrapped,0.0,Increasing,Active Hiring,Profit,16.64,251,6.03,3918,Low
ApexLabs,Education,Singapore,2022,735,Bootstrapped,0.0,Stable,Hiring Freeze,Profit,3.37,448,60.9,287,Medium
IroncladSoftware M,Healthcare,Israel,2022,8614,Public/Post-IPO,266.5,Decreasing,Hiring Freeze,Profit,19.77,1482,17.2,7132,Low
TundraLogistics E,Retail,Canada,2025,8358,Public/Post-IPO,39.9,Stable,Selective Hiring,Profit,7.99,2963,35.45,5395,Medium
JasperHoldings,Manufacturing,Singapore,2022,7603,Funded,56.7,Stable,Active Hiring,Profit,-27.08,617,8.12,6986,Low
NimbusVentures X,Real Estate,Germany,2022,1308,Bootstrapped,0.0,Decreasing,Active Hiring,Profit,13.47,458,35.04,850,Medium
ClarityRobotics E,Real Estate,United States,2025,3457,Bootstrapped,0.0,Increasing,Active Hiring,Profit,48.41,373,10.8,3084,Low
GlacierRobotics S,Telecommunications,Brazil,2023,4835,Funded,16.0,Increasing,Selective Hiring,Profit,6.77,689,14.24,4146,Low
ZenithIndustries C,Real Estate,United States,2025,4541,Bootstrapped,0.0,Increasing,Active Hiring,Loss,38.27,124,2.73,4417,Medium
LumenMotors B,Real Estate,United States,2023,329,Public/Post-IPO,458.9,Stable,Active Hiring,Loss,22.75,173,52.5,156,Low
MeridianDigital D,Aerospace,China,2023,7099,Public/Post-IPO,483.1,Decreasing,Active Hiring,Loss,7.23,5904,83.16,1195,High
ClaritySoftware X,Healthcare,Poland,2022,9696,Funded,23.3,Stable,Hiring Freeze,Profit,15.37,1660,17.12,8036,Medium
BeaconMotors S,Energy,Germany,2024,4607,Funded,3.9,Decreasing,Hiring Freeze,Loss,-3.4,516,11.21,4091,Medium
ClarityLogistics A,Manufacturing,United States,2023,9536,Bootstrapped,0.0,Increasing,Hiring Freeze,Profit,27.27,271,2.84,9265,Low
QuantumDigital K,Manufacturing,Germany,2023,1814,Bootstrapped,0.0,Stable,Hiring Freeze,Loss,-23.21,1462,80.61,352,Medium
NovaMedia Q,Aerospace,Australia,2023,9517,Funded,12.2,Decreasing,Active Hiring,Loss,3.74,3759,39.5,5758,Low
CobaltMotors X,Healthcare,India,2024,440,Bootstrapped,0.0,Increasing,Active Hiring,Loss,-6.03,119,27.15,321,Medium
DeltaSolutions O,Education,Canada,2023,8083,Bootstrapped,0.0,Decreasing,Hiring Freeze,Profit,-9.49,3371,41.7,4712,High
ClarityFoods,Logistics,United States,2023,1437,Bootstrapped,0.0,Decreasing,Hiring Freeze,Loss,-23.73,476,33.12,961,Medium
DeltaRobotics S,Energy,Sweden,2023,9491,Public/Post-IPO,20.6,Stable,Active Hiring,Loss,25.04,2864,30.18,6627,Low
GlacierAero Q,Biotech,India,2023,9361,Bootstrapped,0.0,Stable,Selective Hiring,Profit,-27.37,3319,35.46,6042,Low
IroncladRetail,Manufacturing,China,2024,6592,Bootstrapped,0.0,Decreasing,Active Hiring,Loss,-25.9,375,5.69,6217,High
FusionMedia H,Logistics,India,2023,1931,Public/Post-IPO,180.3,Decreasing,Hiring Freeze,Loss,20.41,792,41.0,1139,High
GraniteSolutions Y,Biotech,Sweden,2025,309,Funded,22.0,Stable,Hiring Freeze,Profit,10.7,294,95.0,15,High
AnchorSystems,Crypto/Web3,Sweden,2025,2327,Public/Post-IPO,49.1,Stable,Hiring Freeze,Profit,27.09,879,37.78,1448,High
CrescentLogistics,Telecommunications,Canada,2023,9332,Funded,53.8,Decreasing,Active Hiring,Loss,17.32,811,8.69,8521,Medium
LumenTechnologies,Automotive,United States,2023,687,Public/Post-IPO,79.0,Increasing,Active Hiring,Profit,-3.41,28,4.13,659,Low
QuantumTechnologies G,Media & Entertainment,Brazil,2023,8452,Bootstrapped,0.0,Increasing,Active Hiring,Profit,20.34,2424,28.68,6028,Low
LumenFoods D,Hospitality,United States,2023,1894,Funded,34.7,Decreasing,Selective Hiring,Profit,7.41,575,30.35,1319,Medium
VertexLogistics,Manufacturing,United States,2023,6545,Bootstrapped,0.0,Increasing,Hiring Freeze,Loss,24.41,5302,81.01,1243,High
CascadeLogistics Y,Retail,United States,2022,2899,Funded,11.0,Decreasing,Hiring Freeze,Profit,21.88,1547,53.35,1352,High
CobaltDynamics I,Technology,India,2025,2406,Funded,11.8,Increasing,Hiring Freeze,Profit,-28.82,412,17.12,1994,Low
SummitDynamics N,Crypto/Web3,France,2022,8873,Bootstrapped,0.0,Stable,Active Hiring,Profit,-11.46,1058,11.92,7815,Low
HarborMotors V,Consumer Goods,United Kingdom,2025,9977,Funded,11.2,Stable,Active Hiring,Loss,39.09,2091,20.96,7886,Low
SummitMedia X,Biotech,India,2024,7673,Public/Post-IPO,726.3,Decreasing,Selective Hiring,Loss,3.2,2085,27.17,5588,High
WaveMotors M,Automotive,United Kingdom,2026,660,Funded,9.8,Decreasing,Hiring Freeze,Loss,-35.77,297,45.07,363,High
TerraAero O,Consumer Goods,China,2022,6760,Bootstrapped,0.0,Decreasing,Active Hiring,Profit,-20.83,719,10.64,6041,Medium
CobaltAnalytics,Biotech,Sweden,2023,7362,Public/Post-IPO,88.9,Increasing,Selective Hiring,Profit,6.82,775,10.53,6587,Low
MeridianLogistics P,Manufacturing,Germany,2023,2802,Bootstrapped,0.0,Decreasing,Hiring Freeze,Loss,2.11,255,9.1,2547,High
MeridianDynamics A,Healthcare,India,2023,7956,Funded,9.1,Increasing,Hiring Freeze,Loss,25.82,2813,35.36,5143,Low
NimbusFoods,Healthcare,India,2023,4336,Public/Post-IPO,42.5,Increasing,Hiring Freeze,Profit,34.91,556,12.82,3780,Low
ClarityMedia,Retail,China,2023,4472,Funded,65.1,Increasing,Active Hiring,Profit,35.33,246,5.51,4226,Low
CatalystSolutions U,Crypto/Web3,United States,2023,4672,Funded,121.4,Decreasing,Selective Hiring,Loss,-9.77,2619,56.05,2053,High
NimbusSolutions,Healthcare,France,2022,1382,Bootstrapped,0.0,Increasing,Hiring Freeze,Profit,31.23,198,14.35,1184,Low
MeridianVentures,Media & Entertainment,Germany,2023,811,Funded,8.3,Increasing,Selective Hiring,Profit,9.08,361,44.53,450,Medium
HorizonGroup T,Aerospace,Canada,2023,8059,Funded,0.0,Increasing,Hiring Freeze,Profit,14.8,3136,38.91,4923,Low
FusionHoldings,Energy,Poland,2023,6994,Bootstrapped,0.0,Stable,Hiring Freeze,Loss,6.82,1302,18.61,5692,Medium
NovaRetail A,Aerospace,United States,2022,3333,Funded,39.7,Stable,Active Hiring,Loss,-11.45,764,22.92,2569,Low
NimbusDigital O,Education,United States,2023,4478,Bootstrapped,0.0,Decreasing,Active Hiring,Profit,-4.77,1308,29.21,3170,Low
GraniteTechnologies S,Retail,United States,2023,2717,Funded,79.4,Decreasing,Active Hiring,Loss,-2.1,962,35.41,1755,Medium
IroncladLabs Y,Media & Entertainment,Brazil,2023,6439,Bootstrapped,0.0,Increasing,Hiring Freeze,Profit,-4.82,623,9.68,5816,Low
WaveGroup H,Hospitality,United States,2026,7234,Funded,19.1,Increasing,Hiring Freeze,Profit,10.59,1246,17.22,5988,Low
DriftBio J,Hardware,United Kingdom,2025,5857,Funded,5.4,Increasing,Selective Hiring,Profit,27.82,1429,24.39,4428,Low
JasperSolutions,Biotech,Israel,2026,7759,Bootstrapped,0.0,Decreasing,Active Hiring,Profit,-5.9,1819,23.44,5940,Low
AnchorRetail,Biotech,United States,2022,8724,Funded,13.7,Increasing,Hiring Freeze,Loss,45.52,818,9.38,7906,Low
CrescentMotors O,Aerospace,France,2022,5702,Public/Post-IPO,290.2,Decreasing,Selective Hiring,Loss,12.27,4803,84.23,899,High
GlacierLogistics,Finance,United States,2022,5154,Public/Post-IPO,32.7,Increasing,Hiring Freeze,Profit,4.78,1548,30.03,3606,Low
QuantumDynamics,Telecommunications,France,2025,2504,Bootstrapped,0.0,Increasing,Hiring Freeze,Profit,26.61,370,14.79,2134,Medium
VertexAero W,Healthcare,United States,2026,5625,Public/Post-IPO,219.1,Decreasing,Selective Hiring,Profit,12.8,368,6.55,5257,Low
GlacierLogistics,Telecommunications,United States,2022,1550,Funded,172.1,Increasing,Selective Hiring,Profit,31.69,52,3.34,1498,Low
HarborRobotics,Telecommunications,Poland,2022,976,Funded,36.5,Stable,Selective Hiring,Profit,6.53,346,35.44,630,Medium
BeaconHoldings V,Manufacturing,Canada,2023,4688,Bootstrapped,0.0,Increasing,Selective Hiring,Profit,10.6,766,16.35,3922,Low
CobaltBio V,Manufacturing,Canada,2025,7126,Bootstrapped,0.0,Decreasing,Active Hiring,Loss,-8.67,3974,55.77,3152,High
GlacierBio D,Biotech,Germany,2024,6915,Funded,9.2,Decreasing,Hiring Freeze,Loss,-20.37,3009,43.51,3906,High
CobaltLabs N,Consumer Goods,United Kingdom,2025,3611,Bootstrapped,0.0,Increasing,Hiring Freeze,Profit,-0.34,1553,43.01,2058,Medium
CascadeIndustries P,Hardware,Japan,2024,970,Bootstrapped,0.0,Decreasing,Selective Hiring,Loss,-3.82,363,37.47,607,Medium
StellarBio I,Education,India,2023,7938,Funded,29.7,Increasing,Selective Hiring,Profit,20.53,2698,33.99,5240,Low
DeltaAnalytics,Aerospace,United States,2023,2504,Bootstrapped,0.0,Decreasing,Selective Hiring,Profit,-9.37,321,12.82,2183,Medium
HorizonAero,Energy,United Kingdom,2024,7152,Funded,47.4,Increasing,Hiring Freeze,Profit,14.33,1806,25.25,5346,Medium
FusionGroup H,Real Estate,India,2023,1379,Bootstrapped,0.0,Stable,Hiring Freeze,Profit,30.11,228,16.51,1151,Medium
GlacierSystems,Real Estate,United Kingdom,2026,2495,Bootstrapped,0.0,Stable,Active Hiring,Loss,-5.4,478,19.16,2017,High
CobaltRobotics V,Media & Entertainment,United States,2025,8535,Funded,5.4,Stable,Hiring Freeze,Loss,17.18,3112,36.46,5423,Medium
AnchorMedia W,Manufacturing,United States,2024,7182,Bootstrapped,0.0,Stable,Selective Hiring,Loss,5.875,412,5.74,6770,Medium
GraniteVentures X,Crypto/Web3,United States,2022,461,Public/Post-IPO,70.6,Stable,Active Hiring,Loss,7.15,181,39.26,280,Low
CascadeIndustries B,Consumer Goods,United Kingdom,2025,2744,Public/Post-IPO,68.6,Increasing,Active Hiring,Loss,33.14,134,4.87,2610,Low
HorizonFoods U,Consumer Goods,United States,2024,7395,Funded,93.5,Increasing,Hiring Freeze,Profit,33.98,981,13.26,6414,Low
AnchorSolutions,Consumer Goods,United States,2022,2017,Public/Post-IPO,1811.4,Stable,Selective Hiring,Profit,38.16,417,20.67,1600,Low
BrightLabs I,Education,India,2024,8627,Funded,20.0,Increasing,Hiring Freeze,Loss,43.73,4249,49.25,4378,High
JasperSystems I,Aerospace,Japan,2024,392,Public/Post-IPO,16.5,Increasing,Hiring Freeze,Loss,14.99,76,19.33,316,Low
HorizonIndustries Y,Consumer Goods,Israel,2023,7369,Public/Post-IPO,118.8,Increasing,Hiring Freeze,Profit,12.71,667,9.05,6702,Low
LumenSolutions D,Manufacturing,India,2024,7902,Funded,15.0,Stable,Hiring Freeze,Profit,24.36,3708,46.93,4194,Low
EchoSolutions F,Energy,United States,2026,7529,Funded,132.4,Decreasing,Hiring Freeze,Loss,23.79,688,9.14,6841,High
OrbitHealth J,Real Estate,Japan,2023,4637,Funded,18.7,Increasing,Selective Hiring,Profit,39.66,1043,22.49,3594,Medium
RidgeAero F,Biotech,China,2023,3908,Bootstrapped,0.0,Decreasing,Active Hiring,Loss,2.64,991,25.35,2917,Medium
WaveAero Q,Education,France,2022,7176,Public/Post-IPO,86.4,Increasing,Hiring Freeze,Loss,-9.61,4565,63.62,2611,Medium
DriftSystems,Hardware,United States,2024,4365,Funded,7.1,Increasing,Selective Hiring,Profit,11.51,1232,28.23,3133,Medium
FusionAnalytics,Telecommunications,Germany,2022,461,Funded,32.5,Stable,Selective Hiring,Loss,14.06,140,30.32,321,Low
TerraVentures O,Energy,India,2023,7887,Funded,4.6,Increasing,Hiring Freeze,Loss,-9.74,2907,36.86,4980,High
CatalystIndustries U,Automotive,Singapore,2023,7160,Bootstrapped,0.0,Increasing,Selective Hiring,Profit,41.88,840,11.73,6320,Low
SolaceGroup M,Technology,United States,2022,1226,Bootstrapped,0.0,Decreasing,Active Hiring,Profit,-8.77,534,43.59,692,Medium
MeridianIndustries I,Biotech,France,2023,7253,Bootstrapped,0.0,Decreasing,Active Hiring,Loss,-13.39,1646,22.69,5607,Low
CircuitTechnologies T,Retail,United States,2025,3505,Public/Post-IPO,78.2,Increasing,Active Hiring,Profit,25.5,374,10.66,3131,Low
JasperAero,Media & Entertainment,Sweden,2023,9593,Bootstrapped,0.0,Increasing,Hiring Freeze,Loss,29.76,746,7.78,8847,Medium
NovaBio,Hospitality,Germany,2026,4679,Funded,69.0,Increasing,Hiring Freeze,Profit,8.64,1006,21.51,3673,Low
ForgeCapital,Biotech,India,2025,9328,Public/Post-IPO,183.1,Increasing,Active Hiring,Profit,40.28,598,6.41,8730,Low
BeaconMotors C,Consumer Goods,Sweden,2023,700,Funded,20.4,Stable,Hiring Freeze,Profit,11.98,352,50.29,348,Medium
TerraWorks,Logistics,United States,2024,4096,Funded,17.7,Stable,Hiring Freeze,Loss,1.02,439,10.71,3657,High
ApexSolutions X,Hardware,United States,2026,9148,Bootstrapped,0.0,Stable,Active Hiring,Profit,5.875,1776,19.41,7372,Low
VantageCapital,Finance,United States,2026,6940,Funded,11.5,Stable,Hiring Freeze,Loss,18.45,1668,24.03,5272,Medium
ZenithSoftware J,Media & Entertainment,China,2022,5607,Public/Post-IPO,20.2,Stable,Selective Hiring,Profit,13.44,907,16.18,4700,Low
ForgeSolutions T,Retail,United States,2022,2960,Funded,54.2,Increasing,Hiring Freeze,Profit,15.29,705,23.81,2255,Low
CascadeEnergy,Energy,China,2025,4506,Funded,38.3,Decreasing,Hiring Freeze,Profit,7.92,600,13.31,3906,Low
CrescentDynamics R,Retail,India,2026,6971,Bootstrapped,0.0,Increasing,Hiring Freeze,Profit,17.33,787,11.29,6184,Low
GlacierTechnologies N,Healthcare,Israel,2022,4885,Bootstrapped,0.0,Stable,Selective Hiring,Loss,20.88,1705,34.91,3180,High
VertexAnalytics G,Healthcare,Germany,2022,6786,Bootstrapped,0.0,Increasing,Hiring Freeze,Loss,17.33,1010,14.89,5776,Low
DeltaMedia W,Media & Entertainment,United Kingdom,2026,7577,Bootstrapped,0.0,Increasing,Hiring Freeze,Profit,7.27,1754,23.15,5823,Medium
CrescentAero T,Biotech,United States,2026,8809,Bootstrapped,0.0,Increasing,Hiring Freeze,Loss,2.84,2819,32.0,5990,Medium
PioneerNetworks D,Automotive,United States,2025,3213,Public/Post-IPO,194.9,Decreasing,Active Hiring,Loss,31.57,1913,59.54,1300,High
HarborSystems O,Retail,Germany,2023,6176,Funded,67.8,Increasing,Active Hiring,Loss,21.69,710,11.49,5466,Low
EchoMedia Z,Energy,Israel,2022,4787,Public/Post-IPO,278.2,Decreasing,Selective Hiring,Loss,-32.42,780,16.3,4007,High
TerraGroup,Education,United States,2022,1560,Bootstrapped,0.0,Decreasing,Hiring Freeze,Loss,-0.29,636,40.8,924,Medium
TerraSolutions G,Telecommunications,Canada,2024,3060,Funded,25.4,Increasing,Selective Hiring,Profit,5.94,278,9.07,2782,Low
GlacierTechnologies N,Education,Netherlands,2026,9141,Funded,21.9,Decreasing,Active Hiring,Loss,-26.8,6539,71.53,2602,High
HorizonMedia,Technology,China,2022,2459,Funded,41.8,Increasing,Selective Hiring,Profit,33.16,677,27.52,1782,Low
EmberSystems Z,Real Estate,United States,2024,5984,Bootstrapped,0.0,Decreasing,Hiring Freeze,Profit,5.66,2617,43.73,3367,Medium
CascadeSystems O,Logistics,France,2025,6307,Public/Post-IPO,279.0,Increasing,Hiring Freeze,Loss,-15.62,940,14.9,5367,Medium
SummitLabs O,Healthcare,China,2023,8119,Funded,20.4,Decreasing,Hiring Freeze,Loss,-11.72,1515,18.66,6604,High
WaveLabs F,Technology,China,2022,5131,Funded,117.2,Stable,Active Hiring,Loss,21.55,624,12.17,4507,Low
CrescentAnalytics V,Aerospace,United States,2024,729,Public/Post-IPO,148.8,Decreasing,Hiring Freeze,Loss,3.17,149,20.46,580,High
IroncladSoftware U,Hardware,Australia,2023,5681,Bootstrapped,0.0,Increasing,Selective Hiring,Profit,-23.71,2538,44.68,3143,High
BeaconRetail T,Healthcare,France,2026,7426,Public/Post-IPO,198.4,Stable,Hiring Freeze,Loss,16.96,1390,18.72,6036,Medium
TundraMedia P,Automotive,United States,2023,4089,Bootstrapped,0.0,Stable,Hiring Freeze,Loss,37.57,642,15.71,3447,Low
AnchorAero L,Manufacturing,India,2023,2007,Public/Post-IPO,487.6,Increasing,Selective Hiring,Loss,55.37,424,21.12,1583,Low
FusionLabs Y,Telecommunications,Australia,2026,9128,Funded,30.5,Increasing,Hiring Freeze,Profit,-6.19,1584,17.35,7544,Low
GlacierRetail T,Manufacturing,Sweden,2023,6216,Bootstrapped,0.0,Increasing,Selective Hiring,Profit,43.38,2765,44.49,3451,Medium
EchoDigital X,Biotech,United States,2024,5882,Funded,21.8,Stable,Active Hiring,Profit,25.18,165,2.8,5717,Low
StellarSolutions G,Finance,United States,2023,7556,Funded,15.9,Decreasing,Active Hiring,Loss,-6.91,2814,37.24,4742,Medium
OrbitAero R,Finance,United States,2024,9979,Public/Post-IPO,17.9,Decreasing,Selective Hiring,Loss,4.0,6716,67.3,3263,High
StellarTechnologies W,Hospitality,United States,2024,9702,Bootstrapped,0.0,Increasing,Hiring Freeze,Loss,-4.46,4920,50.71,4782,Low
PioneerIndustries G,Media & Entertainment,India,2022,8013,Funded,24.2,Increasing,Active Hiring,Loss,9.97,2438,30.42,5575,Medium
HarborSolutions,Consumer Goods,Japan,2022,3101,Public/Post-IPO,167.6,Decreasing,Active Hiring,Loss,17.4,232,7.47,2869,High
BrightGroup D,Energy,Germany,2023,3998,Bootstrapped,0.0,Stable,Active Hiring,Loss,-6.94,274,6.86,3724,Low
VertexMotors J,Aerospace,United States,2023,9303,Funded,17.3,Increasing,Selective Hiring,Loss,13.59,2188,23.52,7115,Low
ForgeHoldings D,Education,Israel,2023,2761,Funded,58.4,Decreasing,Selective Hiring,Loss,20.9,33,1.21,2728,Low
HarborIndustries Y,Media & Entertainment,United Kingdom,2023,9214,Funded,15.1,Stable,Selective Hiring,Loss,-0.16,1086,11.79,8128,Low
RidgeRetail W,Biotech,United States,2024,454,Public/Post-IPO,1899.1,Stable,Selective Hiring,Profit,5.875,85,18.74,369,Low
CrescentSoftware Y,Hospitality,United States,2022,5272,Public/Post-IPO,49.8,Decreasing,Selective Hiring,Profit,20.56,993,18.84,4279,High
CrescentEnergy P,Retail,Brazil,2023,1043,Public/Post-IPO,528.8,Increasing,Selective Hiring,Profit,36.56,123,11.82,920,Low
VantageSoftware,Technology,India,2024,4702,Funded,13.2,Decreasing,Selective Hiring,Loss,-27.92,601,12.79,4101,Medium
GlacierFoods Y,Finance,United Kingdom,2026,5736,Funded,54.4,Increasing,Hiring Freeze,Loss,-4.06,1070,18.66,4666,Medium
PioneerHealth R,Hospitality,United States,2023,9639,Funded,5.1,Stable,Selective Hiring,Profit,-20.59,580,6.02,9059,Low
BrightWorks F,Finance,United States,2026,9327,Funded,18.9,Increasing,Active Hiring,Profit,-4.81,3691,39.57,5636,Low
SolaceHoldings F,Real Estate,Canada,2022,8279,Bootstrapped,0.0,Increasing,Hiring Freeze,Profit,5.05,129,1.56,8150,Low
KeystoneSoftware,Crypto/Web3,Poland,2025,7800,Funded,11.1,Increasing,Hiring Freeze,Profit,-7.23,2039,26.14,5761,Medium
ZenithAero H,Hardware,Brazil,2022,7672,Funded,16.4,Stable,Active Hiring,Profit,3.86,2991,38.99,4681,Medium
OrbitHoldings,Retail,Australia,2026,8167,Bootstrapped,0.0,Increasing,Selective Hiring,Profit,53.7,1351,16.54,6816,Low
HorizonHoldings,Consumer Goods,India,2022,6535,Public/Post-IPO,143.0,Increasing,Hiring Freeze,Loss,48.33,3349,51.24,3186,High
IroncladSoftware,Hardware,United States,2022,5931,Public/Post-IPO,239.2,Increasing,Hiring Freeze,Profit,20.61,4299,72.49,1632,Medium
CircuitMedia G,Hospitality,France,2022,1814,Funded,81.5,Decreasing,Hiring Freeze,Loss,-15.14,896,49.37,918,High
CircuitMedia G,Telecommunications,United States,2022,2697,Public/Post-IPO,422.6,Decreasing,Hiring Freeze,Loss,-3.11,455,16.88,2242,High
TundraSystems,Energy,Singapore,2024,1899,Public/Post-IPO,33.8,Increasing,Hiring Freeze,Loss,28.21,671,35.33,1228,Medium
SummitRobotics,Real Estate,China,2023,843,Funded,22.9,Increasing,Selective Hiring,Loss,14.99,183,21.69,660,Low
CobaltSystems C,Aerospace,Netherlands,2024,2499,Public/Post-IPO,42.6,Stable,Hiring Freeze,Loss,-9.46,598,23.91,1901,High
NimbusNetworks,Consumer Goods,United States,2025,8850,Funded,36.2,Increasing,Hiring Freeze,Profit,-12.32,1338,15.12,7512,Low
NimbusGroup,Real Estate,India,2025,3392,Public/Post-IPO,118.7,Stable,Active Hiring,Profit,6.8,904,26.64,2488,Low
RidgeVentures C,Automotive,Brazil,2024,1381,Funded,2.6,Increasing,Hiring Freeze,Profit,-16.61,601,43.52,780,High
DeltaDigital P,Healthcare,Germany,2025,658,Funded,8.3,Stable,Hiring Freeze,Profit,-5.63,63,9.58,595,Medium
CrescentEnergy,Consumer Goods,United States,2022,7872,Public/Post-IPO,33.2,Stable,Selective Hiring,Loss,-33.99,4652,59.1,3220,High
MeridianMedia,Finance,United States,2023,753,Funded,176.6,Stable,Selective Hiring,Profit,10.22,110,14.61,643,Low
QuantumFoods E,Aerospace,Australia,2025,1588,Public/Post-IPO,2926.5,Increasing,Active Hiring,Profit,-13.84,218,13.7,1370,Low
CrescentCapital,Real Estate,United States,2023,1621,Bootstrapped,0.0,Decreasing,Selective Hiring,Loss,1.4,521,32.17,1100,Low
StellarLogistics F,Crypto/Web3,Singapore,2022,3351,Public/Post-IPO,24.4,Stable,Hiring Freeze,Loss,-1.93,1038,30.99,2313,Medium
RidgeEnergy,Finance,United States,2024,5666,Bootstrapped,0.0,Decreasing,Selective Hiring,Profit,3.25,334,5.9,5332,Medium
TundraEnergy,Telecommunications,United States,2022,9290,Funded,88.7,Stable,Active Hiring,Profit,4.49,602,6.48,8688,Low
RidgeRetail,Hospitality,United States,2024,4806,Bootstrapped,0.0,Stable,Active Hiring,Profit,6.95,2799,58.25,2007,Medium
VertexHoldings L,Media & Entertainment,Germany,2025,8488,Public/Post-IPO,137.6,Decreasing,Selective Hiring,Loss,-12.19,2871,33.83,5617,High
BrightDigital G,Consumer Goods,Japan,2024,4140,Public/Post-IPO,0.0,Stable,Active Hiring,Loss,29.63,941,22.72,3199,Low
ForgeSolutions M,Energy,United Kingdom,2022,8542,Bootstrapped,0.0,Decreasing,Selective Hiring,Profit,-6.76,3114,36.46,5428,High
LumenAnalytics H,Hardware,United Kingdom,2023,6262,Bootstrapped,0.0,Increasing,Selective Hiring,Profit,-2.76,847,13.53,5415,Medium
WaveMotors Y,Technology,United States,2022,9208,Funded,6.8,Stable,Selective Hiring,Profit,10.73,157,1.71,9051,Low
VertexIndustries,Manufacturing,France,2023,3068,Bootstrapped,0.0,Decreasing,Hiring Freeze,Loss,-36.37,337,10.98,2731,High
MeridianHoldings W,Hospitality,United States,2023,9737,Bootstrapped,0.0,Decreasing,Selective Hiring,Loss,12.03,1943,19.95,7794,High
StellarLogistics N,Finance,United States,2023,8083,Funded,219.3,Decreasing,Selective Hiring,Loss,-17.78,1974,24.42,6109,High
ZenithIndustries O,Real Estate,India,2022,9618,Funded,26.4,Stable,Active Hiring,Loss,-12.05,1285,13.36,8333,Medium
TundraLabs B,Aerospace,India,2026,6157,Public/Post-IPO,82.9,Decreasing,Selective Hiring,Loss,-18.37,1226,19.92,4931,High
CircuitHoldings,Retail,United States,2022,758,Bootstrapped,0.0,Decreasing,Hiring Freeze,Loss,7.73,264,34.88,494,High
IroncladDynamics,Aerospace,United States,2023,5713,Public/Post-IPO,139.6,Stable,Active Hiring,Profit,8.2,1839,32.19,3874,Low
LumenSolutions P,Automotive,United States,2022,1739,Bootstrapped,0.0,Increasing,Hiring Freeze,Profit,0.09,366,21.05,1373,High
ZenithBio D,Energy,India,2022,3912,Public/Post-IPO,108.4,Decreasing,Hiring Freeze,Loss,-28.78,3365,86.02,547,High
GlacierIndustries,Aerospace,United Kingdom,2025,8385,Bootstrapped,0.0,Increasing,Hiring Freeze,Profit,43.21,827,9.86,7558,Low
GlacierGroup R,Hospitality,India,2022,1293,Funded,24.1,Increasing,Hiring Freeze,Loss,24.77,176,13.62,1117,High
DeltaMotors,Manufacturing,United States,2026,3463,Public/Post-IPO,103.8,Stable,Active Hiring,Loss,5.88,1253,36.18,2210,High
WaveGroup O,Manufacturing,Netherlands,2023,5528,Funded,219.5,Increasing,Active Hiring,Profit,12.79,775,14.02,4753,Low
ZenithLabs L,Aerospace,Singapore,2022,8825,Funded,15.1,Stable,Hiring Freeze,Profit,-25.89,8384,95.0,441,High
CascadeHoldings J,Crypto/Web3,United States,2022,6561,Public/Post-IPO,86.7,Stable,Hiring Freeze,Profit,-12.66,1637,24.95,4924,Low
CatalystHealth,Hardware,United States,2022,8314,Funded,34.7,Stable,Selective Hiring,Profit,-33.11,1962,23.6,6352,Low
ApexDigital K,Retail,Israel,2022,1480,Public/Post-IPO,21.5,Decreasing,Hiring Freeze,Loss,13.7,133,9.02,1347,Medium
GlacierDigital G,Manufacturing,China,2023,6358,Bootstrapped,0.0,Increasing,Hiring Freeze,Profit,-7.12,3718,58.47,2640,Medium
TundraAero G,Real Estate,India,2023,4446,Bootstrapped,0.0,Increasing,Selective Hiring,Profit,14.99,293,6.6,4153,Low
IroncladLabs,Real Estate,United States,2025,776,Public/Post-IPO,261.9,Decreasing,Active Hiring,Loss,-23.45,245,31.62,531,High
SummitDynamics,Education,China,2022,4934,Public/Post-IPO,111.4,Stable,Selective Hiring,Profit,36.02,1152,23.35,3782,Medium
JasperMedia B,Biotech,United States,2026,3906,Funded,26.9,Decreasing,Active Hiring,Loss,-10.15,1229,31.46,2677,High
NimbusSoftware E,Consumer Goods,Germany,2023,7612,Funded,157.5,Stable,Selective Hiring,Profit,41.21,3259,42.82,4353,Medium
PioneerLabs P,Hospitality,United States,2026,6470,Public/Post-IPO,3.2,Increasing,Hiring Freeze,Profit,14.58,2672,41.3,3798,High
JasperSoftware T,Finance,United States,2024,2413,Public/Post-IPO,210.5,Increasing,Selective Hiring,Profit,15.58,400,16.56,2013,Low
OrbitNetworks W,Healthcare,Sweden,2023,4733,Bootstrapped,0.0,Decreasing,Active Hiring,Loss,-16.0,2171,45.86,2562,Medium
TundraFoods H,Consumer Goods,India,2024,7555,Funded,25.0,Decreasing,Active Hiring,Profit,-5.97,3441,45.55,4114,High
CrescentMedia P,Hospitality,United States,2022,8508,Public/Post-IPO,152.9,Decreasing,Active Hiring,Profit,-2.74,2788,32.77,5720,Low
DeltaVentures G,Real Estate,United Kingdom,2025,809,Funded,7.5,Stable,Hiring Freeze,Loss,-19.4,501,61.94,308,High
CrescentSoftware D,Hardware,France,2022,1787,Public/Post-IPO,228.3,Decreasing,Hiring Freeze,Profit,-16.37,1698,95.0,89,High
NimbusRobotics W,Finance,United States,2022,2078,Bootstrapped,0.0,Increasing,Active Hiring,Loss,35.98,475,22.88,1603,Low
NovaDynamics U,Technology,United Kingdom,2026,4002,Funded,34.2,Stable,Hiring Freeze,Profit,8.14,2821,70.49,1181,Medium
QuantumRetail M,Telecommunications,France,2024,6724,Funded,5.2,Decreasing,Selective Hiring,Profit,-20.19,3523,52.4,3201,Low
MeridianAnalytics B,Manufacturing,United States,2024,3970,Public/Post-IPO,43.9,Increasing,Active Hiring,Profit,34.63,864,21.76,3106,Low
ForgeFoods F,Healthcare,Netherlands,2026,3358,Funded,23.9,Increasing,Selective Hiring,Profit,0.78,1061,31.59,2297,Low
CircuitRobotics D,Aerospace,United States,2026,1023,Public/Post-IPO,81.1,Decreasing,Hiring Freeze,Profit,16.13,513,50.12,510,High
GlacierTechnologies D,Education,India,2024,4419,Public/Post-IPO,184.9,Decreasing,Active Hiring,Loss,1.78,2300,52.04,2119,Medium
DriftDigital O,Real Estate,Australia,2022,2778,Bootstrapped,0.0,Increasing,Active Hiring,Loss,-1.81,843,30.35,1935,Medium
RidgeSolutions Y,Hospitality,Germany,2022,9089,Bootstrapped,0.0,Decreasing,Hiring Freeze,Loss,-38.54,624,6.87,8465,Low
JasperLabs U,Logistics,United States,2026,7652,Funded,6.4,Decreasing,Active Hiring,Loss,-9.59,803,10.49,6849,Low
CatalystDigital E,Technology,China,2024,4079,Funded,8.1,Decreasing,Hiring Freeze,Loss,-1.48,2875,70.49,1204,High
MeridianAnalytics B,Energy,India,2025,5886,Funded,26.5,Increasing,Active Hiring,Profit,-13.18,397,6.74,5489,Low
HarborBio,Technology,India,2024,1363,Funded,2.8,Decreasing,Hiring Freeze,Loss,12.13,214,15.72,1149,High
CobaltSystems I,Automotive,China,2023,8159,Bootstrapped,0.0,Decreasing,Hiring Freeze,Loss,-8.77,4850,59.44,3309,High
AnchorWorks U,Healthcare,Canada,2022,1199,Bootstrapped,0.0,Decreasing,Hiring Freeze,Loss,-27.73,303,25.3,896,Medium
FusionSystems O,Healthcare,United States,2024,7641,Funded,22.0,Increasing,Hiring Freeze,Loss,11.36,528,6.91,7113,Medium
ApexAnalytics,Healthcare,Brazil,2024,479,Funded,8.0,Increasing,Hiring Freeze,Loss,-4.85,186,38.84,293,High
HorizonTechnologies T,Manufacturing,United Kingdom,2022,6710,Funded,35.6,Decreasing,Selective Hiring,Profit,-14.49,2601,38.77,4109,High
ForgeAero K,Manufacturing,United States,2023,8787,Public/Post-IPO,1007.7,Increasing,Active Hiring,Profit,26.52,1271,14.47,7516,Low
EmberDynamics,Media & Entertainment,Japan,2025,6877,Funded,15.2,Increasing,Active Hiring,Profit,7.54,188,2.73,6689,Low
CascadeGroup X,Crypto/Web3,India,2024,6173,Bootstrapped,0.0,Decreasing,Selective Hiring,Loss,-18.93,652,10.56,5521,Medium
GraniteLabs J,Healthcare,China,2023,968,Funded,26.4,Decreasing,Selective Hiring,Profit,1.46,517,53.45,451,High
ForgeSolutions J,Aerospace,Canada,2026,1478,Bootstrapped,0.0,Increasing,Hiring Freeze,Profit,2.29,549,37.15,929,Low
FusionAnalytics,Retail,United States,2022,4123,Bootstrapped,0.0,Decreasing,Hiring Freeze,Profit,-26.24,563,13.66,3560,Low
CatalystHealth,Retail,United Kingdom,2024,2299,Public/Post-IPO,285.1,Decreasing,Selective Hiring,Loss,-4.22,862,37.49,1437,Medium
NimbusRetail L,Crypto/Web3,United States,2025,3277,Bootstrapped,0.0,Stable,Hiring Freeze,Profit,7.63,591,18.02,2686,Low
CascadeSystems,Finance,United States,2024,7343,Funded,25.3,Decreasing,Active Hiring,Profit,11.9,900,12.25,6443,Medium
ZenithDynamics G,Biotech,Japan,2023,6644,Bootstrapped,0.0,Increasing,Hiring Freeze,Loss,11.67,912,13.72,5732,Medium
EmberTechnologies U,Logistics,United States,2024,9176,Bootstrapped,0.0,Decreasing,Active Hiring,Profit,-5.47,1741,18.97,7435,Low
DriftAnalytics R,Retail,United States,2023,4065,Funded,78.6,Increasing,Active Hiring,Profit,27.35,324,7.98,3741,Low
KeystoneRobotics S,Logistics,India,2022,5420,Public/Post-IPO,88.1,Increasing,Selective Hiring,Profit,8.39,1433,26.43,3987,Low
RidgeSoftware K,Energy,Canada,2023,679,Bootstrapped,0.0,Increasing,Hiring Freeze,Profit,36.32,374,55.01,305,Low
HarborWorks J,Consumer Goods,India,2022,4049,Public/Post-IPO,36.5,Stable,Selective Hiring,Loss,25.38,764,18.86,3285,Medium
EchoAero T,Crypto/Web3,United States,2026,227,Funded,108.5,Increasing,Selective Hiring,Profit,19.26,39,16.97,188,Low
NovaEnergy,Healthcare,Sweden,2025,6542,Funded,25.3,Stable,Hiring Freeze,Profit,-6.12,691,10.56,5851,Low
VertexHoldings,Retail,Australia,2023,4026,Funded,46.3,Increasing,Hiring Freeze,Profit,-7.75,956,23.74,3070,Medium
CatalystAero C,Education,Israel,2022,2221,Public/Post-IPO,70.4,Decreasing,Hiring Freeze,Loss,-49.73,2110,95.0,111,High
OrbitSystems,Logistics,United States,2023,4588,Bootstrapped,0.0,Stable,Hiring Freeze,Profit,8.54,1236,26.95,3352,High
ApexRobotics Y,Energy,India,2026,9151,Funded,1.2,Decreasing,Hiring Freeze,Loss,-4.15,2717,29.69,6434,High
CircuitSystems R,Hospitality,India,2023,5929,Bootstrapped,0.0,Stable,Active Hiring,Loss,-5.64,2363,39.85,3566,Medium
VertexEnergy U,Telecommunications,China,2025,2021,Public/Post-IPO,800.1,Stable,Hiring Freeze,Profit,4.39,263,13.0,1758,Medium
PioneerMotors N,Media & Entertainment,India,2022,4363,Bootstrapped,0.0,Stable,Selective Hiring,Profit,-24.76,507,11.63,3856,Low
RidgeRobotics,Real Estate,United States,2023,9062,Funded,349.3,Decreasing,Hiring Freeze,Profit,15.81,1412,15.58,7650,Low
MeridianHoldings G,Finance,United Kingdom,2025,7070,Public/Post-IPO,46.2,Stable,Active Hiring,Profit,-32.23,1127,15.94,5943,Low
ForgeLogistics V,Aerospace,Canada,2022,4073,Funded,310.5,Increasing,Hiring Freeze,Profit,-14.28,383,9.41,3690,Low
CascadeIndustries P,Biotech,Sweden,2022,2444,Funded,12.4,Increasing,Selective Hiring,Profit,16.04,172,7.03,2272,Low
IroncladMedia X,Hospitality,United States,2025,8396,Funded,18.1,Stable,Selective Hiring,Profit,11.71,2740,32.64,5656,Medium
WaveTechnologies G,Retail,Japan,2026,2589,Bootstrapped,0.0,Decreasing,Active Hiring,Profit,6.41,1136,43.87,1453,High
ApexVentures,Telecommunications,Israel,2024,6269,Bootstrapped,0.0,Increasing,Selective Hiring,Profit,33.81,1997,31.85,4272,Low
OrbitNetworks X,Consumer Goods,United States,2023,8477,Bootstrapped,0.0,Stable,Hiring Freeze,Profit,26.06,2599,30.66,5878,Medium
AnchorSoftware J,Consumer Goods,Canada,2023,7479,Bootstrapped,0.0,Decreasing,Active Hiring,Loss,4.89,1780,23.8,5699,Medium
LumenIndustries,Hospitality,United States,2024,2234,Funded,28.7,Increasing,Active Hiring,Profit,27.4,130,5.82,2104,Low
BeaconAnalytics W,Consumer Goods,United States,2023,3876,Bootstrapped,0.0,Decreasing,Active Hiring,Loss,-4.61,1044,26.94,2832,Low
AnchorAnalytics Q,Retail,United States,2026,3107,Funded,29.3,Stable,Hiring Freeze,Loss,38.94,915,29.45,2192,High
EmberRetail Y,Healthcare,United States,2026,240,Public/Post-IPO,514.4,Stable,Active Hiring,Loss,23.91,54,22.41,186,Low
DriftCapital B,Automotive,United States,2022,2237,Public/Post-IPO,66.0,Decreasing,Hiring Freeze,Profit,-19.26,450,20.1,1787,High
FusionHealth,Aerospace,Japan,2025,488,Public/Post-IPO,155.7,Decreasing,Selective Hiring,Profit,-10.22,299,61.29,189,Medium
CobaltWorks Q,Technology,United States,2023,9809,Funded,33.9,Stable,Hiring Freeze,Loss,0.34,7371,75.15,2438,High
DriftIndustries E,Aerospace,United States,2023,7230,Bootstrapped,0.0,Decreasing,Active Hiring,Loss,-37.94,529,7.32,6701,Medium
BeaconRetail T,Biotech,United States,2023,9191,Funded,5.1,Increasing,Hiring Freeze,Profit,24.09,1498,16.3,7693,Medium
TundraLabs G,Technology,United States,2025,9525,Bootstrapped,0.0,Stable,Selective Hiring,Loss,-38.4,3208,33.68,6317,High
ZenithWorks M,Energy,United States,2022,2322,Bootstrapped,0.0,Increasing,Hiring Freeze,Loss,46.46,294,12.68,2028,Low
ZenithRobotics V,Consumer Goods,China,2024,134,Bootstrapped,0.0,Decreasing,Active Hiring,Profit,0.03,37,27.81,97,Low
IroncladFoods,Consumer Goods,United States,2023,9917,Public/Post-IPO,165.9,Increasing,Hiring Freeze,Profit,46.01,202,2.04,9715,Low
DeltaFoods E,Telecommunications,France,2024,8567,Funded,6.8,Stable,Selective Hiring,Loss,-0.27,2978,34.76,5589,High
CrescentIndustries E,Education,United Kingdom,2023,1323,Bootstrapped,0.0,Increasing,Hiring Freeze,Loss,28.14,380,28.72,943,Medium
JasperLogistics V,Aerospace,Australia,2023,9581,Bootstrapped,0.0,Increasing,Active Hiring,Profit,33.42,1538,16.05,8043,Low
WaveDigital,Media & Entertainment,France,2025,9059,Funded,5.4,Increasing,Hiring Freeze,Profit,30.7,2113,23.32,6946,Low
TerraNetworks H,Consumer Goods,United States,2022,3995,Public/Post-IPO,778.7,Decreasing,Hiring Freeze,Loss,-7.2,2241,56.09,1754,High
CobaltIndustries Y,Hospitality,United States,2024,8118,Funded,36.7,Increasing,Active Hiring,Profit,18.35,2228,27.44,5890,Low
VertexGroup N,Media & Entertainment,India,2024,689,Funded,55.8,Decreasing,Selective Hiring,Loss,-26.34,144,20.84,545,High
PioneerDigital A,Logistics,United States,2024,1503,Public/Post-IPO,98.3,Increasing,Hiring Freeze,Profit,-2.05,164,10.92,1339,Low
CascadeSoftware Q,Biotech,Brazil,2022,9091,Funded,18.1,Increasing,Selective Hiring,Loss,17.94,3145,34.6,5946,High
FusionMedia H,Energy,Poland,2023,7635,Funded,50.1,Increasing,Active Hiring,Profit,6.98,874,11.45,6761,Low
MeridianAero E,Consumer Goods,United States,2026,3528,Public/Post-IPO,533.2,Increasing,Active Hiring,Loss,-1.4,226,6.4,3302,Low
DriftHoldings,Energy,United States,2025,9687,Public/Post-IPO,254.2,Stable,Active Hiring,Loss,-15.95,1180,12.18,8507,High
GraniteRetail D,Telecommunications,Singapore,2026,2234,Public/Post-IPO,51.4,Increasing,Active Hiring,Profit,16.45,209,9.36,2025,Low
MeridianTechnologies U,Logistics,United States,2022,264,Funded,43.0,Decreasing,Hiring Freeze,Loss,-29.51,15,5.73,249,High
VantageMedia,Education,United Kingdom,2023,4229,Public/Post-IPO,172.8,Stable,Hiring Freeze,Profit,22.75,943,22.31,3286,Medium
LumenAnalytics L,Hospitality,Sweden,2024,8571,Public/Post-IPO,101.0,Increasing,Selective Hiring,Profit,12.06,1107,12.91,7464,Low
LumenTechnologies I,Healthcare,Israel,2024,8719,Bootstrapped,0.0,Decreasing,Hiring Freeze,Loss,17.09,4174,47.87,4545,High
ForgeAero I,Aerospace,China,2024,7971,Public/Post-IPO,72.8,Decreasing,Hiring Freeze,Loss,-19.46,5629,70.62,2342,High
NimbusTechnologies Z,Crypto/Web3,India,2025,7646,Bootstrapped,0.0,Increasing,Active Hiring,Profit,9.04,1745,22.82,5901,Low
BrightBio,Technology,China,2026,7385,Public/Post-IPO,166.8,Increasing,Hiring Freeze,Profit,19.35,928,12.56,6457,Low
BeaconWorks U,Logistics,United States,2023,6496,Public/Post-IPO,426.5,Decreasing,Hiring Freeze,Loss,-11.09,2016,31.04,4480,High
EmberHoldings X,Technology,United States,2023,6717,Bootstrapped,0.0,Increasing,Selective Hiring,Profit,-4.35,971,14.45,5746,Medium
HarborNetworks,Automotive,Canada,2023,7138,Public/Post-IPO,1026.7,Stable,Selective Hiring,Loss,-9.94,4890,68.51,2248,High
LumenAnalytics,Real Estate,Australia,2023,8513,Bootstrapped,0.0,Increasing,Active Hiring,Loss,-10.79,311,3.65,8202,Low
EchoFoods H,Consumer Goods,United Kingdom,2026,2089,Funded,9.5,Increasing,Active Hiring,Profit,32.25,668,32.0,1421,Low
EchoEnergy A,Education,China,2025,5550,Funded,19.3,Decreasing,Active Hiring,Profit,-11.25,1178,21.23,4372,High
LumenTechnologies I,Consumer Goods,United States,2026,7299,Bootstrapped,0.0,Decreasing,Active Hiring,Loss,-18.37,1280,17.53,6019,High
PioneerVentures A,Retail,Netherlands,2025,3359,Public/Post-IPO,17.6,Increasing,Selective Hiring,Profit,-3.32,69,2.06,3290,Low
SolaceTechnologies V,Crypto/Web3,Canada,2023,7195,Funded,11.0,Increasing,Selective Hiring,Loss,21.79,720,10.01,6475,Low
OrbitCapital Z,Technology,United States,2022,5007,Bootstrapped,0.0,Stable,Active Hiring,Profit,-12.05,209,4.18,4798,Low
TundraBio P,Hardware,Singapore,2024,3107,Bootstrapped,0.0,Decreasing,Active Hiring,Loss,-19.43,2052,66.03,1055,Low
TundraAero U,Consumer Goods,Israel,2023,3694,Bootstrapped,0.0,Stable,Active Hiring,Profit,11.7,1234,33.4,2460,Low
PioneerVentures A,Aerospace,United Kingdom,2026,8739,Funded,73.1,Increasing,Hiring Freeze,Profit,26.65,3299,37.75,5440,Medium
NimbusNetworks J,Healthcare,United States,2026,2673,Funded,184.6,Increasing,Selective Hiring,Loss,4.18,517,19.34,2156,Medium
HorizonMotors A,Technology,Germany,2023,6741,Public/Post-IPO,140.7,Increasing,Hiring Freeze,Loss,-4.36,1378,20.44,5363,Low
GraniteVentures A,Energy,United States,2024,6853,Bootstrapped,0.0,Increasing,Hiring Freeze,Profit,48.96,1422,20.75,5431,Low
WaveHealth,Aerospace,Canada,2023,3329,Bootstrapped,0.0,Decreasing,Selective Hiring,Loss,16.03,605,18.17,2724,Medium
TerraMedia C,Manufacturing,United Kingdom,2026,2775,Public/Post-IPO,12922.2,Increasing,Hiring Freeze,Profit,30.37,353,12.73,2422,Low
PioneerSystems,Hospitality,Canada,2022,4604,Public/Post-IPO,80.5,Stable,Selective Hiring,Profit,-27.26,2286,49.66,2318,Low
AnchorGroup A,Hardware,Germany,2022,3489,Bootstrapped,0.0,Increasing,Selective Hiring,Profit,49.03,431,12.35,3058,Low
KeystoneDigital O,Consumer Goods,India,2025,1329,Funded,40.8,Increasing,Hiring Freeze,Profit,6.67,266,19.98,1063,Medium
SolaceHealth,Crypto/Web3,Brazil,2023,304,Funded,39.8,Increasing,Hiring Freeze,Profit,37.95,44,14.54,260,Low
SolaceHoldings Q,Hospitality,Australia,2026,8678,Funded,45.7,Increasing,Hiring Freeze,Profit,20.66,809,9.32,7869,Low
DriftBio X,Telecommunications,Japan,2024,5387,Public/Post-IPO,777.8,Decreasing,Active Hiring,Loss,2.06,1268,23.53,4119,High
CobaltIndustries Y,Retail,India,2023,6203,Public/Post-IPO,581.8,Decreasing,Active Hiring,Loss,-20.3,3609,58.18,2594,Medium
BeaconEnergy D,Biotech,United States,2022,2731,Funded,13.8,Increasing,Selective Hiring,Loss,4.01,328,12.02,2403,Low
VertexGroup N,Education,Sweden,2024,4456,Funded,13.9,Stable,Hiring Freeze,Loss,-20.96,852,19.12,3604,High
SummitNetworks P,Hardware,Japan,2024,6645,Funded,13.0,Increasing,Selective Hiring,Profit,6.37,1491,22.44,5154,Medium
CobaltNetworks N,Crypto/Web3,Germany,2024,5491,Bootstrapped,0.0,Decreasing,Selective Hiring,Loss,16.57,484,8.81,5007,Low
CascadeVentures F,Aerospace,India,2025,907,Funded,34.1,Decreasing,Active Hiring,Profit,-0.71,315,34.69,592,Low
BeaconSystems,Hospitality,United States,2022,3851,Public/Post-IPO,21.7,Decreasing,Hiring Freeze,Loss,-24.15,892,23.16,2959,Medium
ForgeAnalytics,Healthcare,India,2023,1198,Funded,140.8,Decreasing,Selective Hiring,Loss,-9.65,1061,88.55,137,Medium
GraniteTechnologies U,Education,Netherlands,2024,3184,Public/Post-IPO,333.8,Decreasing,Hiring Freeze,Loss,2.17,1135,35.65,2049,High
AnchorNetworks T,Crypto/Web3,Canada,2022,2239,Funded,288.8,Stable,Active Hiring,Profit,19.48,361,16.11,1878,Low
WaveMedia B,Consumer Goods,United States,2023,1012,Public/Post-IPO,584.5,Increasing,Hiring Freeze,Loss,-11.03,61,6.03,951,High
ApexSolutions A,Education,United States,2022,5134,Public/Post-IPO,2764.3,Decreasing,Hiring Freeze,Loss,-16.34,3152,61.39,1982,High
LumenHealth,Hospitality,Brazil,2025,9623,Bootstrapped,0.0,Decreasing,Active Hiring,Profit,1.18,1285,13.35,8338,Low
ClarityRetail,Finance,United States,2026,424,Funded,31.0,Increasing,Selective Hiring,Profit,18.27,27,6.42,397,Low
PioneerSoftware U,Education,United States,2024,4424,Public/Post-IPO,69.0,Decreasing,Hiring Freeze,Profit,-2.66,1280,28.93,3144,Medium
VertexVentures B,Media & Entertainment,Netherlands,2026,6410,Bootstrapped,0.0,Decreasing,Hiring Freeze,Profit,-28.67,6090,95.0,320,High
ApexRobotics Y,Crypto/Web3,Sweden,2024,915,Public/Post-IPO,139.8,Decreasing,Active Hiring,Profit,-24.11,644,70.39,271,Low
QuantumDigital J,Finance,Australia,2023,9923,Public/Post-IPO,12.7,Decreasing,Hiring Freeze,Profit,-5.88,991,9.99,8932,High
HorizonLabs W,Crypto/Web3,Canada,2022,1271,Bootstrapped,0.0,Decreasing,Active Hiring,Loss,-6.34,63,4.99,1208,Low
HarborVentures,Real Estate,United States,2024,6163,Public/Post-IPO,91.3,Decreasing,Hiring Freeze,Loss,3.85,4326,70.2,1837,High
EmberMedia A,Hardware,Canada,2026,8517,Funded,6.7,Increasing,Selective Hiring,Profit,-20.59,548,6.44,7969,Low
SolaceRetail,Hospitality,Singapore,2022,5712,Funded,12.3,Decreasing,Hiring Freeze,Loss,1.91,702,12.29,5010,Low
ForgeAero X,Aerospace,United States,2024,1998,Funded,5.0,Increasing,Hiring Freeze,Profit,-14.65,584,29.24,1414,Low
BrightCapital Z,Telecommunications,India,2025,4607,Public/Post-IPO,37.9,Increasing,Hiring Freeze,Loss,31.27,1783,38.7,2824,Medium
VertexRetail,Telecommunications,United States,2022,1005,Bootstrapped,0.0,Increasing,Active Hiring,Profit,19.51,104,10.38,901,Low
ForgeLabs,Hospitality,Germany,2026,9645,Public/Post-IPO,41.6,Decreasing,Selective Hiring,Loss,2.26,1668,17.29,7977,Medium
NimbusWorks,Real Estate,Australia,2025,1925,Funded,34.2,Increasing,Active Hiring,Profit,23.71,180,9.33,1745,Low
VertexSolutions,Biotech,United States,2024,4885,Funded,427.9,Increasing,Hiring Freeze,Profit,-5.65,1354,27.71,3531,Medium
TundraBio,Logistics,Singapore,2022,1699,Bootstrapped,0.0,Increasing,Selective Hiring,Profit,67.11,268,15.78,1431,Low
AnchorSoftware F,Retail,Singapore,2024,7750,Public/Post-IPO,202.7,Decreasing,Active Hiring,Loss,8.36,1162,15.0,6588,Medium
EchoSoftware S,Education,United States,2024,1739,Public/Post-IPO,171.1,Increasing,Active Hiring,Profit,11.86,775,44.58,964,Medium
CobaltFoods O,Real Estate,Sweden,2026,8340,Funded,3.1,Decreasing,Active Hiring,Loss,-23.99,1510,18.1,6830,High
CobaltVentures V,Biotech,United States,2025,2064,Funded,12.3,Decreasing,Hiring Freeze,Loss,-26.25,791,38.32,1273,High
VertexGroup N,Finance,Netherlands,2022,6359,Bootstrapped,0.0,Increasing,Selective Hiring,Loss,0.19,1928,30.32,4431,Low
CobaltAnalytics P,Aerospace,United States,2022,8127,Funded,37.9,Decreasing,Selective Hiring,Loss,-31.51,866,10.66,7261,High
GraniteSoftware I,Education,Singapore,2025,9067,Funded,13.4,Stable,Selective Hiring,Profit,2.33,1835,20.24,7232,Low
BrightLabs S,Education,Canada,2023,699,Public/Post-IPO,170.1,Decreasing,Hiring Freeze,Loss,15.56,216,30.88,483,High
SolaceFoods B,Hospitality,Germany,2022,8347,Bootstrapped,0.0,Decreasing,Active Hiring,Loss,-39.27,2420,28.99,5927,Low
StellarRobotics G,Real Estate,United Kingdom,2023,6784,Funded,0.0,Increasing,Hiring Freeze,Profit,0.27,1925,28.37,4859,Low
OrbitRobotics,Automotive,India,2024,6615,Public/Post-IPO,1034.9,Increasing,Selective Hiring,Profit,37.88,916,13.85,5699,Low
WaveBio D,Education,United States,2022,5393,Public/Post-IPO,267.1,Decreasing,Selective Hiring,Loss,-11.76,627,11.62,4766,Medium
TundraFoods Q,Manufacturing,India,2023,1958,Public/Post-IPO,783.8,Increasing,Active Hiring,Loss,52.39,234,11.96,1724,Low
TerraNetworks I,Finance,Canada,2023,2194,Public/Post-IPO,628.3,Increasing,Active Hiring,Profit,-2.04,224,10.22,1970,Low
BeaconEnergy X,Logistics,Germany,2023,7238,Public/Post-IPO,1000.3,Decreasing,Active Hiring,Profit,-11.95,350,4.84,6888,Low
NimbusNetworks A,Energy,India,2026,411,Bootstrapped,0.0,Increasing,Hiring Freeze,Loss,22.62,197,48.02,214,High
GraniteLabs J,Automotive,Canada,2025,8570,Bootstrapped,0.0,Decreasing,Selective Hiring,Loss,-23.85,2690,31.39,5880,Low
CircuitMedia T,Real Estate,United States,2025,7593,Bootstrapped,0.0,Decreasing,Hiring Freeze,Loss,-36.58,3781,49.79,3812,High
SummitLabs W,Retail,India,2022,6165,Public/Post-IPO,71.0,Decreasing,Selective Hiring,Profit,-13.49,4434,71.93,1731,High
TundraFoods,Retail,United States,2023,5211,Public/Post-IPO,68.5,Increasing,Hiring Freeze,Loss,-28.04,14,0.26,5197,Medium
IroncladRetail P,Manufacturing,Canada,2024,3601,Bootstrapped,0.0,Increasing,Hiring Freeze,Profit,-25.87,643,17.86,2958,Medium
VantageRetail O,Hospitality,United States,2025,6240,Funded,11.0,Increasing,Selective Hiring,Profit,36.87,790,12.66,5450,Low
TundraDynamics T,Education,China,2023,4544,Public/Post-IPO,42.8,Decreasing,Active Hiring,Loss,28.57,1781,39.2,2763,High
GlacierHoldings B,Crypto/Web3,India,2022,8774,Public/Post-IPO,41.6,Stable,Hiring Freeze,Profit,47.08,1631,18.59,7143,High
OrbitAero C,Media & Entertainment,United States,2023,5388,Public/Post-IPO,40.6,Decreasing,Hiring Freeze,Loss,21.26,1603,29.75,3785,High
IroncladFoods,Retail,Netherlands,2025,312,Funded,32.0,Increasing,Active Hiring,Profit,-34.84,23,7.47,289,Low
CascadeDynamics O,Aerospace,United States,2023,8941,Funded,0.0,Increasing,Hiring Freeze,Profit,-5.02,1377,15.4,7564,Medium
ClarityHoldings,Finance,Canada,2023,5983,Funded,0.0,Increasing,Active Hiring,Profit,5.38,51,0.85,5932,Low
AnchorFoods,Manufacturing,Israel,2023,895,Funded,10.2,Increasing,Hiring Freeze,Profit,1.83,248,27.73,647,High
CascadeLabs M,Retail,Singapore,2026,2469,Public/Post-IPO,2.1,Decreasing,Selective Hiring,Loss,-6.15,1362,55.16,1107,High
EmberLabs N,Finance,Germany,2024,4423,Public/Post-IPO,47.4,Decreasing,Selective Hiring,Profit,-7.2,2236,50.56,2187,High
ClarityHoldings S,Real Estate,China,2022,239,Bootstrapped,0.0,Stable,Active Hiring,Loss,42.72,39,16.34,200,Medium
ForgeGroup B,Hardware,Germany,2023,8458,Funded,28.6,Decreasing,Active Hiring,Profit,-12.6,382,4.52,8076,Low
VertexLabs Q,Real Estate,Israel,2023,7052,Funded,14.3,Decreasing,Hiring Freeze,Loss,-16.33,2831,40.15,4221,High
TerraLabs Y,Finance,Sweden,2026,7188,Bootstrapped,0.0,Decreasing,Selective Hiring,Loss,-10.71,3768,52.42,3420,Low
DeltaMedia M,Finance,United Kingdom,2025,2846,Bootstrapped,0.0,Increasing,Active Hiring,Profit,-0.04,325,11.42,2521,Low
AnchorMotors,Automotive,Japan,2025,3427,Bootstrapped,0.0,Stable,Hiring Freeze,Profit,16.69,195,5.68,3232,Low
BeaconCapital R,Hospitality,United Kingdom,2025,9587,Funded,65.6,Increasing,Selective Hiring,Profit,24.19,527,5.5,9060,Low
TerraIndustries B,Telecommunications,Australia,2024,9902,Bootstrapped,0.0,Decreasing,Active Hiring,Profit,-3.21,807,8.15,9095,Low
StellarLabs,Finance,United Kingdom,2023,7676,Bootstrapped,0.0,Decreasing,Active Hiring,Loss,-24.03,3523,45.89,4153,High
ForgeWorks S,Technology,Sweden,2022,6717,Bootstrapped,0.0,Decreasing,Hiring Freeze,Loss,-34.69,1024,15.24,5693,High
SummitNetworks,Logistics,United States,2023,4310,Bootstrapped,0.0,Decreasing,Hiring Freeze,Loss,-11.18,577,13.39,3733,High
OrbitVentures D,Energy,Netherlands,2023,7844,Public/Post-IPO,183.9,Increasing,Hiring Freeze,Profit,31.82,1217,15.52,6627,Low
RidgeMedia,Manufacturing,Germany,2022,6999,Funded,0.0,Increasing,Active Hiring,Loss,5.6,950,13.58,6049,Low
FusionVentures V,Telecommunications,Netherlands,2025,2133,Bootstrapped,0.0,Increasing,Active Hiring,Profit,13.52,142,6.68,1991,Low
StellarMotors D,Biotech,United States,2023,7179,Public/Post-IPO,202.1,Decreasing,Active Hiring,Profit,27.69,200,2.79,6979,Low
EchoHoldings R,Manufacturing,France,2026,6701,Funded,112.4,Stable,Hiring Freeze,Profit,29.97,67,1.0,6634,Low
CobaltRobotics A,Healthcare,United Kingdom,2026,7328,Public/Post-IPO,1447.5,Decreasing,Hiring Freeze,Loss,-22.67,936,12.77,6392,Medium
ZenithFoods Z,Healthcare,Israel,2022,1909,Funded,0.0,Stable,Hiring Freeze,Loss,-10.63,1814,95.0,95,High
CircuitHoldings J,Aerospace,United Kingdom,2023,9760,Bootstrapped,0.0,Increasing,Active Hiring,Profit,23.72,742,7.6,9018,Low
GraniteVentures A,Aerospace,United States,2022,9726,Funded,17.9,Stable,Hiring Freeze,Loss,7.69,5574,57.31,4152,High
TundraDynamics T,Hardware,Canada,2024,1049,Funded,10.5,Stable,Active Hiring,Profit,15.49,110,10.48,939,Low
AnchorVentures X,Media & Entertainment,Japan,2023,5261,Funded,20.7,Decreasing,Selective Hiring,Loss,-6.14,1462,27.78,3799,High
JasperMotors,Crypto/Web3,Singapore,2022,7513,Funded,17.5,Increasing,Selective Hiring,Loss,16.84,2418,32.19,5095,High
HarborTechnologies,Media & Entertainment,Sweden,2026,624,Public/Post-IPO,1405.2,Increasing,Hiring Freeze,Profit,36.63,122,19.58,502,Low
WaveIndustries B,Media & Entertainment,United Kingdom,2024,9886,Bootstrapped,0.0,Increasing,Hiring Freeze,Loss,17.96,2721,27.52,7165,Low
StellarGroup L,Real Estate,United Kingdom,2025,2592,Funded,16.7,Increasing,Active Hiring,Loss,2.4,250,9.66,2342,Low
IroncladDigital Q,Energy,Canada,2022,409,Funded,9.2,Decreasing,Selective Hiring,Profit,-13.69,63,15.45,346,Medium
ClaritySoftware X,Aerospace,France,2025,6631,Bootstrapped,0.0,Increasing,Active Hiring,Loss,9.24,1398,21.09,5233,Low
CircuitHealth,Logistics,Brazil,2023,2405,Funded,30.2,Stable,Selective Hiring,Loss,13.31,1132,47.07,1273,Low
CobaltFoods O,Real Estate,United States,2025,2814,Bootstrapped,0.0,Stable,Selective Hiring,Profit,-6.69,362,12.87,2452,Low
LumenFoods E,Manufacturing,United States,2025,424,Bootstrapped,0.0,Stable,Selective Hiring,Profit,3.03,26,6.1,398,Low
RidgeHoldings V,Technology,Brazil,2025,2179,Public/Post-IPO,294.2,Stable,Active Hiring,Profit,0.92,387,17.75,1792,Low
LumenHealth X,Consumer Goods,Singapore,2023,8203,Bootstrapped,0.0,Increasing,Hiring Freeze,Loss,15.3,2805,34.19,5398,Medium
EmberSoftware K,Consumer Goods,United States,2023,8049,Funded,81.7,Decreasing,Selective Hiring,Profit,-33.16,1652,20.53,6397,Low
SolaceIndustries A,Biotech,Netherlands,2023,5932,Public/Post-IPO,676.0,Stable,Hiring Freeze,Loss,-10.08,1593,26.85,4339,High
VertexEnergy,Aerospace,Japan,2025,5513,Bootstrapped,0.0,Decreasing,Selective Hiring,Profit,10.95,5237,95.0,276,High
LumenAero H,Finance,United States,2025,7868,Public/Post-IPO,45.0,Stable,Hiring Freeze,Profit,-25.22,1729,21.97,6139,High
NovaDynamics V,Media & Entertainment,United States,2023,7164,Public/Post-IPO,241.9,Stable,Hiring Freeze,Profit,-22.23,4493,62.71,2671,High
TerraLabs M,Crypto/Web3,United Kingdom,2023,139,Bootstrapped,0.0,Increasing,Selective Hiring,Loss,26.04,26,18.6,113,Low
SummitRobotics,Hospitality,United States,2023,9534,Public/Post-IPO,52.8,Decreasing,Hiring Freeze,Loss,-0.24,3046,31.95,6488,Low
CrescentDynamics Q,Logistics,India,2023,400,Public/Post-IPO,458.0,Stable,Active Hiring,Profit,-10.64,18,4.57,382,Low
ZenithCapital I,Energy,China,2022,2476,Funded,39.3,Increasing,Hiring Freeze,Profit,23.31,175,7.05,2301,Low
NimbusDynamics,Real Estate,United States,2023,5245,Funded,22.0,Stable,Hiring Freeze,Loss,0.01,675,12.86,4570,High
ZenithRetail R,Manufacturing,United States,2024,1082,Public/Post-IPO,80.5,Increasing,Hiring Freeze,Profit,27.44,147,13.6,935,Low
CobaltWorks,Energy,United States,2023,6724,Funded,21.8,Decreasing,Hiring Freeze,Profit,-15.17,4348,64.66,2376,High
BeaconDigital D,Healthcare,India,2025,3020,Funded,467.4,Decreasing,Active Hiring,Loss,19.96,807,26.72,2213,Medium
JasperCapital U,Real Estate,United States,2023,5545,Public/Post-IPO,436.6,Stable,Hiring Freeze,Profit,16.31,836,15.07,4709,Low
ClarityGroup S,Finance,Australia,2025,9034,Bootstrapped,0.0,Decreasing,Hiring Freeze,Loss,-23.39,3540,39.19,5494,High
CascadeSystems N,Media & Entertainment,United States,2023,5369,Funded,37.4,Stable,Hiring Freeze,Loss,2.25,586,10.91,4783,High
RidgeBio B,Aerospace,France,2025,271,Bootstrapped,0.0,Decreasing,Hiring Freeze,Loss,-24.63,105,38.62,166,High
CascadeMedia,Consumer Goods,Germany,2022,1097,Funded,23.7,Increasing,Active Hiring,Profit,20.92,165,15.04,932,Low
WaveSystems L,Hardware,United States,2024,8016,Public/Post-IPO,516.4,Decreasing,Selective Hiring,Loss,-13.6,2767,34.52,5249,High
AnchorNetworks T,Education,India,2023,2372,Funded,13.4,Stable,Hiring Freeze,Profit,7.46,446,18.82,1926,Low
CircuitTechnologies,Crypto/Web3,United States,2024,6375,Bootstrapped,0.0,Increasing,Active Hiring,Loss,20.05,516,8.1,5859,Low
HorizonTechnologies,Media & Entertainment,India,2026,9478,Bootstrapped,0.0,Increasing,Active Hiring,Profit,23.52,894,9.43,8584,Low
JasperNetworks S,Finance,Poland,2022,9596,Bootstrapped,0.0,Decreasing,Hiring Freeze,Loss,3.44,4990,52.0,4606,High
KeystoneDynamics Y,Automotive,United States,2022,9429,Bootstrapped,0.0,Stable,Selective Hiring,Loss,-6.07,2571,27.27,6858,Medium
CobaltSystems,Media & Entertainment,United States,2022,1018,Bootstrapped,0.0,Stable,Selective Hiring,Loss,13.09,315,30.97,703,Low
VantageRetail,Biotech,Poland,2023,4143,Bootstrapped,0.0,Increasing,Active Hiring,Profit,-38.51,587,14.18,3556,Medium
SolaceWorks U,Real Estate,India,2022,969,Public/Post-IPO,13.3,Decreasing,Hiring Freeze,Loss,13.47,667,68.88,302,High
ForgeAero,Media & Entertainment,India,2023,8728,Funded,30.8,Increasing,Active Hiring,Loss,23.75,1710,19.59,7018,Low
WaveVentures E,Manufacturing,Germany,2022,7045,Bootstrapped,0.0,Increasing,Active Hiring,Loss,41.9,1677,23.81,5368,Low
NimbusDigital S,Logistics,United States,2025,7677,Funded,4.6,Stable,Selective Hiring,Loss,-7.17,1865,24.29,5812,Low
HarborLabs B,Consumer Goods,Singapore,2023,151,Bootstrapped,0.0,Decreasing,Hiring Freeze,Loss,14.1,9,6.08,142,Low
DeltaTechnologies S,Finance,France,2026,4158,Funded,8.1,Stable,Selective Hiring,Loss,17.51,1960,47.14,2198,Medium
KeystoneTechnologies V,Media & Entertainment,China,2022,4255,Bootstrapped,0.0,Decreasing,Selective Hiring,Loss,-6.97,1359,31.93,2896,Medium
WaveVentures E,Media & Entertainment,India,2025,6922,Funded,69.0,Increasing,Active Hiring,Profit,35.47,165,2.38,6757,Low
CircuitAero,Hardware,Sweden,2024,6718,Public/Post-IPO,344.5,Stable,Active Hiring,Profit,29.29,1884,28.05,4834,Low
ClarityHealth Y,Technology,India,2026,8484,Public/Post-IPO,398.4,Stable,Hiring Freeze,Profit,-35.23,5967,70.33,2517,High
HarborWorks F,Crypto/Web3,United Kingdom,2024,442,Bootstrapped,0.0,Increasing,Active Hiring,Profit,17.49,47,10.68,395,Low
ApexDigital J,Real Estate,Sweden,2023,5156,Funded,22.1,Decreasing,Selective Hiring,Profit,-25.44,2852,55.31,2304,Medium
HorizonDynamics Q,Biotech,China,2022,1732,Public/Post-IPO,141.5,Increasing,Active Hiring,Profit,18.4,482,27.85,1250,Low
LumenRetail N,Biotech,Sweden,2025,9070,Bootstrapped,0.0,Stable,Active Hiring,Profit,6.24,877,9.67,8193,Low
KeystoneRetail,Media & Entertainment,France,2023,2564,Public/Post-IPO,46.1,Decreasing,Selective Hiring,Loss,-13.24,815,31.78,1749,High
StellarAero,Education,Canada,2022,5696,Funded,19.2,Increasing,Hiring Freeze,Profit,13.17,889,15.6,4807,Low
NimbusDigital S,Automotive,China,2024,2645,Bootstrapped,0.0,Increasing,Active Hiring,Loss,20.16,108,4.1,2537,Low
PioneerGroup,Crypto/Web3,United Kingdom,2023,979,Bootstrapped,0.0,Stable,Hiring Freeze,Profit,12.67,230,23.54,749,Medium
TerraSolutions G,Automotive,Japan,2022,4247,Public/Post-IPO,456.7,Increasing,Active Hiring,Profit,15.19,1067,25.13,3180,Low
SummitNetworks T,Crypto/Web3,India,2025,5917,Funded,22.2,Increasing,Selective Hiring,Profit,15.67,2454,41.47,3463,Low
SummitMedia U,Retail,United States,2025,220,Funded,111.9,Increasing,Selective Hiring,Profit,15.92,69,31.4,151,Medium
GlacierDigital,Logistics,United States,2022,3447,Bootstrapped,0.0,Stable,Hiring Freeze,Profit,31.53,870,25.25,2577,Low
GlacierRobotics L,Real Estate,Sweden,2023,7154,Funded,38.6,Increasing,Selective Hiring,Profit,13.69,1507,21.07,5647,Low
GraniteRetail W,Aerospace,Germany,2026,2653,Funded,86.2,Increasing,Hiring Freeze,Profit,43.04,539,20.3,2114,Low
TundraVentures,Education,Australia,2024,6328,Public/Post-IPO,0.0,Decreasing,Hiring Freeze,Loss,-14.25,2015,31.84,4313,High
TerraAero W,Biotech,France,2025,1097,Public/Post-IPO,493.8,Decreasing,Active Hiring,Loss,1.13,702,63.97,395,High
CobaltSystems M,Biotech,Brazil,2024,9848,Public/Post-IPO,87.3,Stable,Hiring Freeze,Profit,-5.04,2657,26.98,7191,Medium
QuantumFoods Q,Healthcare,United States,2023,288,Bootstrapped,0.0,Increasing,Selective Hiring,Loss,33.53,66,23.0,222,Low
VertexLogistics A,Logistics,Sweden,2022,1901,Bootstrapped,0.0,Stable,Hiring Freeze,Loss,-8.7,709,37.29,1192,Medium
SummitHoldings I,Logistics,France,2026,3922,Funded,52.1,Increasing,Selective Hiring,Loss,41.81,156,3.98,3766,Low
VantageRobotics S,Finance,China,2025,2508,Funded,55.9,Decreasing,Active Hiring,Loss,17.72,724,28.86,1784,Medium
NovaMedia,Media & Entertainment,Australia,2023,6055,Bootstrapped,0.0,Increasing,Selective Hiring,Profit,36.83,406,6.71,5649,Low
JasperAero,Hardware,Germany,2025,6585,Public/Post-IPO,75.8,Stable,Selective Hiring,Loss,-27.3,5819,88.37,766,High
HarborHealth,Logistics,India,2023,6716,Funded,2.5,Increasing,Active Hiring,Profit,-12.11,527,7.84,6189,Low
CobaltHoldings H,Media & Entertainment,United Kingdom,2023,5943,Bootstrapped,0.0,Increasing,Active Hiring,Profit,16.22,284,4.78,5659,Low
VertexHealth N,Automotive,India,2022,2732,Public/Post-IPO,202.2,Increasing,Hiring Freeze,Profit,22.82,135,4.94,2597,Low
CircuitHealth T,Retail,Canada,2023,8637,Public/Post-IPO,352.0,Decreasing,Selective Hiring,Loss,-5.17,4923,57.0,3714,High
NovaSystems,Retail,China,2024,5815,Funded,26.3,Increasing,Active Hiring,Profit,42.53,196,3.37,5619,Low
DeltaFoods R,Technology,Singapore,2023,5147,Bootstrapped,0.0,Increasing,Active Hiring,Profit,11.51,683,13.27,4464,Low
TundraTechnologies H,Manufacturing,United States,2024,5632,Public/Post-IPO,400.1,Increasing,Selective Hiring,Profit,16.62,325,5.77,5307,Low
RidgeHoldings Z,Logistics,Canada,2024,1126,Bootstrapped,0.0,Stable,Active Hiring,Profit,22.81,23,2.0,1103,Low
ForgeSolutions,Finance,United States,2023,8995,Bootstrapped,0.0,Increasing,Selective Hiring,Profit,18.71,2547,28.32,6448,Low
CircuitDynamics,Telecommunications,United States,2023,7127,Bootstrapped,0.0,Increasing,Selective Hiring,Profit,-4.95,3288,46.13,3839,Medium
VertexEnergy C,Consumer Goods,Australia,2023,3428,Funded,9.4,Decreasing,Active Hiring,Loss,-4.06,890,25.95,2538,Medium
AnchorNetworks R,Consumer Goods,Canada,2022,3048,Funded,117.2,Increasing,Hiring Freeze,Loss,27.38,1042,34.19,2006,High
PioneerMedia V,Hardware,India,2023,7949,Bootstrapped,0.0,Increasing,Active Hiring,Loss,9.04,1183,14.88,6766,Medium
MeridianBio,Logistics,United States,2024,3555,Funded,21.2,Stable,Selective Hiring,Loss,11.53,1144,32.18,2411,Medium
OrbitRobotics G,Healthcare,Japan,2024,6842,Funded,22.2,Decreasing,Selective Hiring,Loss,-29.07,3352,48.99,3490,High
CatalystSolutions,Education,France,2025,7355,Bootstrapped,0.0,Increasing,Selective Hiring,Profit,17.35,1144,15.56,6211,Low
LumenDynamics C,Education,United Kingdom,2024,2428,Bootstrapped,0.0,Decreasing,Selective Hiring,Loss,-7.18,1152,47.44,1276,High
ApexBio Q,Hospitality,Germany,2022,9347,Public/Post-IPO,213.0,Stable,Active Hiring,Profit,7.3,1873,20.04,7474,Low
CascadeIndustries P,Media & Entertainment,Singapore,2024,3693,Funded,336.6,Decreasing,Active Hiring,Loss,-21.22,3508,95.0,185,High
BeaconFoods U,Consumer Goods,Germany,2026,2203,Bootstrapped,0.0,Stable,Hiring Freeze,Loss,-1.22,1467,66.58,736,Medium
GraniteEnergy R,Retail,Sweden,2024,1354,Bootstrapped,0.0,Decreasing,Selective Hiring,Profit,-8.49,600,44.28,754,Medium
HarborFoods,Energy,United States,2024,4660,Public/Post-IPO,154.6,Increasing,Hiring Freeze,Loss,6.45,1720,36.91,2940,High
CobaltRobotics,Biotech,Brazil,2026,3980,Public/Post-IPO,57.0,Decreasing,Selective Hiring,Loss,28.73,1144,28.74,2836,High
CrescentHealth,Consumer Goods,United States,2022,8581,Funded,6.6,Decreasing,Hiring Freeze,Loss,-16.19,2506,29.2,6075,High
CobaltRobotics Q,Healthcare,United Kingdom,2022,1251,Funded,40.0,Increasing,Active Hiring,Profit,-20.49,238,19.02,1013,Low
AnchorAnalytics,Technology,United Kingdom,2024,4399,Funded,60.4,Decreasing,Hiring Freeze,Profit,-1.05,437,9.93,3962,High
AnchorEnergy S,Telecommunications,India,2025,5637,Funded,39.2,Stable,Selective Hiring,Loss,3.68,1320,23.41,4317,Low
TundraDigital I,Crypto/Web3,Sweden,2026,4433,Public/Post-IPO,279.8,Decreasing,Active Hiring,Profit,-26.88,1287,29.03,3146,Medium
VertexVentures B,Logistics,United States,2022,1448,Bootstrapped,0.0,Decreasing,Hiring Freeze,Loss,-49.58,997,68.83,451,High
IroncladDigital,Retail,India,2025,6379,Bootstrapped,0.0,Stable,Active Hiring,Loss,-21.45,733,11.49,5646,Low
WaveMotors M,Real Estate,United States,2025,3801,Bootstrapped,0.0,Stable,Hiring Freeze,Loss,-3.25,3173,83.48,628,High
BrightEnergy,Aerospace,Australia,2024,3507,Funded,18.2,Stable,Hiring Freeze,Loss,12.71,1389,39.6,2118,High
JasperHealth U,Crypto/Web3,United States,2023,7335,Funded,29.3,Decreasing,Active Hiring,Profit,1.08,1617,22.05,5718,Low
SolaceMotors A,Finance,United Kingdom,2023,4734,Bootstrapped,0.0,Stable,Active Hiring,Profit,45.92,393,8.31,4341,Low
IroncladDigital,Telecommunications,China,2024,6529,Public/Post-IPO,481.1,Increasing,Selective Hiring,Loss,13.58,1739,26.64,4790,Medium
VertexDigital,Crypto/Web3,United States,2025,2979,Public/Post-IPO,623.3,Increasing,Hiring Freeze,Loss,15.21,1264,42.44,1715,Medium
EchoSolutions,Technology,Netherlands,2023,3918,Public/Post-IPO,1172.9,Stable,Active Hiring,Loss,30.21,247,6.3,3671,Low
IroncladLabs Y,Finance,United Kingdom,2026,5460,Public/Post-IPO,383.4,Stable,Active Hiring,Profit,7.28,888,16.27,4572,Low
OrbitVentures,Healthcare,United States,2026,4631,Bootstrapped,0.0,Increasing,Selective Hiring,Loss,29.98,912,19.69,3719,Low
NovaBio G,Hospitality,United Kingdom,2025,9069,Funded,21.0,Increasing,Active Hiring,Profit,1.64,1126,12.42,7943,Medium
TundraVentures,Real Estate,United Kingdom,2022,5036,Bootstrapped,0.0,Stable,Active Hiring,Loss,2.85,318,6.31,4718,Low
BeaconGroup H,Finance,Australia,2023,9104,Bootstrapped,0.0,Increasing,Hiring Freeze,Profit,11.84,3084,33.88,6020,Medium
CatalystDigital Y,Media & Entertainment,Poland,2024,6108,Funded,35.4,Increasing,Hiring Freeze,Profit,49.44,635,10.39,5473,Low
CascadeDigital E,Crypto/Web3,Japan,2024,3568,Public/Post-IPO,17.4,Stable,Active Hiring,Loss,19.51,1509,42.28,2059,High
CascadeAnalytics P,Technology,Brazil,2023,8528,Public/Post-IPO,2144.0,Decreasing,Hiring Freeze,Loss,-22.13,5756,67.5,2772,High
HarborSoftware F,Healthcare,France,2024,9642,Public/Post-IPO,467.0,Increasing,Hiring Freeze,Profit,10.97,7054,73.16,2588,High
RidgeLabs X,Finance,United Kingdom,2022,5943,Funded,400.4,Decreasing,Active Hiring,Loss,-3.69,5399,90.84,544,High
CascadeVentures F,Telecommunications,Germany,2025,9630,Bootstrapped,0.0,Increasing,Hiring Freeze,Profit,25.69,1513,15.71,8117,Medium
DeltaRetail C,Logistics,United States,2024,5475,Funded,379.2,Decreasing,Active Hiring,Profit,22.25,313,5.71,5162,Low
SolaceMotors A,Manufacturing,United Kingdom,2022,6320,Bootstrapped,0.0,Stable,Selective Hiring,Profit,-2.39,2093,33.12,4227,Medium
TundraSoftware,Manufacturing,United Kingdom,2022,1521,Funded,7.4,Stable,Active Hiring,Loss,5.875,452,29.7,1069,Medium
ApexSolutions,Biotech,India,2023,6037,Bootstrapped,0.0,Decreasing,Hiring Freeze,Loss,-7.23,1830,30.31,4207,High
PioneerLogistics W,Telecommunications,Sweden,2026,9916,Bootstrapped,0.0,Stable,Hiring Freeze,Profit,10.47,7105,71.65,2811,Medium
ZenithFoods Z,Consumer Goods,United States,2026,6822,Bootstrapped,0.0,Decreasing,Active Hiring,Profit,3.34,3348,49.07,3474,High
NimbusMedia E,Technology,India,2025,8088,Bootstrapped,0.0,Decreasing,Selective Hiring,Loss,-38.01,5474,67.68,2614,High
CascadeSoftware,Biotech,United States,2023,4619,Bootstrapped,0.0,Increasing,Hiring Freeze,Profit,43.6,178,3.86,4441,Low
SummitSystems,Real Estate,Australia,2026,975,Funded,8.3,Stable,Selective Hiring,Profit,-15.27,100,10.21,875,Low
JasperMedia H,Healthcare,United States,2024,7154,Public/Post-IPO,153.1,Increasing,Hiring Freeze,Loss,13.37,1411,19.73,5743,High
EmberHoldings U,Energy,United States,2022,2323,Public/Post-IPO,37.4,Decreasing,Active Hiring,Loss,1.78,515,22.16,1808,Low
VertexSolutions I,Energy,United States,2025,6820,Funded,57.5,Increasing,Active Hiring,Profit,11.7,677,9.92,6143,Low
RidgeSolutions J,Real Estate,United States,2026,2271,Bootstrapped,0.0,Increasing,Active Hiring,Loss,1.21,781,34.38,1490,Low
WaveEnergy Q,Aerospace,China,2025,5835,Funded,29.2,Decreasing,Hiring Freeze,Profit,-18.91,411,7.05,5424,Medium
CascadeRobotics S,Hospitality,Germany,2022,8800,Funded,172.8,Increasing,Hiring Freeze,Profit,38.36,1837,20.88,6963,Low
TerraVentures X,Real Estate,Germany,2023,5449,Funded,16.6,Stable,Hiring Freeze,Loss,7.28,1312,24.08,4137,High
GlacierTechnologies M,Healthcare,United States,2024,7636,Bootstrapped,0.0,Stable,Hiring Freeze,Profit,-10.34,3002,39.32,4634,High
MeridianRobotics,Aerospace,Poland,2025,1982,Public/Post-IPO,19.5,Increasing,Hiring Freeze,Profit,8.9,531,26.79,1451,Low
ApexMotors R,Hospitality,United States,2025,9948,Public/Post-IPO,241.0,Decreasing,Selective Hiring,Profit,-21.17,610,6.13,9338,Low
DeltaMedia Q,Logistics,United States,2022,4401,Public/Post-IPO,5.7,Decreasing,Selective Hiring,Loss,-27.2,3682,83.67,719,High
IroncladHoldings X,Media & Entertainment,United States,2026,1937,Funded,10.8,Decreasing,Selective Hiring,Loss,-17.72,146,7.55,1791,High
CrescentRobotics X,Media & Entertainment,Germany,2026,565,Public/Post-IPO,693.7,Stable,Hiring Freeze,Profit,4.46,214,37.9,351,Low
ApexFoods M,Automotive,United States,2023,4663,Bootstrapped,0.0,Decreasing,Active Hiring,Loss,6.49,373,8.0,4290,Low
FusionVentures,Healthcare,United States,2024,6686,Funded,27.3,Increasing,Hiring Freeze,Profit,-4.19,524,7.83,6162,Low
RidgeSoftware X,Telecommunications,China,2022,6362,Bootstrapped,0.0,Stable,Hiring Freeze,Profit,-20.46,903,14.19,5459,High
EmberWorks B,Finance,Japan,2023,3662,Public/Post-IPO,427.5,Decreasing,Hiring Freeze,Loss,-43.13,803,21.93,2859,High
SolaceMedia Y,Hardware,United States,2023,5993,Bootstrapped,0.0,Decreasing,Hiring Freeze,Loss,16.48,4328,72.22,1665,High
BeaconMotors P,Healthcare,Brazil,2025,9710,Public/Post-IPO,152.8,Decreasing,Hiring Freeze,Loss,-3.8,5895,60.71,3815,High
PioneerGroup W,Media & Entertainment,United Kingdom,2022,4836,Public/Post-IPO,146.5,Increasing,Hiring Freeze,Profit,27.68,665,13.75,4171,Low
CatalystFoods M,Finance,Germany,2022,7424,Bootstrapped,0.0,Decreasing,Active Hiring,Loss,14.0,567,7.64,6857,Medium
WaveEnergy A,Hardware,Canada,2023,4740,Public/Post-IPO,102.0,Decreasing,Selective Hiring,Loss,-0.97,2168,45.73,2572,Low
DriftCapital B,Automotive,United States,2023,2908,Bootstrapped,0.0,Decreasing,Active Hiring,Profit,-0.32,851,29.27,2057,High
SummitLabs W,Telecommunications,United States,2023,9831,Funded,3.9,Decreasing,Hiring Freeze,Profit,20.23,2592,26.37,7239,Low
MeridianHoldings,Media & Entertainment,United Kingdom,2022,8638,Funded,19.7,Increasing,Active Hiring,Profit,-30.37,1604,18.57,7034,Low
RidgeHealth Y,Automotive,United States,2026,2062,Public/Post-IPO,702.6,Decreasing,Selective Hiring,Profit,13.21,879,42.61,1183,High
CascadeHoldings F,Aerospace,India,2025,2688,Public/Post-IPO,39.5,Increasing,Selective Hiring,Loss,12.81,934,34.76,1754,Low
KeystoneDigital,Consumer Goods,United Kingdom,2025,5535,Funded,20.3,Stable,Hiring Freeze,Loss,-4.87,734,13.26,4801,Low
EchoHoldings R,Automotive,India,2025,2058,Bootstrapped,0.0,Stable,Selective Hiring,Profit,31.26,292,14.21,1766,Low
BrightCapital U,Retail,Australia,2024,7572,Public/Post-IPO,481.0,Stable,Active Hiring,Profit,-38.98,1126,14.87,6446,Medium
TundraWorks G,Healthcare,United States,2023,2249,Public/Post-IPO,380.5,Increasing,Selective Hiring,Profit,3.15,373,16.57,1876,Low
VertexWorks,Telecommunications,Canada,2024,6589,Funded,44.4,Stable,Selective Hiring,Profit,-7.64,1388,21.06,5201,Low
LumenHealth W,Retail,United States,2023,8353,Bootstrapped,0.0,Stable,Active Hiring,Loss,30.08,580,6.94,7773,Low
VertexVentures R,Manufacturing,India,2024,3872,Public/Post-IPO,153.1,Increasing,Selective Hiring,Profit,-2.23,418,10.8,3454,Low
ForgeGroup P,Retail,United Kingdom,2025,3544,Public/Post-IPO,62.2,Stable,Active Hiring,Profit,-36.98,2442,68.91,1102,High
TundraRetail,Energy,Singapore,2023,5139,Public/Post-IPO,31.9,Decreasing,Selective Hiring,Loss,-8.57,1136,22.1,4003,Low
StellarDynamics X,Finance,Brazil,2023,8996,Public/Post-IPO,209.9,Increasing,Hiring Freeze,Profit,33.23,1026,11.4,7970,Low
CatalystMotors,Media & Entertainment,United States,2025,5404,Funded,3.6,Increasing,Active Hiring,Profit,7.9,1452,26.87,3952,Medium
FusionBio B,Automotive,Singapore,2023,5509,Public/Post-IPO,39.2,Decreasing,Selective Hiring,Loss,-8.22,4501,81.7,1008,High
HarborMotors J,Automotive,Israel,2023,3575,Bootstrapped,0.0,Increasing,Active Hiring,Profit,27.88,657,18.38,2918,Low
CatalystDigital S,Crypto/Web3,India,2025,3328,Public/Post-IPO,121.5,Decreasing,Hiring Freeze,Loss,-7.71,1900,57.09,1428,Medium
WaveMotors,Media & Entertainment,United States,2024,6763,Public/Post-IPO,127.4,Decreasing,Active Hiring,Loss,6.17,588,8.7,6175,Low
BeaconDigital I,Crypto/Web3,India,2025,9535,Funded,5.2,Increasing,Hiring Freeze,Loss,-29.12,2901,30.42,6634,Low
ForgeWorks,Aerospace,Australia,2023,8529,Bootstrapped,0.0,Increasing,Selective Hiring,Loss,12.22,941,11.03,7588,Low
TerraBio W,Technology,India,2023,619,Bootstrapped,0.0,Increasing,Hiring Freeze,Profit,12.02,119,19.26,500,Low
TundraWorks,Aerospace,Netherlands,2025,5942,Bootstrapped,0.0,Decreasing,Hiring Freeze,Profit,-32.25,4843,81.5,1099,High
TerraMedia T,Aerospace,Australia,2025,5705,Funded,6.0,Increasing,Active Hiring,Loss,20.1,250,4.38,5455,Low
NovaNetworks,Automotive,Singapore,2022,6642,Bootstrapped,0.0,Increasing,Hiring Freeze,Profit,10.8,424,6.38,6218,Low
PioneerLogistics W,Telecommunications,Netherlands,2023,5780,Public/Post-IPO,223.4,Increasing,Hiring Freeze,Profit,-4.0,386,6.68,5394,Low
HarborLabs B,Technology,United States,2023,1272,Funded,8.2,Increasing,Active Hiring,Profit,17.64,221,17.41,1051,Low
EmberNetworks,Technology,India,2024,7644,Bootstrapped,0.0,Decreasing,Active Hiring,Profit,1.98,1032,13.5,6612,Low
ApexAero,Retail,Canada,2022,2780,Funded,132.3,Decreasing,Active Hiring,Profit,-9.54,395,14.22,2385,Medium
DeltaDynamics Q,Crypto/Web3,United Kingdom,2023,308,Bootstrapped,0.0,Increasing,Hiring Freeze,Profit,9.21,77,25.09,231,Low
NovaBio S,Logistics,Israel,2022,4945,Bootstrapped,0.0,Increasing,Selective Hiring,Profit,12.93,735,14.87,4210,Medium
BeaconAero Z,Aerospace,United States,2026,242,Funded,53.5,Increasing,Active Hiring,Profit,-21.63,65,26.71,177,Medium
HorizonFoods X,Hospitality,United States,2025,2070,Funded,13.9,Decreasing,Active Hiring,Loss,5.56,156,7.54,1914,High
GlacierSolutions S,Hospitality,United States,2022,4491,Bootstrapped,0.0,Decreasing,Hiring Freeze,Loss,4.54,526,11.71,3965,Low
IroncladBio L,Technology,Brazil,2025,1461,Bootstrapped,0.0,Increasing,Hiring Freeze,Profit,16.28,197,13.47,1264,Low
EmberFoods R,Consumer Goods,United States,2023,365,Public/Post-IPO,195.2,Decreasing,Active Hiring,Profit,14.35,68,18.73,297,Low
EmberSoftware N,Real Estate,United Kingdom,2025,4788,Bootstrapped,0.0,Stable,Active Hiring,Loss,-0.2,936,19.54,3852,High
NimbusVentures X,Technology,United States,2024,7042,Bootstrapped,0.0,Stable,Hiring Freeze,Profit,-8.52,1619,22.99,5423,Medium
QuantumAero T,Consumer Goods,Canada,2023,1218,Bootstrapped,0.0,Stable,Selective Hiring,Loss,11.32,373,30.65,845,Medium
LumenMotors D,Aerospace,United States,2023,853,Public/Post-IPO,33.7,Decreasing,Selective Hiring,Loss,11.37,433,50.8,420,Medium
ApexAero J,Education,United States,2023,6186,Public/Post-IPO,143.5,Decreasing,Active Hiring,Loss,-1.0,2553,41.27,3633,Medium
DriftGroup,Manufacturing,Israel,2023,3808,Bootstrapped,0.0,Stable,Selective Hiring,Profit,24.69,553,14.53,3255,Low
ClarityAero,Technology,Singapore,2023,2306,Bootstrapped,0.0,Increasing,Selective Hiring,Profit,39.0,380,16.48,1926,Low
SummitTechnologies D,Hardware,India,2023,471,Public/Post-IPO,752.3,Stable,Hiring Freeze,Loss,-4.83,154,32.68,317,High
AnchorTechnologies,Hardware,United States,2023,6820,Funded,233.3,Increasing,Hiring Freeze,Loss,-5.62,4395,64.45,2425,High
CobaltDigital,Consumer Goods,Australia,2024,3457,Public/Post-IPO,375.9,Increasing,Hiring Freeze,Profit,-2.56,148,4.27,3309,Low
SummitMedia X,Technology,Australia,2024,7057,Public/Post-IPO,25.6,Decreasing,Active Hiring,Loss,6.74,1291,18.29,5766,Medium
IroncladAero N,Energy,India,2025,7615,Funded,30.0,Increasing,Hiring Freeze,Profit,-1.74,1614,21.2,6001,Low
NovaRobotics W,Telecommunications,China,2023,1690,Bootstrapped,0.0,Increasing,Active Hiring,Loss,-6.08,237,14.02,1453,Medium
WaveRetail E,Media & Entertainment,United States,2022,8910,Funded,11.5,Increasing,Active Hiring,Profit,-1.92,3064,34.39,5846,Low
WaveBio D,Crypto/Web3,Poland,2023,151,Funded,42.2,Stable,Selective Hiring,Loss,9.94,13,8.34,138,High
EmberEnergy P,Aerospace,France,2022,7679,Funded,21.0,Stable,Selective Hiring,Profit,-19.42,581,7.57,7098,Low
ApexRobotics Y,Consumer Goods,France,2024,2856,Funded,30.9,Stable,Selective Hiring,Loss,-17.46,809,28.31,2047,Medium
WaveHoldings O,Healthcare,United States,2023,329,Public/Post-IPO,92.7,Increasing,Selective Hiring,Profit,35.64,83,25.14,246,Low
IroncladFoods,Hardware,Israel,2022,9486,Funded,35.2,Decreasing,Selective Hiring,Loss,-0.21,7245,76.38,2241,High
HarborHoldings N,Education,United States,2022,1081,Public/Post-IPO,868.6,Decreasing,Selective Hiring,Loss,2.32,263,24.36,818,High
KeystoneFoods V,Manufacturing,United States,2026,7366,Bootstrapped,0.0,Increasing,Active Hiring,Profit,11.38,1615,21.93,5751,Low
GraniteDynamics S,Retail,Sweden,2024,6093,Funded,62.2,Stable,Hiring Freeze,Profit,33.18,1091,17.91,5002,Medium
DriftDigital M,Media & Entertainment,United States,2023,1479,Public/Post-IPO,52.4,Stable,Active Hiring,Loss,20.98,304,20.57,1175,Low
HarborAnalytics,Manufacturing,India,2026,9923,Public/Post-IPO,151.5,Increasing,Hiring Freeze,Profit,-6.03,2925,29.48,6998,Medium
StellarLogistics N,Logistics,United States,2023,3754,Bootstrapped,0.0,Decreasing,Active Hiring,Profit,-25.55,1542,41.07,2212,Medium
NovaMotors G,Healthcare,United States,2024,3993,Public/Post-IPO,9.6,Decreasing,Hiring Freeze,Loss,-19.16,2322,58.14,1671,High
StellarLabs F,Logistics,United States,2023,2351,Public/Post-IPO,853.7,Increasing,Hiring Freeze,Profit,14.9,493,20.96,1858,Medium
TundraAero G,Finance,United States,2023,444,Bootstrapped,0.0,Decreasing,Selective Hiring,Loss,16.3,322,72.57,122,High
SummitIndustries,Healthcare,United States,2024,3250,Bootstrapped,0.0,Increasing,Selective Hiring,Profit,30.93,260,7.99,2990,Low
TerraWorks,Healthcare,United States,2022,8471,Funded,10.1,Decreasing,Active Hiring,Loss,1.91,3494,41.25,4977,High
NovaAnalytics,Real Estate,United States,2023,5143,Public/Post-IPO,1852.6,Decreasing,Selective Hiring,Loss,-2.68,264,5.14,4879,High
BrightDynamics,Hospitality,France,2022,2655,Funded,15.3,Increasing,Selective Hiring,Loss,20.32,858,32.32,1797,Medium
MeridianSystems,Healthcare,Australia,2025,9368,Funded,5.7,Stable,Active Hiring,Loss,6.18,3308,35.31,6060,High
BrightCapital Z,Healthcare,China,2023,7736,Public/Post-IPO,468.0,Decreasing,Selective Hiring,Loss,3.3,2591,33.49,5145,High
HorizonDynamics Z,Manufacturing,France,2024,3253,Public/Post-IPO,304.7,Stable,Active Hiring,Loss,-8.32,879,27.02,2374,Medium
KeystoneTechnologies V,Automotive,Japan,2025,7809,Public/Post-IPO,438.4,Stable,Selective Hiring,Profit,-17.75,671,8.59,7138,Low
CrescentRobotics X,Finance,United States,2025,7091,Bootstrapped,0.0,Decreasing,Selective Hiring,Profit,17.55,602,8.49,6489,Medium
QuantumNetworks,Hardware,United States,2024,7405,Public/Post-IPO,916.5,Increasing,Active Hiring,Loss,11.66,1959,26.46,5446,Low
NovaSoftware E,Crypto/Web3,United States,2023,2974,Funded,113.8,Stable,Hiring Freeze,Loss,0.27,1702,57.24,1272,High
TerraRetail,Technology,India,2022,9604,Bootstrapped,0.0,Increasing,Hiring Freeze,Loss,41.67,1094,11.39,8510,Low
IroncladDynamics Y,Real Estate,United States,2024,5048,Funded,10.0,Stable,Active Hiring,Profit,10.78,899,17.8,4149,Medium
GraniteWorks M,Retail,Sweden,2023,9368,Public/Post-IPO,157.6,Increasing,Hiring Freeze,Profit,24.56,3316,35.4,6052,Low
LumenWorks,Hardware,Germany,2024,7866,Bootstrapped,0.0,Stable,Selective Hiring,Loss,39.22,775,9.85,7091,Low
TundraSystems C,Technology,China,2023,6989,Public/Post-IPO,17.8,Stable,Active Hiring,Profit,5.875,602,8.62,6387,Medium
NimbusEnergy,Energy,Poland,2023,2802,Bootstrapped,0.0,Increasing,Active Hiring,Loss,14.51,702,25.04,2100,Low
TundraEnergy G,Education,United States,2024,1811,Funded,48.4,Decreasing,Hiring Freeze,Loss,-21.4,1093,60.37,718,High
DeltaGroup,Real Estate,Canada,2024,4956,Public/Post-IPO,154.2,Stable,Selective Hiring,Profit,16.63,1204,24.29,3752,Low
VantageBio E,Media & Entertainment,United States,2023,4340,Funded,5.6,Increasing,Hiring Freeze,Profit,70.17,187,4.31,4153,Low
ApexHealth L,Automotive,United States,2024,9016,Bootstrapped,0.0,Increasing,Hiring Freeze,Loss,30.83,5287,58.64,3729,Medium
LumenMotors D,Retail,Singapore,2024,8003,Bootstrapped,0.0,Increasing,Active Hiring,Loss,2.52,1377,17.21,6626,Low
FusionIndustries S,Consumer Goods,China,2023,7601,Funded,51.8,Stable,Hiring Freeze,Profit,4.09,290,3.81,7311,Low
SolaceMedia U,Education,United States,2023,132,Funded,13.6,Decreasing,Hiring Freeze,Loss,-24.07,30,23.09,102,High
PioneerSolutions S,Telecommunications,Brazil,2022,6651,Funded,122.4,Increasing,Selective Hiring,Profit,8.1,425,6.39,6226,Low
MeridianBio S,Consumer Goods,Australia,2024,449,Funded,114.9,Increasing,Hiring Freeze,Loss,14.99,70,15.66,379,Low
CrescentRetail,Automotive,United States,2022,4713,Bootstrapped,0.0,Increasing,Selective Hiring,Profit,21.63,395,8.38,4318,Low
CascadeIndustries L,Crypto/Web3,France,2024,6462,Bootstrapped,0.0,Decreasing,Hiring Freeze,Loss,-6.51,5338,82.61,1124,High
RidgeMotors J,Finance,United States,2023,1029,Bootstrapped,0.0,Decreasing,Active Hiring,Profit,-21.38,81,7.83,948,Medium
CrescentIndustries,Education,India,2025,1383,Bootstrapped,0.0,Decreasing,Hiring Freeze,Loss,20.16,703,50.84,680,High
CircuitMedia T,Real Estate,Australia,2022,9233,Bootstrapped,0.0,Increasing,Selective Hiring,Loss,22.15,483,5.23,8750,Low
VertexTechnologies Y,Logistics,Singapore,2023,8775,Funded,19.5,Increasing,Active Hiring,Profit,20.57,804,9.16,7971,Low
ForgeAnalytics,Finance,Germany,2023,467,Public/Post-IPO,108.5,Stable,Selective Hiring,Profit,-13.37,169,36.19,298,Low
OrbitTechnologies,Telecommunications,India,2025,8895,Public/Post-IPO,938.2,Decreasing,Active Hiring,Loss,16.84,319,3.59,8576,Medium
NimbusDynamics,Logistics,United States,2023,5035,Funded,27.1,Stable,Selective Hiring,Profit,-22.35,1170,23.23,3865,Low
DeltaRobotics,Finance,United States,2023,6255,Public/Post-IPO,168.8,Increasing,Hiring Freeze,Loss,2.68,5341,85.39,914,High
BeaconDynamics B,Consumer Goods,Singapore,2025,1397,Funded,21.6,Stable,Active Hiring,Profit,-35.13,438,31.35,959,Low
StellarDynamics T,Healthcare,China,2024,2085,Funded,31.2,Increasing,Hiring Freeze,Profit,34.35,695,33.32,1390,Low
DriftSoftware G,Hospitality,Singapore,2025,2356,Funded,7.5,Decreasing,Hiring Freeze,Loss,-24.3,1750,74.27,606,High
HorizonDigital X,Energy,United States,2023,9844,Funded,18.5,Decreasing,Selective Hiring,Profit,-13.3,6390,64.91,3454,Low
AnchorSolutions,Hardware,Germany,2026,6670,Funded,70.9,Stable,Active Hiring,Profit,-0.47,2447,36.68,4223,Low
ForgeDigital F,Energy,Netherlands,2022,8383,Funded,46.6,Decreasing,Selective Hiring,Profit,-1.1,1359,16.21,7024,Low
KeystoneEnergy,Technology,Netherlands,2023,4534,Bootstrapped,0.0,Increasing,Hiring Freeze,Loss,-28.3,1387,30.59,3147,Medium
SolaceHoldings R,Hardware,India,2025,9130,Bootstrapped,0.0,Increasing,Selective Hiring,Profit,28.26,1646,18.03,7484,Low
NovaAnalytics O,Healthcare,Singapore,2023,9451,Funded,165.6,Increasing,Selective Hiring,Profit,-20.18,407,4.31,9044,Low
OrbitFoods,Aerospace,United States,2023,9799,Funded,9.8,Increasing,Hiring Freeze,Profit,8.52,1589,16.22,8210,Medium
SummitSystems N,Energy,Sweden,2023,9971,Funded,41.9,Increasing,Hiring Freeze,Profit,8.66,376,3.77,9595,Low
MeridianMotors,Technology,United States,2024,6326,Funded,10.1,Increasing,Selective Hiring,Profit,-17.05,2001,31.63,4325,Low
TerraWorks X,Healthcare,Germany,2025,7799,Public/Post-IPO,7.7,Stable,Active Hiring,Profit,-18.53,413,5.3,7386,Low
DriftDigital,Consumer Goods,United States,2022,1784,Public/Post-IPO,208.6,Decreasing,Active Hiring,Loss,-5.1,200,11.23,1584,High
ClaritySolutions B,Automotive,Germany,2022,6071,Funded,44.1,Increasing,Hiring Freeze,Profit,18.1,220,3.62,5851,Low
TundraDigital C,Technology,United States,2023,9995,Funded,44.1,Stable,Hiring Freeze,Loss,-27.52,5315,53.18,4680,High
ZenithWorks G,Telecommunications,Brazil,2022,5754,Public/Post-IPO,75.0,Increasing,Hiring Freeze,Profit,33.83,1256,21.82,4498,Low
CobaltTechnologies Z,Finance,Sweden,2025,9919,Public/Post-IPO,106.9,Decreasing,Hiring Freeze,Loss,-31.69,1328,13.39,8591,High
GraniteEnergy,Crypto/Web3,Israel,2023,9722,Bootstrapped,0.0,Decreasing,Active Hiring,Profit,14.24,3192,32.83,6530,Low
WaveDigital K,Media & Entertainment,Australia,2025,600,Public/Post-IPO,719.3,Decreasing,Active Hiring,Loss,18.81,50,8.33,550,Low
OrbitMedia,Telecommunications,India,2024,5233,Funded,60.1,Increasing,Hiring Freeze,Profit,-4.82,309,5.9,4924,Low
TerraBio L,Logistics,Australia,2022,2679,Public/Post-IPO,309.9,Stable,Selective Hiring,Loss,48.4,906,33.83,1773,Low
NimbusFoods F,Finance,Netherlands,2023,3510,Funded,11.3,Increasing,Selective Hiring,Profit,5.31,438,12.49,3072,Low
CrescentDynamics M,Biotech,United Kingdom,2025,9321,Public/Post-IPO,127.5,Decreasing,Hiring Freeze,Loss,-7.2,2363,25.35,6958,High
PioneerHealth J,Automotive,United States,2024,7157,Bootstrapped,0.0,Stable,Selective Hiring,Profit,9.36,1781,24.89,5376,Medium
VertexHoldings I,Automotive,United Kingdom,2026,3196,Bootstrapped,0.0,Increasing,Hiring Freeze,Loss,10.77,950,29.74,2246,Low
WaveSoftware U,Real Estate,Germany,2024,7259,Public/Post-IPO,976.7,Increasing,Active Hiring,Profit,42.67,894,12.31,6365,Low
NimbusRetail E,Consumer Goods,United States,2025,1256,Bootstrapped,0.0,Decreasing,Selective Hiring,Profit,-19.09,524,41.71,732,High
CircuitSoftware I,Finance,United States,2024,2404,Bootstrapped,0.0,Increasing,Hiring Freeze,Loss,11.37,1807,75.18,597,High
ForgeWorks A,Finance,Japan,2023,3449,Bootstrapped,0.0,Stable,Hiring Freeze,Profit,14.62,384,11.12,3065,Low
TerraMedia C,Healthcare,Australia,2022,7023,Bootstrapped,0.0,Decreasing,Hiring Freeze,Loss,18.85,3092,44.02,3931,Medium
HorizonSystems,Energy,Israel,2022,959,Bootstrapped,0.0,Increasing,Hiring Freeze,Profit,22.79,33,3.45,926,Low
ClaritySystems Y,Biotech,United States,2025,2865,Bootstrapped,0.0,Decreasing,Selective Hiring,Loss,-3.61,1674,58.42,1191,High
ClarityLogistics N,Hardware,United States,2025,698,Bootstrapped,0.0,Decreasing,Selective Hiring,Profit,-60.0,472,67.65,226,High
KeystoneCapital Q,Retail,India,2022,7752,Bootstrapped,0.0,Stable,Active Hiring,Profit,-3.76,1002,12.92,6750,Low
KeystoneHealth C,Logistics,United States,2025,5910,Bootstrapped,0.0,Stable,Selective Hiring,Profit,-8.46,439,7.42,5471,Low
SolaceMotors Y,Hardware,Sweden,2022,6297,Public/Post-IPO,517.8,Increasing,Active Hiring,Profit,19.03,1447,22.98,4850,Low
KeystoneMedia,Hardware,United Kingdom,2025,3693,Public/Post-IPO,107.1,Increasing,Active Hiring,Loss,25.45,314,8.5,3379,Low
ClarityMedia A,Energy,India,2022,9971,Bootstrapped,0.0,Decreasing,Selective Hiring,Profit,6.25,1106,11.09,8865,Medium
ClarityMedia U,Energy,Australia,2025,3664,Funded,33.2,Increasing,Hiring Freeze,Profit,-20.53,738,20.15,2926,Medium
PioneerRetail Q,Manufacturing,United States,2026,1782,Funded,22.1,Increasing,Hiring Freeze,Profit,17.5,227,12.74,1555,Low
VertexDigital U,Retail,Australia,2023,7250,Bootstrapped,0.0,Increasing,Hiring Freeze,Profit,21.57,1260,17.38,5990,Medium
QuantumTechnologies M,Healthcare,Japan,2023,4878,Public/Post-IPO,35.1,Decreasing,Hiring Freeze,Profit,3.17,1691,34.66,3187,Low
NimbusSolutions F,Aerospace,United States,2026,8193,Bootstrapped,0.0,Increasing,Active Hiring,Profit,6.6,410,5.01,7783,Low
TundraLabs,Crypto/Web3,United States,2023,3472,Public/Post-IPO,34.4,Decreasing,Hiring Freeze,Loss,-9.2,497,14.32,2975,Medium
ZenithEnergy Y,Technology,United States,2022,1846,Bootstrapped,0.0,Increasing,Hiring Freeze,Profit,23.97,349,18.93,1497,Medium
DriftAnalytics R,Crypto/Web3,Israel,2024,4775,Public/Post-IPO,199.2,Decreasing,Selective Hiring,Loss,21.8,1366,28.6,3409,Medium
VertexHealth O,Telecommunications,India,2025,2449,Funded,25.5,Increasing,Hiring Freeze,Profit,23.95,1873,76.47,576,High
IroncladSystems,Education,United States,2022,8996,Public/Post-IPO,1990.3,Increasing,Selective Hiring,Profit,19.31,2002,22.25,6994,Low
WaveNetworks,Hardware,Singapore,2023,589,Funded,77.0,Increasing,Hiring Freeze,Profit,31.73,89,15.08,500,Medium
SummitLogistics A,Biotech,China,2025,3441,Funded,11.3,Decreasing,Active Hiring,Profit,8.74,543,15.78,2898,Low
StellarLabs O,Crypto/Web3,United States,2022,5698,Public/Post-IPO,31.1,Stable,Active Hiring,Profit,9.62,987,17.33,4711,Low
DriftAnalytics R,Telecommunications,United States,2022,7155,Bootstrapped,0.0,Decreasing,Hiring Freeze,Loss,-16.62,448,6.26,6707,Medium
LumenSolutions U,Automotive,United States,2022,1498,Funded,9.9,Stable,Active Hiring,Profit,43.31,103,6.89,1395,Low
SolaceAnalytics Z,Consumer Goods,Netherlands,2024,5217,Public/Post-IPO,1130.6,Decreasing,Active Hiring,Loss,15.85,2357,45.18,2860,Medium
EmberSoftware K,Healthcare,United Kingdom,2023,8875,Bootstrapped,0.0,Increasing,Active Hiring,Loss,24.89,1416,15.95,7459,Low
CobaltDynamics X,Crypto/Web3,Australia,2024,6113,Bootstrapped,0.0,Decreasing,Hiring Freeze,Loss,-37.89,3412,55.82,2701,High
VertexSoftware,Telecommunications,India,2024,1971,Bootstrapped,0.0,Decreasing,Selective Hiring,Loss,5.21,458,23.23,1513,High
BeaconSolutions,Education,India,2026,8447,Public/Post-IPO,159.4,Increasing,Selective Hiring,Profit,-0.82,497,5.88,7950,Low
QuantumAnalytics Z,Media & Entertainment,Israel,2023,4684,Funded,15.7,Decreasing,Hiring Freeze,Loss,17.75,1727,36.86,2957,Medium
StellarBio I,Logistics,United States,2024,2995,Bootstrapped,0.0,Increasing,Active Hiring,Loss,-1.27,869,29.02,2126,Low
CobaltMotors M,Consumer Goods,Netherlands,2023,2641,Funded,27.1,Increasing,Hiring Freeze,Loss,10.2,238,9.0,2403,Low
CobaltAnalytics D,Hardware,United Kingdom,2026,8502,Public/Post-IPO,16.4,Decreasing,Active Hiring,Profit,-18.27,1718,20.21,6784,Medium
TerraAero O,Biotech,Japan,2023,6554,Public/Post-IPO,249.6,Stable,Active Hiring,Loss,6.32,683,10.42,5871,High
BrightHoldings H,Crypto/Web3,China,2023,5989,Bootstrapped,0.0,Increasing,Hiring Freeze,Loss,25.68,1815,30.31,4174,Medium
DriftSolutions O,Biotech,Japan,2022,8688,Bootstrapped,0.0,Decreasing,Active Hiring,Loss,-6.54,2985,34.36,5703,High
BeaconMotors C,Logistics,United States,2022,3229,Bootstrapped,0.0,Stable,Hiring Freeze,Profit,-31.89,250,7.74,2979,High
PioneerMotors,Technology,United States,2026,8163,Public/Post-IPO,94.4,Increasing,Selective Hiring,Profit,10.76,803,9.84,7360,Low
TerraFoods,Biotech,China,2022,1631,Public/Post-IPO,43.0,Stable,Hiring Freeze,Loss,-2.35,1114,68.28,517,High
GlacierNetworks O,Retail,Australia,2023,7839,Bootstrapped,0.0,Increasing,Hiring Freeze,Profit,-6.33,3041,38.79,4798,High
ClarityAnalytics O,Crypto/Web3,Australia,2023,6022,Public/Post-IPO,255.0,Increasing,Selective Hiring,Profit,6.8,862,14.32,5160,Low
RidgeIndustries S,Retail,United Kingdom,2023,5654,Public/Post-IPO,117.8,Decreasing,Hiring Freeze,Loss,-18.53,349,6.17,5305,Medium
ZenithVentures V,Retail,Poland,2026,7724,Funded,17.7,Increasing,Active Hiring,Profit,-9.91,959,12.41,6765,Low
ApexAnalytics X,Biotech,Netherlands,2022,5867,Funded,42.6,Stable,Selective Hiring,Loss,-1.34,1206,20.55,4661,High
CatalystAero X,Manufacturing,United States,2022,6490,Funded,14.1,Stable,Selective Hiring,Profit,26.33,143,2.2,6347,Low
SummitIndustries L,Media & Entertainment,India,2024,3099,Funded,132.4,Decreasing,Hiring Freeze,Loss,-38.21,1142,36.86,1957,High
KeystoneMedia V,Hospitality,France,2023,5098,Bootstrapped,0.0,Increasing,Active Hiring,Profit,64.1,799,15.68,4299,Low
CatalystRetail N,Finance,Germany,2023,8185,Public/Post-IPO,543.9,Stable,Hiring Freeze,Profit,2.01,464,5.67,7721,Low
EchoGroup C,Education,United States,2023,4450,Public/Post-IPO,117.8,Increasing,Active Hiring,Loss,8.92,1124,25.26,3326,Low
StellarIndustries U,Biotech,Israel,2022,1940,Public/Post-IPO,70.7,Stable,Active Hiring,Loss,-8.72,210,10.8,1730,Low
ApexMotors W,Technology,India,2023,5986,Funded,30.6,Decreasing,Active Hiring,Loss,-5.77,384,6.42,5602,Low
MeridianSolutions B,Telecommunications,India,2023,3085,Public/Post-IPO,21.6,Increasing,Selective Hiring,Profit,17.55,674,21.86,2411,Low
TundraHealth B,Hospitality,France,2025,860,Bootstrapped,0.0,Increasing,Selective Hiring,Profit,23.35,239,27.78,621,Low
HarborSolutions R,Technology,United States,2023,7777,Bootstrapped,0.0,Increasing,Selective Hiring,Profit,13.11,715,9.19,7062,Low
WaveAero Q,Manufacturing,Sweden,2022,2867,Public/Post-IPO,387.3,Increasing,Hiring Freeze,Profit,44.15,1449,50.53,1418,Low
SummitRetail D,Biotech,United Kingdom,2026,460,Bootstrapped,0.0,Decreasing,Hiring Freeze,Loss,-15.49,275,59.7,185,High
GlacierDigital E,Finance,United States,2023,8349,Funded,12.5,Decreasing,Selective Hiring,Loss,3.67,3138,37.58,5211,High
EmberHealth W,Automotive,United States,2023,4413,Public/Post-IPO,467.1,Increasing,Active Hiring,Profit,14.14,593,13.44,3820,Low
ClarityAnalytics U,Biotech,Canada,2024,8532,Bootstrapped,0.0,Stable,Hiring Freeze,Profit,28.2,2100,24.61,6432,High
WaveBio,Retail,United Kingdom,2023,1862,Bootstrapped,0.0,Increasing,Selective Hiring,Profit,41.19,150,8.05,1712,Low
NovaDigital D,Hospitality,United States,2022,7568,Funded,9.9,Increasing,Hiring Freeze,Loss,25.04,4003,52.9,3565,Medium
TundraRobotics,Real Estate,Brazil,2023,1767,Public/Post-IPO,73.5,Increasing,Hiring Freeze,Loss,23.98,709,40.15,1058,Low
DriftSystems G,Hospitality,Canada,2025,552,Public/Post-IPO,714.5,Increasing,Hiring Freeze,Loss,22.24,164,29.73,388,Medium
TerraRobotics,Consumer Goods,United States,2023,2498,Bootstrapped,0.0,Stable,Hiring Freeze,Profit,-15.78,754,30.17,1744,High
VertexAnalytics G,Healthcare,United States,2026,9882,Funded,35.9,Increasing,Hiring Freeze,Loss,4.65,3921,39.68,5961,High
AnchorGroup E,Media & Entertainment,India,2025,7655,Public/Post-IPO,86.9,Decreasing,Hiring Freeze,Loss,-4.26,1219,15.93,6436,High
BeaconGroup A,Biotech,United States,2023,6793,Bootstrapped,0.0,Stable,Active Hiring,Loss,33.45,749,11.03,6044,Low
JasperLabs H,Automotive,United States,2025,6622,Bootstrapped,0.0,Stable,Selective Hiring,Profit,-0.78,2092,31.59,4530,Low
PioneerVentures T,Education,Germany,2022,4293,Public/Post-IPO,38.4,Stable,Active Hiring,Profit,-37.54,1178,27.43,3115,High
DeltaSoftware H,Automotive,United States,2022,8469,Funded,146.1,Decreasing,Hiring Freeze,Profit,-33.16,6650,78.52,1819,High
CascadeSolutions,Finance,United States,2025,2196,Public/Post-IPO,215.9,Stable,Selective Hiring,Loss,-1.91,692,31.5,1504,High
GlacierAero,Hospitality,United States,2023,5145,Bootstrapped,0.0,Stable,Hiring Freeze,Profit,9.34,57,1.1,5088,Low
BeaconCapital,Automotive,United States,2022,5991,Bootstrapped,0.0,Stable,Active Hiring,Loss,4.92,4158,69.41,1833,High
StellarHoldings M,Logistics,Israel,2023,8445,Funded,56.7,Increasing,Active Hiring,Loss,7.75,3861,45.72,4584,Medium
PioneerVentures A,Finance,France,2023,7831,Funded,215.0,Increasing,Selective Hiring,Profit,2.1,1518,19.38,6313,Low
LumenAnalytics H,Biotech,Germany,2026,8004,Bootstrapped,0.0,Stable,Selective Hiring,Profit,35.61,2674,33.41,5330,Low
LumenHealth V,Crypto/Web3,United States,2022,831,Bootstrapped,0.0,Increasing,Selective Hiring,Profit,-12.29,151,18.23,680,Low
CrescentLabs D,Biotech,United Kingdom,2026,7138,Funded,21.5,Increasing,Selective Hiring,Profit,1.39,3755,52.61,3383,Medium
EchoIndustries V,Crypto/Web3,India,2022,6673,Funded,21.5,Stable,Hiring Freeze,Loss,14.9,2014,30.18,4659,Low
QuantumSystems M,Healthcare,Canada,2022,3955,Funded,35.6,Stable,Active Hiring,Profit,-0.59,1272,32.16,2683,Medium
EmberSoftware K,Technology,United States,2023,3392,Funded,20.1,Decreasing,Active Hiring,Profit,5.27,760,22.4,2632,High
HorizonFoods,Retail,Japan,2022,4471,Bootstrapped,0.0,Decreasing,Active Hiring,Loss,14.28,1401,31.33,3070,Medium
NimbusTechnologies U,Healthcare,Israel,2023,1924,Funded,56.8,Increasing,Hiring Freeze,Profit,-6.7,1390,72.24,534,High
ZenithRobotics V,Hardware,Germany,2023,6178,Bootstrapped,0.0,Increasing,Active Hiring,Profit,-12.55,1051,17.01,5127,Low
ForgeWorks,Biotech,Netherlands,2023,1646,Public/Post-IPO,21.9,Decreasing,Active Hiring,Loss,0.74,67,4.07,1579,Medium
ZenithSystems P,Energy,Australia,2023,5376,Public/Post-IPO,0.0,Increasing,Hiring Freeze,Profit,13.48,688,12.79,4688,Low
ZenithHoldings,Education,Netherlands,2022,9129,Bootstrapped,0.0,Increasing,Hiring Freeze,Profit,31.26,332,3.64,8797,Low
AnchorAero,Media & Entertainment,Singapore,2024,7427,Public/Post-IPO,141.1,Increasing,Hiring Freeze,Profit,15.49,4331,58.32,3096,High
CobaltWorks H,Hospitality,China,2023,9512,Funded,15.2,Decreasing,Hiring Freeze,Loss,-8.95,5071,53.31,4441,Medium
NovaTechnologies U,Hospitality,United States,2025,3710,Bootstrapped,0.0,Increasing,Selective Hiring,Profit,6.0,267,7.21,3443,Low
AnchorLogistics Z,Aerospace,Canada,2023,2907,Bootstrapped,0.0,Increasing,Hiring Freeze,Loss,36.38,649,22.34,2258,Medium
EchoHoldings N,Hospitality,United States,2025,7987,Funded,37.4,Stable,Active Hiring,Loss,-23.91,1042,13.05,6945,Low
FusionSolutions,Healthcare,Brazil,2022,2461,Funded,12.8,Decreasing,Selective Hiring,Loss,-1.19,506,20.55,1955,High
ZenithLabs,Media & Entertainment,United States,2026,7900,Public/Post-IPO,265.7,Stable,Selective Hiring,Profit,14.25,1185,15.0,6715,Low
SummitRobotics I,Logistics,France,2024,7083,Funded,6.8,Increasing,Selective Hiring,Profit,-13.52,993,14.02,6090,Low
OrbitDynamics Z,Hospitality,Sweden,2025,8494,Public/Post-IPO,333.3,Decreasing,Selective Hiring,Loss,-22.19,1099,12.94,7395,High
SolaceSoftware W,Healthcare,United Kingdom,2025,8361,Public/Post-IPO,76.2,Stable,Active Hiring,Profit,44.54,1895,22.66,6466,Low
ForgeCapital,Finance,Poland,2022,5564,Bootstrapped,0.0,Increasing,Hiring Freeze,Profit,-3.83,728,13.09,4836,Medium
SummitRetail D,Hardware,United Kingdom,2023,3501,Bootstrapped,0.0,Increasing,Hiring Freeze,Profit,11.78,1078,30.79,2423,Low
CrescentIndustries E,Retail,United States,2023,464,Public/Post-IPO,122.6,Increasing,Selective Hiring,Loss,-6.54,71,15.27,393,Low
AnchorBio L,Crypto/Web3,Japan,2024,2874,Funded,14.5,Decreasing,Active Hiring,Profit,-54.02,364,12.66,2510,Medium
SummitSolutions Q,Finance,India,2022,4483,Public/Post-IPO,124.3,Increasing,Active Hiring,Profit,10.41,704,15.7,3779,Low
NimbusRetail E,Telecommunications,Canada,2025,4594,Bootstrapped,0.0,Decreasing,Hiring Freeze,Loss,-17.46,700,15.23,3894,High
NovaBio S,Logistics,Singapore,2022,2638,Bootstrapped,0.0,Increasing,Selective Hiring,Profit,10.26,939,35.58,1699,Low
ClaritySoftware R,Hardware,Israel,2023,1892,Bootstrapped,0.0,Increasing,Active Hiring,Profit,44.04,126,6.66,1766,Low
BrightVentures P,Technology,United States,2022,3392,Bootstrapped,0.0,Stable,Selective Hiring,Loss,24.94,1457,42.95,1935,Low
BrightTechnologies K,Crypto/Web3,Germany,2023,5082,Bootstrapped,0.0,Decreasing,Selective Hiring,Loss,6.4,577,11.36,4505,High
NimbusMedia P,Energy,Sweden,2022,3424,Funded,123.4,Increasing,Selective Hiring,Profit,36.95,249,7.27,3175,Low
DriftCapital M,Energy,United States,2022,5100,Bootstrapped,0.0,Increasing,Active Hiring,Loss,32.77,1175,23.04,3925,Low
ApexNetworks C,Crypto/Web3,India,2022,6772,Funded,29.2,Increasing,Hiring Freeze,Profit,15.36,1143,16.88,5629,Low
CascadeLogistics,Energy,United Kingdom,2024,3975,Public/Post-IPO,157.3,Decreasing,Hiring Freeze,Profit,8.14,702,17.65,3273,Low
AnchorMedia R,Manufacturing,United States,2025,7197,Bootstrapped,0.0,Increasing,Hiring Freeze,Profit,23.03,325,4.52,6872,Low
CrescentEnergy K,Technology,China,2024,1103,Funded,14.9,Increasing,Selective Hiring,Profit,3.15,98,8.9,1005,Low
OrbitLogistics U,Automotive,United States,2022,4878,Public/Post-IPO,289.4,Increasing,Hiring Freeze,Loss,-22.56,731,14.98,4147,Low
LumenEnergy,Technology,India,2022,9461,Bootstrapped,0.0,Decreasing,Hiring Freeze,Loss,7.5,1795,18.97,7666,High
EmberGroup S,Hospitality,United States,2023,6397,Bootstrapped,0.0,Increasing,Active Hiring,Profit,-1.61,529,8.27,5868,Low
LumenAnalytics L,Real Estate,India,2026,3291,Public/Post-IPO,31.4,Stable,Active Hiring,Profit,14.85,622,18.9,2669,Medium
TundraSystems,Retail,United Kingdom,2023,737,Bootstrapped,0.0,Increasing,Active Hiring,Profit,44.25,149,20.19,588,Low
TundraRobotics,Retail,United States,2025,5957,Bootstrapped,0.0,Stable,Selective Hiring,Profit,-21.75,1356,22.77,4601,High
KeystoneNetworks,Energy,United States,2023,2295,Bootstrapped,0.0,Decreasing,Active Hiring,Loss,8.94,455,19.82,1840,Medium
LumenCapital V,Technology,United States,2025,2918,Funded,18.9,Decreasing,Selective Hiring,Loss,-19.92,1980,67.87,938,Low
OrbitHealth D,Hospitality,Australia,2026,2506,Funded,148.8,Increasing,Hiring Freeze,Profit,4.11,1055,42.11,1451,Low
WaveLogistics Y,Education,United States,2024,471,Bootstrapped,0.0,Increasing,Active Hiring,Profit,22.82,75,16.0,396,Low
SummitDigital U,Healthcare,India,2022,9671,Funded,23.3,Increasing,Hiring Freeze,Loss,29.31,3191,33.0,6480,High
BeaconRobotics A,Telecommunications,India,2025,8530,Public/Post-IPO,132.4,Stable,Active Hiring,Profit,15.6,473,5.54,8057,Low
CrescentVentures W,Real Estate,Singapore,2026,5913,Public/Post-IPO,135.4,Increasing,Active Hiring,Loss,10.22,1847,31.24,4066,Medium
KeystoneRobotics S,Retail,Japan,2022,8795,Public/Post-IPO,614.8,Stable,Hiring Freeze,Profit,-22.73,3561,40.49,5234,Medium
GraniteVentures F,Hardware,United States,2025,5844,Public/Post-IPO,267.9,Increasing,Hiring Freeze,Loss,35.79,1650,28.23,4194,High
QuantumIndustries,Retail,United Kingdom,2023,1240,Public/Post-IPO,46.3,Decreasing,Hiring Freeze,Profit,12.78,326,26.27,914,High
CircuitSystems R,Energy,Netherlands,2024,6263,Public/Post-IPO,58.3,Decreasing,Selective Hiring,Loss,18.83,2556,40.81,3707,High
VantageVentures G,Manufacturing,United States,2025,2453,Bootstrapped,0.0,Decreasing,Hiring Freeze,Loss,20.46,1939,79.04,514,High
StellarSolutions,Telecommunications,United States,2025,8638,Public/Post-IPO,61.0,Increasing,Hiring Freeze,Loss,29.75,4315,49.95,4323,Low
VantageHoldings E,Consumer Goods,United States,2022,9272,Public/Post-IPO,205.2,Increasing,Hiring Freeze,Loss,27.8,1646,17.75,7626,Low
EmberTechnologies U,Crypto/Web3,Brazil,2026,3475,Funded,4.6,Increasing,Hiring Freeze,Profit,23.05,433,12.46,3042,Low
BrightWorks Z,Energy,United States,2023,4959,Bootstrapped,0.0,Increasing,Hiring Freeze,Profit,23.83,962,19.39,3997,Low
JasperMotors M,Real Estate,India,2026,4121,Funded,177.0,Decreasing,Active Hiring,Profit,8.02,209,5.07,3912,Low
OrbitAero R,Technology,United States,2022,3407,Funded,120.8,Decreasing,Selective Hiring,Loss,-7.56,1517,44.52,1890,High
NovaVentures,Logistics,France,2024,7848,Funded,3.7,Increasing,Active Hiring,Profit,59.04,1960,24.97,5888,Low
BrightHealth M,Hospitality,France,2023,657,Funded,3.9,Decreasing,Selective Hiring,Loss,-2.38,158,24.07,499,High
ApexDynamics O,Logistics,United Kingdom,2022,3035,Public/Post-IPO,113.4,Increasing,Active Hiring,Loss,20.75,56,1.85,2979,Low
CircuitSoftware V,Logistics,Sweden,2026,6321,Bootstrapped,0.0,Increasing,Active Hiring,Loss,31.35,3687,58.33,2634,Medium
EchoLabs X,Crypto/Web3,India,2026,2920,Bootstrapped,0.0,Increasing,Hiring Freeze,Profit,-1.55,1505,51.55,1415,High
NimbusRobotics A,Biotech,Sweden,2023,9732,Bootstrapped,0.0,Increasing,Selective Hiring,Profit,12.29,3686,37.88,6046,Medium
JasperWorks X,Hospitality,Japan,2023,6031,Funded,25.6,Increasing,Hiring Freeze,Profit,32.79,458,7.59,5573,Low
AnchorDigital Z,Education,Israel,2022,7393,Funded,93.7,Stable,Selective Hiring,Profit,53.18,551,7.45,6842,Low
CobaltRobotics Q,Manufacturing,China,2022,3029,Funded,54.8,Increasing,Hiring Freeze,Profit,-4.83,733,24.19,2296,Low
ForgeAero B,Consumer Goods,Australia,2025,6281,Public/Post-IPO,2306.3,Stable,Hiring Freeze,Profit,3.06,2674,42.58,3607,Medium
IroncladNetworks H,Education,France,2022,9453,Bootstrapped,0.0,Increasing,Hiring Freeze,Loss,49.14,2501,26.46,6952,Low
CobaltIndustries L,Retail,United States,2026,2445,Bootstrapped,0.0,Decreasing,Selective Hiring,Loss,2.75,421,17.2,2024,Medium
NimbusNetworks,Technology,India,2025,5307,Funded,6.7,Increasing,Active Hiring,Profit,20.42,667,12.56,4640,Low
StellarTechnologies A,Consumer Goods,United States,2025,9236,Funded,6.5,Increasing,Selective Hiring,Profit,12.72,2529,27.38,6707,Medium
MeridianDigital W,Healthcare,United States,2026,430,Public/Post-IPO,86.2,Decreasing,Selective Hiring,Profit,-11.77,147,34.26,283,Medium
TerraCapital,Telecommunications,United States,2022,1673,Bootstrapped,0.0,Increasing,Active Hiring,Profit,24.86,262,15.69,1411,Low
SolaceFoods D,Consumer Goods,Japan,2026,5012,Public/Post-IPO,62.1,Decreasing,Active Hiring,Loss,15.34,346,6.9,4666,Medium
StellarTechnologies X,Aerospace,Canada,2022,226,Public/Post-IPO,19.9,Stable,Active Hiring,Loss,19.54,66,29.11,160,Low
SummitDynamics Q,Crypto/Web3,United States,2024,7460,Funded,31.5,Increasing,Active Hiring,Profit,-15.07,2171,29.1,5289,Medium
QuantumTechnologies M,Energy,Canada,2025,2045,Bootstrapped,0.0,Increasing,Hiring Freeze,Profit,-4.16,219,10.73,1826,Low
JasperEnergy C,Technology,Canada,2024,6129,Bootstrapped,0.0,Increasing,Hiring Freeze,Profit,-4.46,2420,39.48,3709,Medium
ApexHealth L,Education,United States,2022,1203,Bootstrapped,0.0,Decreasing,Hiring Freeze,Loss,-29.65,710,59.0,493,High
JasperLogistics V,Telecommunications,Singapore,2022,861,Bootstrapped,0.0,Decreasing,Hiring Freeze,Profit,24.74,130,15.11,731,High
HorizonLabs W,Telecommunications,China,2022,884,Public/Post-IPO,12.6,Decreasing,Selective Hiring,Loss,-29.21,440,49.78,444,High
BeaconRobotics A,Automotive,United States,2024,7035,Public/Post-IPO,69.3,Increasing,Hiring Freeze,Profit,-24.11,1261,17.93,5774,Medium
FusionSoftware Z,Retail,United States,2026,7366,Bootstrapped,0.0,Increasing,Selective Hiring,Profit,0.73,650,8.82,6716,Low
GlacierFoods D,Energy,Germany,2023,1867,Public/Post-IPO,58.2,Stable,Active Hiring,Profit,17.4,134,7.2,1733,Low
AnchorEnergy,Energy,India,2024,7704,Bootstrapped,0.0,Stable,Hiring Freeze,Loss,6.87,1527,19.82,6177,Medium
HorizonDynamics Q,Finance,India,2024,3800,Bootstrapped,0.0,Stable,Selective Hiring,Profit,-9.15,943,24.82,2857,Low
StellarHealth,Hospitality,Australia,2023,5794,Funded,5.1,Stable,Active Hiring,Loss,-2.44,2611,45.06,3183,High
VertexHoldings I,Real Estate,France,2026,7931,Public/Post-IPO,253.5,Decreasing,Active Hiring,Loss,-19.47,830,10.46,7101,High
JasperAero T,Manufacturing,United Kingdom,2022,3835,Bootstrapped,0.0,Decreasing,Hiring Freeze,Loss,-24.2,3092,80.62,743,High
CatalystVentures F,Consumer Goods,United States,2025,5416,Funded,57.2,Increasing,Selective Hiring,Profit,41.11,201,3.71,5215,Low
JasperMedia U,Manufacturing,Singapore,2023,8904,Bootstrapped,0.0,Stable,Selective Hiring,Profit,-13.33,1320,14.83,7584,Medium
ZenithAero Q,Energy,United States,2022,7757,Bootstrapped,0.0,Increasing,Hiring Freeze,Loss,-8.37,601,7.75,7156,Low
BrightTechnologies K,Real Estate,France,2023,104,Bootstrapped,0.0,Decreasing,Hiring Freeze,Loss,-10.19,60,57.29,44,High
ClarityEnergy Q,Automotive,United States,2025,9630,Bootstrapped,0.0,Increasing,Selective Hiring,Profit,38.23,1684,17.49,7946,Low
ApexLabs D,Finance,United States,2023,1967,Public/Post-IPO,89.9,Decreasing,Hiring Freeze,Profit,13.99,515,26.16,1452,High
TerraDigital,Media & Entertainment,United States,2023,5674,Public/Post-IPO,542.1,Decreasing,Active Hiring,Loss,-15.33,1214,21.4,4460,Low
TundraMedia Z,Education,Canada,2025,3318,Bootstrapped,0.0,Increasing,Hiring Freeze,Profit,-19.21,744,22.41,2574,Medium
ForgeGroup,Crypto/Web3,United States,2026,9898,Funded,54.6,Stable,Hiring Freeze,Loss,30.12,4376,44.21,5522,Low
StellarAnalytics V,Hardware,United States,2023,9791,Bootstrapped,0.0,Decreasing,Active Hiring,Loss,-1.48,8005,81.76,1786,High
JasperTechnologies,Logistics,India,2022,940,Funded,53.6,Increasing,Active Hiring,Loss,30.25,186,19.79,754,Medium
NimbusFoods J,Crypto/Web3,Netherlands,2023,9906,Funded,38.2,Decreasing,Hiring Freeze,Profit,-8.91,5861,59.17,4045,High
RidgeSystems O,Finance,Canada,2024,1210,Funded,29.6,Increasing,Hiring Freeze,Profit,53.9,286,23.62,924,Medium
VantageBio J,Finance,United States,2025,404,Bootstrapped,0.0,Increasing,Hiring Freeze,Profit,14.3,73,18.16,331,Low
CobaltVentures A,Biotech,Japan,2024,4274,Bootstrapped,0.0,Stable,Hiring Freeze,Loss,30.47,2817,65.91,1457,High
VertexBio J,Automotive,United States,2023,2319,Bootstrapped,0.0,Decreasing,Hiring Freeze,Loss,3.61,1829,78.85,490,High
GlacierCapital A,Hospitality,India,2023,6391,Public/Post-IPO,0.0,Increasing,Hiring Freeze,Profit,-9.28,1272,19.91,5119,Medium
SolaceMotors G,Consumer Goods,Sweden,2026,2524,Bootstrapped,0.0,Decreasing,Active Hiring,Loss,4.75,320,12.68,2204,High
AnchorAero L,Automotive,United States,2025,7858,Public/Post-IPO,151.8,Stable,Active Hiring,Loss,3.74,1068,13.59,6790,Low
ClarityHealth,Finance,United States,2022,4540,Bootstrapped,0.0,Decreasing,Hiring Freeze,Profit,-1.73,1637,36.06,2903,High
WaveFoods U,Finance,Singapore,2023,972,Funded,43.8,Increasing,Hiring Freeze,Profit,17.22,117,12.08,855,Low
HarborRobotics L,Automotive,China,2024,611,Funded,7.3,Increasing,Selective Hiring,Profit,11.5,227,37.17,384,Low
WaveDynamics S,Manufacturing,United States,2024,3359,Public/Post-IPO,466.1,Increasing,Hiring Freeze,Profit,1.69,680,20.24,2679,High
SummitLogistics K,Real Estate,United States,2026,7317,Bootstrapped,0.0,Decreasing,Selective Hiring,Loss,-11.77,1098,15.0,6219,High
CrescentNetworks D,Hospitality,Germany,2022,1647,Bootstrapped,0.0,Increasing,Selective Hiring,Loss,13.43,541,32.84,1106,High
CatalystHealth J,Retail,United States,2022,7054,Public/Post-IPO,62.8,Increasing,Active Hiring,Profit,11.12,1797,25.47,5257,Low
MeridianSystems,Biotech,India,2026,8600,Funded,84.8,Decreasing,Active Hiring,Profit,-5.81,1652,19.21,6948,Medium
KeystoneTechnologies,Manufacturing,India,2024,6084,Funded,27.5,Decreasing,Active Hiring,Loss,-5.04,2033,33.42,4051,High
CircuitBio N,Manufacturing,Australia,2023,5336,Funded,11.5,Increasing,Active Hiring,Profit,34.1,490,9.19,4846,Low
TundraSystems T,Energy,Netherlands,2024,8382,Funded,34.8,Increasing,Hiring Freeze,Profit,14.76,1748,20.86,6634,Low
TundraWorks N,Education,Singapore,2022,4589,Funded,6.3,Increasing,Active Hiring,Profit,19.49,424,9.23,4165,Low
ApexSoftware,Retail,Australia,2023,2588,Funded,32.0,Increasing,Hiring Freeze,Profit,1.47,856,33.07,1732,Low
JasperLogistics,Biotech,Israel,2025,6237,Public/Post-IPO,42.9,Increasing,Selective Hiring,Loss,15.56,2413,38.69,3824,Medium
EchoHoldings,Telecommunications,India,2026,6592,Bootstrapped,0.0,Stable,Active Hiring,Profit,16.6,196,2.97,6396,Low
IroncladMedia X,Real Estate,United States,2024,6461,Bootstrapped,0.0,Decreasing,Active Hiring,Profit,-4.87,1073,16.6,5388,Medium
EchoHoldings W,Telecommunications,United States,2023,8479,Funded,26.0,Increasing,Active Hiring,Profit,8.44,376,4.44,8103,Low
SummitIndustries,Aerospace,India,2023,3989,Bootstrapped,0.0,Decreasing,Hiring Freeze,Profit,-6.81,1162,29.14,2827,Low
ClarityEnergy Q,Biotech,United States,2022,7718,Bootstrapped,0.0,Decreasing,Selective Hiring,Profit,-6.39,1762,22.83,5956,Low
SummitLabs L,Technology,United Kingdom,2022,9703,Funded,51.9,Decreasing,Hiring Freeze,Loss,-22.64,3120,32.15,6583,High
OrbitVentures O,Automotive,Brazil,2022,5479,Funded,2.6,Stable,Hiring Freeze,Loss,2.8,999,18.23,4480,High
StellarTechnologies,Retail,United States,2022,8006,Funded,43.0,Decreasing,Selective Hiring,Loss,-21.75,2426,30.3,5580,High
EchoSolutions F,Crypto/Web3,India,2026,5184,Bootstrapped,0.0,Decreasing,Selective Hiring,Loss,-27.99,1286,24.81,3898,High
TerraWorks X,Retail,Singapore,2024,4086,Funded,23.5,Decreasing,Active Hiring,Loss,7.98,581,14.23,3505,High
TerraLabs X,Crypto/Web3,Australia,2022,6223,Bootstrapped,0.0,Decreasing,Active Hiring,Loss,-7.37,3265,52.46,2958,High
VantageMotors Z,Biotech,United States,2026,5539,Funded,22.2,Increasing,Selective Hiring,Profit,3.08,666,12.02,4873,Low
TundraWorks,Biotech,France,2023,4481,Bootstrapped,0.0,Increasing,Active Hiring,Profit,14.99,611,13.64,3870,Low
ForgeAnalytics,Logistics,India,2023,451,Public/Post-IPO,105.1,Stable,Active Hiring,Loss,21.41,56,12.49,395,Low
IroncladLabs Y,Consumer Goods,United States,2025,6896,Public/Post-IPO,18.1,Increasing,Active Hiring,Loss,19.32,1399,20.29,5497,Low
CircuitBio N,Hardware,India,2022,1779,Public/Post-IPO,498.4,Increasing,Hiring Freeze,Profit,-6.49,211,11.85,1568,Low
CatalystVentures P,Healthcare,United States,2022,9150,Funded,2.5,Decreasing,Active Hiring,Loss,-16.7,1947,21.28,7203,High
OrbitCapital Z,Real Estate,Singapore,2022,2729,Public/Post-IPO,39.2,Increasing,Active Hiring,Loss,-21.89,829,30.39,1900,High
OrbitIndustries B,Crypto/Web3,China,2025,5152,Bootstrapped,0.0,Increasing,Active Hiring,Loss,-4.35,1354,26.29,3798,Medium
SummitHoldings I,Telecommunications,India,2023,3610,Funded,14.3,Increasing,Selective Hiring,Loss,14.98,681,18.86,2929,Low
LumenLabs,Crypto/Web3,United States,2024,3105,Funded,317.5,Increasing,Hiring Freeze,Profit,15.95,236,7.61,2869,Low
VantageNetworks A,Telecommunications,United States,2023,4312,Public/Post-IPO,29.2,Increasing,Active Hiring,Profit,2.76,433,10.05,3879,Low
KeystoneFoods V,Automotive,China,2025,1451,Bootstrapped,0.0,Decreasing,Selective Hiring,Loss,-6.51,240,16.52,1211,High
CatalystDigital E,Energy,United States,2025,103,Funded,3.9,Increasing,Active Hiring,Loss,5.23,7,6.71,96,Low
SummitSolutions Y,Automotive,Japan,2023,6399,Public/Post-IPO,31.7,Increasing,Hiring Freeze,Profit,-7.68,3621,56.59,2778,Low
ApexVentures B,Energy,Germany,2024,4823,Public/Post-IPO,86.2,Increasing,Selective Hiring,Profit,33.45,681,14.11,4142,Low
VantageMotors Z,Finance,Brazil,2024,3670,Public/Post-IPO,126.0,Stable,Active Hiring,Profit,0.35,490,13.34,3180,Low
ClarityVentures,Consumer Goods,United States,2022,4344,Bootstrapped,0.0,Increasing,Hiring Freeze,Loss,-1.73,1383,31.84,2961,High
ApexIndustries K,Biotech,Singapore,2024,6419,Public/Post-IPO,68.3,Increasing,Hiring Freeze,Profit,5.02,954,14.86,5465,Medium
BrightSystems I,Energy,United States,2022,9029,Funded,14.3,Decreasing,Selective Hiring,Profit,-13.17,6905,76.48,2124,High
KeystoneDigital,Crypto/Web3,United States,2023,5335,Public/Post-IPO,605.9,Increasing,Active Hiring,Profit,14.16,213,4.0,5122,Low
ApexBio,Logistics,Japan,2023,3405,Bootstrapped,0.0,Increasing,Active Hiring,Loss,-6.19,32,0.95,3373,Low
ApexTechnologies,Biotech,United States,2023,798,Public/Post-IPO,1106.1,Decreasing,Hiring Freeze,Loss,-14.63,132,16.52,666,Medium
EmberSystems S,Hardware,India,2026,1744,Bootstrapped,0.0,Stable,Hiring Freeze,Loss,-6.74,639,36.66,1105,Medium
HarborIndustries,Finance,United Kingdom,2023,1361,Funded,28.7,Increasing,Selective Hiring,Loss,20.87,101,7.39,1260,Medium
BrightMotors,Automotive,United Kingdom,2022,3037,Funded,3.7,Decreasing,Active Hiring,Loss,-37.69,1780,58.6,1257,High
IroncladCapital W,Telecommunications,Canada,2023,9227,Funded,20.6,Increasing,Hiring Freeze,Profit,22.79,1380,14.96,7847,Low
EchoVentures L,Automotive,Germany,2025,4646,Bootstrapped,0.0,Decreasing,Active Hiring,Loss,8.49,2187,47.07,2459,Medium
LumenIndustries,Telecommunications,France,2023,7979,Bootstrapped,0.0,Increasing,Hiring Freeze,Profit,21.97,783,9.81,7196,Low
GraniteFoods,Finance,United States,2026,895,Bootstrapped,0.0,Stable,Hiring Freeze,Profit,20.78,94,10.48,801,Low
ForgeRobotics R,Crypto/Web3,United States,2023,3942,Bootstrapped,0.0,Increasing,Hiring Freeze,Loss,23.13,740,18.77,3202,High
SummitGroup,Telecommunications,France,2023,4124,Public/Post-IPO,236.3,Decreasing,Hiring Freeze,Loss,-32.28,1676,40.65,2448,High
BrightSystems I,Crypto/Web3,United Kingdom,2025,5356,Funded,0.0,Decreasing,Hiring Freeze,Profit,-26.08,2973,55.51,2383,High
GlacierRobotics C,Energy,United States,2024,4361,Bootstrapped,0.0,Stable,Active Hiring,Profit,-5.29,1426,32.69,2935,Medium
ForgeSolutions T,Logistics,Canada,2022,3740,Public/Post-IPO,127.6,Increasing,Selective Hiring,Profit,45.36,706,18.88,3034,Low
ZenithAero N,Energy,Germany,2026,918,Bootstrapped,0.0,Increasing,Selective Hiring,Profit,10.14,122,13.26,796,Medium
OrbitAero Y,Hospitality,Germany,2025,7816,Public/Post-IPO,22.0,Decreasing,Active Hiring,Loss,-8.96,1961,25.09,5855,Medium
RidgeVentures,Education,United States,2025,1951,Bootstrapped,0.0,Stable,Selective Hiring,Loss,2.79,671,34.38,1280,High
TundraAero G,Biotech,United Kingdom,2024,2067,Bootstrapped,0.0,Decreasing,Active Hiring,Loss,-21.16,661,31.96,1406,Medium
AnchorVentures U,Technology,Germany,2024,8937,Public/Post-IPO,108.0,Increasing,Selective Hiring,Loss,38.38,664,7.43,8273,Low
StellarEnergy G,Manufacturing,United States,2023,4354,Funded,47.2,Increasing,Selective Hiring,Profit,-8.87,175,4.03,4179,Medium
TerraMedia C,Technology,United Kingdom,2023,2995,Bootstrapped,0.0,Stable,Active Hiring,Loss,-11.64,2567,85.71,428,Medium
ForgeNetworks X,Media & Entertainment,United States,2023,9063,Bootstrapped,0.0,Increasing,Selective Hiring,Loss,31.91,974,10.75,8089,High
TerraWorks V,Aerospace,Canada,2023,4371,Funded,5.9,Decreasing,Hiring Freeze,Profit,15.35,893,20.44,3478,Medium
CircuitAero,Healthcare,Singapore,2022,3131,Funded,29.9,Decreasing,Selective Hiring,Loss,-4.68,401,12.81,2730,High
DriftIndustries H,Aerospace,United States,2026,4339,Bootstrapped,0.0,Increasing,Hiring Freeze,Profit,-9.95,570,13.13,3769,Low
ForgeDigital F,Finance,Canada,2023,7193,Bootstrapped,0.0,Decreasing,Selective Hiring,Loss,-35.79,6833,95.0,360,High
BeaconAero,Consumer Goods,Germany,2026,1956,Public/Post-IPO,269.4,Increasing,Active Hiring,Profit,24.44,168,8.58,1788,Low
VertexDynamics,Manufacturing,United Kingdom,2025,3933,Public/Post-IPO,221.1,Decreasing,Hiring Freeze,Loss,-20.22,1309,33.29,2624,High
BeaconRetail,Education,France,2022,416,Public/Post-IPO,303.9,Decreasing,Hiring Freeze,Profit,-32.39,108,25.94,308,Medium
KeystoneMedia H,Consumer Goods,United States,2023,231,Funded,43.6,Stable,Active Hiring,Profit,6.1,80,34.83,151,Low
TerraDigital O,Aerospace,China,2023,8471,Funded,32.3,Increasing,Active Hiring,Profit,54.62,608,7.18,7863,Low
ZenithTechnologies K,Biotech,United States,2025,620,Funded,56.0,Increasing,Selective Hiring,Profit,24.4,162,26.09,458,Medium
GraniteHoldings,Biotech,United States,2022,9632,Bootstrapped,0.0,Decreasing,Hiring Freeze,Loss,-28.35,4358,45.24,5274,High
LumenHealth W,Logistics,United States,2026,6651,Public/Post-IPO,517.9,Increasing,Hiring Freeze,Profit,31.71,1073,16.14,5578,Medium
FusionVentures,Healthcare,United States,2022,3588,Bootstrapped,0.0,Stable,Selective Hiring,Loss,-18.15,1533,42.72,2055,High
AnchorTechnologies,Telecommunications,India,2024,836,Bootstrapped,0.0,Increasing,Hiring Freeze,Profit,8.68,528,63.15,308,Medium
WaveLogistics Y,Crypto/Web3,Australia,2024,9931,Bootstrapped,0.0,Increasing,Hiring Freeze,Profit,30.26,577,5.81,9354,Low
CircuitSoftware S,Crypto/Web3,Australia,2026,5600,Public/Post-IPO,19.3,Increasing,Active Hiring,Loss,29.3,594,10.6,5006,Low
ClarityRetail D,Hardware,Israel,2025,1970,Public/Post-IPO,59.0,Stable,Hiring Freeze,Profit,-31.85,639,32.46,1331,Low
GlacierFoods P,Real Estate,United Kingdom,2022,5452,Public/Post-IPO,49.3,Decreasing,Active Hiring,Loss,-11.44,2047,37.55,3405,High
PioneerHealth,Hardware,United States,2026,8848,Funded,75.5,Increasing,Active Hiring,Loss,6.06,718,8.11,8130,Low
ForgeRobotics R,Manufacturing,United States,2024,7660,Bootstrapped,0.0,Increasing,Hiring Freeze,Loss,17.93,2342,30.58,5318,Medium
DeltaVentures,Retail,Sweden,2026,2379,Public/Post-IPO,521.2,Increasing,Hiring Freeze,Profit,37.77,3,0.13,2376,Low
VantageTechnologies,Media & Entertainment,France,2023,3060,Public/Post-IPO,27.6,Increasing,Selective Hiring,Profit,11.22,623,20.35,2437,Low
HorizonHoldings R,Real Estate,Australia,2023,6830,Public/Post-IPO,62.1,Increasing,Selective Hiring,Profit,22.94,1647,24.12,5183,Low
StellarMedia U,Retail,India,2026,2616,Funded,5.3,Increasing,Selective Hiring,Profit,18.04,203,7.77,2413,Low
ZenithDynamics,Hardware,Canada,2023,9609,Bootstrapped,0.0,Decreasing,Hiring Freeze,Loss,5.82,989,10.29,8620,High
ApexWorks Z,Crypto/Web3,Japan,2023,284,Public/Post-IPO,143.1,Decreasing,Hiring Freeze,Loss,-4.13,139,48.83,145,High
DeltaEnergy X,Logistics,United States,2025,6308,Public/Post-IPO,74.0,Decreasing,Active Hiring,Profit,-12.73,712,11.29,5596,Low
StellarVentures I,Hardware,Brazil,2025,7713,Bootstrapped,0.0,Decreasing,Hiring Freeze,Profit,-2.54,5622,72.89,2091,Medium
CobaltMotors,Hospitality,Germany,2024,9563,Public/Post-IPO,154.5,Stable,Active Hiring,Profit,8.81,585,6.12,8978,Low
CobaltWorks T,Crypto/Web3,Singapore,2026,4480,Funded,12.3,Decreasing,Hiring Freeze,Profit,10.7,1581,35.28,2899,Low
ForgeAero I,Healthcare,Germany,2022,8937,Funded,53.1,Decreasing,Active Hiring,Profit,8.44,123,1.38,8814,High
VertexMotors I,Real Estate,Netherlands,2023,2089,Public/Post-IPO,273.9,Increasing,Active Hiring,Profit,12.13,191,9.14,1898,Low
JasperHealth,Manufacturing,United States,2026,7831,Bootstrapped,0.0,Stable,Hiring Freeze,Profit,-15.79,4790,61.17,3041,Medium
GraniteMotors P,Healthcare,Australia,2026,324,Funded,16.6,Stable,Hiring Freeze,Loss,38.46,174,53.57,150,High
ClarityWorks,Real Estate,India,2024,4306,Bootstrapped,0.0,Stable,Selective Hiring,Loss,41.95,648,15.06,3658,Low
VantageSoftware C,Education,Germany,2023,6349,Bootstrapped,0.0,Increasing,Hiring Freeze,Profit,-12.81,1736,27.35,4613,High
JasperSolutions V,Aerospace,India,2024,2723,Funded,100.7,Stable,Active Hiring,Loss,11.86,759,27.86,1964,Low
DeltaDigital I,Hospitality,Poland,2024,247,Public/Post-IPO,308.0,Increasing,Active Hiring,Profit,17.67,23,9.19,224,Medium
VertexVentures,Hardware,Israel,2022,3118,Funded,33.4,Stable,Active Hiring,Loss,30.76,705,22.61,2413,Medium
QuantumGroup S,Education,United Kingdom,2025,7595,Public/Post-IPO,1019.2,Stable,Selective Hiring,Loss,6.83,763,10.05,6832,Low
PioneerAnalytics W,Media & Entertainment,United States,2024,6534,Bootstrapped,0.0,Increasing,Active Hiring,Loss,17.53,2863,43.81,3671,High
BrightAero,Crypto/Web3,Germany,2022,9509,Funded,42.2,Increasing,Active Hiring,Profit,43.32,894,9.4,8615,Low
QuantumSolutions,Retail,Germany,2024,5568,Public/Post-IPO,281.9,Decreasing,Active Hiring,Loss,23.08,139,2.49,5429,Low
LumenMotors D,Logistics,United States,2022,3518,Public/Post-IPO,1508.0,Increasing,Active Hiring,Loss,39.7,391,11.12,3127,Low
CircuitRetail T,Real Estate,India,2023,3609,Public/Post-IPO,116.6,Stable,Hiring Freeze,Loss,1.59,1645,45.57,1964,High
GraniteLabs K,Hospitality,China,2025,5827,Funded,91.6,Increasing,Hiring Freeze,Profit,36.78,628,10.78,5199,Low
SolaceCapital,Consumer Goods,United States,2024,4649,Funded,17.2,Increasing,Hiring Freeze,Profit,21.47,429,9.22,4220,Low
PioneerHoldings Y,Crypto/Web3,Germany,2026,1345,Public/Post-IPO,46.2,Increasing,Selective Hiring,Profit,22.56,123,9.16,1222,Low
RidgeSoftware X,Education,Germany,2023,4657,Funded,103.0,Decreasing,Hiring Freeze,Loss,-11.03,2212,47.5,2445,High
HorizonDigital G,Real Estate,Brazil,2023,9086,Public/Post-IPO,314.4,Increasing,Active Hiring,Profit,1.32,1562,17.19,7524,Low
PioneerMotors,Energy,Israel,2025,4977,Bootstrapped,0.0,Stable,Hiring Freeze,Profit,9.22,1585,31.85,3392,Medium
PioneerRetail O,Finance,United Kingdom,2022,9948,Bootstrapped,0.0,Stable,Hiring Freeze,Profit,39.79,3803,38.23,6145,Low
AnchorSolutions M,Logistics,China,2026,7126,Funded,9.8,Increasing,Hiring Freeze,Profit,-4.95,728,10.21,6398,Medium
DeltaFoods A,Biotech,United States,2026,7558,Bootstrapped,0.0,Decreasing,Active Hiring,Loss,-3.52,5985,79.19,1573,High
MeridianRetail C,Real Estate,United Kingdom,2023,8114,Bootstrapped,0.0,Stable,Active Hiring,Profit,1.95,1717,21.16,6397,Low
HarborEnergy D,Retail,United States,2025,6553,Funded,11.1,Increasing,Selective Hiring,Profit,17.65,1086,16.58,5467,Low
NimbusVentures X,Automotive,Brazil,2023,7879,Funded,4.4,Stable,Selective Hiring,Loss,14.28,1447,18.37,6432,Medium
HarborIndustries E,Education,United States,2026,7623,Bootstrapped,0.0,Increasing,Active Hiring,Profit,29.43,966,12.67,6657,Medium
ForgeAero K,Manufacturing,United States,2022,7295,Public/Post-IPO,151.4,Stable,Hiring Freeze,Profit,36.24,5600,76.77,1695,Medium
EmberCapital S,Aerospace,Germany,2023,2057,Public/Post-IPO,154.4,Increasing,Active Hiring,Profit,15.94,223,10.83,1834,Low
ClarityCapital Z,Biotech,Germany,2024,4812,Bootstrapped,0.0,Stable,Selective Hiring,Loss,10.48,3019,62.73,1793,Medium
HarborIndustries E,Hardware,India,2022,7524,Public/Post-IPO,391.5,Increasing,Selective Hiring,Profit,4.68,2519,33.48,5005,High
ClaritySolutions U,Manufacturing,Singapore,2026,3377,Bootstrapped,0.0,Increasing,Hiring Freeze,Profit,-6.37,795,23.53,2582,Low
BrightCapital P,Aerospace,United States,2025,6663,Funded,18.7,Decreasing,Selective Hiring,Loss,5.31,2708,40.64,3955,High
PioneerLogistics S,Technology,India,2025,6636,Public/Post-IPO,513.1,Increasing,Hiring Freeze,Profit,10.94,370,5.57,6266,Low
GraniteMedia,Biotech,United Kingdom,2023,9916,Bootstrapped,0.0,Decreasing,Selective Hiring,Loss,4.47,6972,70.31,2944,Medium
BrightWorks U,Crypto/Web3,India,2022,693,Bootstrapped,0.0,Stable,Hiring Freeze,Profit,-16.62,24,3.41,669,Low
JasperDynamics Z,Consumer Goods,United States,2025,116,Funded,3.8,Increasing,Active Hiring,Profit,34.96,28,24.11,88,Low
BrightTechnologies,Manufacturing,United Kingdom,2022,988,Funded,57.3,Stable,Active Hiring,Profit,2.09,31,3.09,957,Low
GraniteMedia K,Healthcare,United States,2022,7261,Public/Post-IPO,39.5,Stable,Selective Hiring,Profit,23.5,1425,19.63,5836,Low
WaveWorks C,Crypto/Web3,Canada,2025,371,Funded,7.9,Increasing,Hiring Freeze,Profit,-28.92,107,28.78,264,Medium
GraniteHealth,Aerospace,India,2023,5445,Bootstrapped,0.0,Increasing,Hiring Freeze,Profit,-5.0,2436,44.74,3009,Low
TundraHoldings,Real Estate,United States,2024,562,Bootstrapped,0.0,Decreasing,Hiring Freeze,Loss,-5.57,148,26.28,414,Low
PioneerIndustries G,Manufacturing,India,2023,4011,Public/Post-IPO,4940.9,Decreasing,Selective Hiring,Loss,26.48,1872,46.67,2139,High
TerraVentures X,Retail,Singapore,2022,4859,Public/Post-IPO,191.7,Increasing,Active Hiring,Profit,31.77,32,0.66,4827,Low
GlacierRobotics C,Retail,United States,2025,5764,Funded,138.2,Increasing,Hiring Freeze,Profit,35.75,1485,25.77,4279,Low
NovaIndustries,Finance,United States,2023,2998,Funded,5.3,Increasing,Hiring Freeze,Profit,26.96,284,9.46,2714,Low
DriftMotors F,Telecommunications,China,2023,7900,Funded,240.1,Decreasing,Active Hiring,Loss,-18.24,5285,66.9,2615,High
OrbitRobotics G,Education,United Kingdom,2024,5517,Funded,94.8,Decreasing,Active Hiring,Profit,6.45,2067,37.46,3450,Low
WaveSolutions D,Telecommunications,United Kingdom,2024,6329,Funded,5.2,Decreasing,Hiring Freeze,Loss,-25.24,1128,17.83,5201,High
SummitMotors J,Media & Entertainment,Canada,2022,4211,Public/Post-IPO,206.5,Decreasing,Hiring Freeze,Profit,0.04,1322,31.4,2889,Medium
DeltaHealth K,Logistics,United States,2024,9373,Bootstrapped,0.0,Stable,Active Hiring,Profit,26.75,1897,20.24,7476,Low
WaveNetworks D,Consumer Goods,United States,2026,1903,Bootstrapped,0.0,Decreasing,Active Hiring,Loss,-18.2,874,45.93,1029,High
AnchorTechnologies I,Finance,Canada,2022,3258,Funded,9.5,Decreasing,Selective Hiring,Loss,2.46,946,29.03,2312,Medium
GlacierHoldings B,Education,Israel,2022,2531,Funded,6.8,Increasing,Active Hiring,Loss,26.14,363,14.35,2168,Low
BrightCapital P,Logistics,United States,2022,2615,Funded,40.3,Increasing,Hiring Freeze,Profit,30.91,501,19.15,2114,Low
NimbusCapital,Real Estate,United States,2026,8312,Bootstrapped,0.0,Stable,Hiring Freeze,Profit,7.11,2295,27.61,6017,Low
IroncladHoldings E,Media & Entertainment,United Kingdom,2024,5620,Bootstrapped,0.0,Increasing,Active Hiring,Profit,30.01,448,7.97,5172,Low
HorizonMotors,Automotive,France,2025,7040,Public/Post-IPO,48.3,Stable,Hiring Freeze,Profit,0.77,999,14.19,6041,Medium
NovaRobotics W,Telecommunications,Canada,2025,3760,Funded,7.9,Decreasing,Hiring Freeze,Loss,-2.88,3572,95.0,188,High
EmberWorks,Aerospace,United States,2024,8229,Funded,85.3,Stable,Hiring Freeze,Profit,26.14,2570,31.23,5659,Low
LumenAnalytics R,Retail,China,2022,8011,Funded,22.1,Increasing,Selective Hiring,Profit,28.19,601,7.5,7410,Low
ClarityBio W,Hardware,Brazil,2022,6782,Bootstrapped,0.0,Stable,Active Hiring,Loss,5.15,2559,37.73,4223,Medium
StellarFoods V,Real Estate,India,2024,5492,Public/Post-IPO,111.4,Increasing,Active Hiring,Profit,12.43,184,3.35,5308,Low
StellarLabs F,Telecommunications,United Kingdom,2023,6664,Funded,60.2,Increasing,Hiring Freeze,Profit,-7.7,175,2.62,6489,Low
DeltaHealth K,Aerospace,Australia,2023,6155,Bootstrapped,0.0,Increasing,Active Hiring,Profit,-17.05,2201,35.76,3954,Low
WaveHealth F,Technology,United States,2022,319,Funded,32.0,Increasing,Active Hiring,Profit,-17.97,112,35.14,207,Medium
NimbusMedia H,Energy,Israel,2022,327,Bootstrapped,0.0,Decreasing,Hiring Freeze,Loss,-16.65,213,65.1,114,High
DeltaLogistics A,Education,France,2023,2638,Bootstrapped,0.0,Decreasing,Selective Hiring,Loss,-26.96,456,17.3,2182,High
SummitNetworks,Retail,Israel,2025,2956,Funded,19.8,Stable,Active Hiring,Loss,-18.44,471,15.94,2485,Low
CircuitAero,Healthcare,United States,2024,9626,Funded,48.2,Decreasing,Selective Hiring,Loss,-44.52,4978,51.71,4648,High
LumenBio,Biotech,Singapore,2024,6569,Public/Post-IPO,29.8,Stable,Active Hiring,Profit,14.64,574,8.74,5995,Low
PioneerCapital,Manufacturing,China,2024,2571,Bootstrapped,0.0,Increasing,Active Hiring,Profit,22.9,244,9.49,2327,Low
GlacierRobotics C,Consumer Goods,France,2025,7733,Bootstrapped,0.0,Increasing,Active Hiring,Profit,-4.63,1051,13.59,6682,Low
CircuitHealth T,Media & Entertainment,United States,2023,8432,Funded,83.1,Increasing,Selective Hiring,Profit,4.9,468,5.55,7964,Low
VantageDynamics D,Automotive,Israel,2024,2005,Bootstrapped,0.0,Decreasing,Active Hiring,Loss,-44.97,552,27.52,1453,Medium
DeltaGroup A,Retail,Israel,2023,1425,Bootstrapped,0.0,Stable,Active Hiring,Profit,12.77,100,7.04,1325,Low
MeridianMedia,Energy,United States,2023,889,Bootstrapped,0.0,Decreasing,Active Hiring,Loss,-31.55,46,5.18,843,Low
